"""Customer Provided Item"" cannot be Purchase Item also",&Quot;Artikujt e siguruar nga klienti&quot; nuk mund të jenë gjithashtu Artikulli i Blerjes
"""Customer Provided Item"" cannot have Valuation Rate",&Quot;Artikujt e siguruar nga klienti&quot; nuk mund të ketë Shkallën e Vlerësimit
"""Is Fixed Asset"" cannot be unchecked, as Asset record exists against the item","&Quot;A është e aseteve fikse&quot; nuk mund të jetë e pakontrolluar, pasi ekziston rekord Pasurive ndaj artikullit"
%  Delivered,% Dorëzuar
% Amount Billed,% Shuma faturuar
% Billed,% Faturuar
% Complete Method,% Complete Metoda
% Completed,% Kompletuar
% Installed,% Installed
% Of Grand Total,% E Totalit të Madh
% Ordered,% Urdhërohet
% Progress,% Progress
% Received,% Marra
% of materials billed against this Sales Order,% E materialeve faturuar kundër këtij Rendit Shitje
% of materials delivered against this Sales Order,% E materialeve dorëzuar kundër këtij Rendit Shitje
'Based On' and 'Group By' can not be same,"""Bazuar Në 'dhe' Grupuar nga 'nuk mund të jenë te njejta"
'Days Since Last Order' must be greater than or equal to zero,&Quot;Ditët Që Rendit Fundit&quot; duhet të jetë më e madhe se ose e barabartë me zero
'Entries' cannot be empty,&Quot;Hyrjet&quot; nuk mund të jetë bosh
'From Date' is required,&#39;Nga Data &quot;është e nevojshme
'From Date' must be after 'To Date',&#39;Nga Data &quot;duhet të jetë pas&quot; deri më sot &quot;
'Has Serial No' can not be 'Yes' for non-stock item,&#39;Nuk ka Serial&#39; nuk mund të jetë &#39;Po&#39; për jo-aksioneve artikull
'Opening',&Quot;Hapja&quot;
'To Date' is required,&Quot;Deri më sot&quot; është e nevojshme
'Update Stock' can not be checked because items are not delivered via {0},"&#39;Update Stoku &quot;nuk mund të kontrollohet, sepse sendet nuk janë dorëzuar nëpërmjet {0}"
'Update Stock' cannot be checked for fixed asset sale,&#39;Update Stoku&#39; nuk mund të kontrollohet për shitjen e aseteve fikse
(Forecast),(Parashikim)
(Hour Rate / 60) * Actual Operation Time,(Ore Rate / 60) * aktuale Operacioni Koha
(including),(Duke përfshirë)
* Will be calculated in the transaction.,* Do të llogaritet në transaksion.
1 Loyalty Points = How much base currency?,1 Pikë besueshmerie = Sa ne monedhë bazë?
1 hr,1 orë
2 Yearly,2 Vjetore
30 mins,30 minuta
6 hrs,6 orë
<b>From Time</b> cannot be later than <b>To Time</b> for {0},<b>Nga Koha</b> nuk mund të jetë më vonë se <b>Koha</b> për {0
A Customer Group exists with same name please change the Customer name or rename the Customer Group,"Një grup të konsumatorëve ekziston me të njëjtin emër, ju lutem të ndryshojë emrin Customer ose riemërtoni grup të konsumatorëve"
A Lead requires either a person's name or an organization's name,Një Udhëheqës kërkon ose emrin e një personi ose emrin e një organizate
"A Product or a Service that is bought, sold or kept in stock.","Një produkt apo një shërbim që është blerë, shitur apo mbajtur në magazinë."
A condition for a Shipping Rule,Një kusht për Sundimin Shipping
A logical Warehouse against which stock entries are made.,Një Magazina logjik kundër të cilit janë bërë të hyra të aksioneve.
A new appointment has been created for you with {0},Appointmentshtë krijuar një takim i ri për ju me {0
A third party distributor / dealer / commission agent / affiliate / reseller who sells the companies products for a commission.,Një shpërndarës i palës së tretë / tregtari / komision agjent / degë / reseller që shet produkte kompani për një komision.
A+,A +
A-,A-
A4,A4
AB+,AB +
AB-,Barkut
ACC-AML-.YYYY.-,ACC-AML-.YYYY.-
ACC-ASR-.YYYY.-,ACC-ASR-.YYYY.-
ACC-ASS-.YYYY.-,ACC-ASS-.YYYY.-
ACC-BTN-.YYYY.-,ACC-BTN-.YYYY.-
ACC-JV-.YYYY.-,ACC-JV-.YYYY.-
ACC-PAY-.YYYY.-,ACC-PAY-.YYYY.-
ACC-PINV-.YYYY.-,ACC-PINV-.YYYY.-
ACC-PINV-RET-.YYYY.-,ACC-PINV-RET-.VVVV.-
ACC-PRQ-.YYYY.-,ACC-PRQ-.YYYY.-
ACC-PSINV-.YYYY.-,ACC-PSINV-.VVVV.-
ACC-SH-.YYYY.-,ACC-SH-.YYYY.-
ACC-SINV-.YYYY.-,ACC-SINV-.YYYY.-
ACC-SINV-RET-.YYYY.-,ACC-SINV-RET-.VVVV.-
AMC Expiry Date,AMC Data e Mbarimit
API,API
API Endpoint,API Endpoint
API Key,API Key
Abbr,Abbr
Abbreviation,Shkurtim
Abbreviation already used for another company,Shkurtesa e përdorur tashmë për një kompani tjetër
Abbreviation is mandatory,Shkurtim është i detyrueshëm
About {0} minute remaining,Mbeten rreth {0} minutë
About {0} minutes remaining,Mbeten rreth {0} minuta
About {0} seconds remaining,Mbeten rreth {0} sekonda
Above,Sipër
Academics User,Akademikët User
Accepted,Pranuar
Accepted Qty,Sasia e pranuar
Accepted Quantity,Sasi të pranuar
Accepted Warehouse,Magazina pranuar
Account,Llogari
Account Balance,Bilanci i llogarisë
Account Currency,Llogaria Valuta
Account Details,Detajet e llogarise
Account Head,Shef llogari
Account Manager,Menaxher i llogarisë
Account Missing,Llogaria mungon
Account Name,Emri i llogarisë
Account Not Found,Llogaria nuk u gjet
Account Number,Numri i llogarisë
Account Number {0} already used in account {1},Numri i llogarisë {0} që përdoret tashmë në llogarinë {1}
Account Paid From,Llogaria e paguar nga
Account Paid To,Llogaria Paid To
Account Pay Only,Llogaria Pay Vetëm
Account Subtype,Nënlloji i llogarisë
Account Type,Lloji i Llogarisë
Account Value,Vlera e llogarisë
"Account balance already in Credit, you are not allowed to set 'Balance Must Be' as 'Debit'","Bilanci i llogarisë tashmë në kredi, ju nuk jeni i lejuar për të vendosur &quot;Bilanci Must Be &#39;si&#39; Debitimit &#39;"
"Account balance already in Debit, you are not allowed to set 'Balance Must Be' as 'Credit'","Bilanci i llogarisë tashmë në Debitimit, ju nuk jeni i lejuar për të vendosur &quot;Bilanci Must Be &#39;si&#39; Credit&quot;"
Account for Change Amount,Llogaria për Ndryshim Shuma
Account is mandatory to get payment entries,Llogaria është e detyrueshme për të marrë hyrje në pagesa
Account is not set for the dashboard chart {0},Llogaria nuk është e vendosur për grafikun e tabelave të tryezës {0
Account with child nodes cannot be converted to ledger,Llogaria me nyje fëmijëve nuk mund të konvertohet në Ledger
Account with child nodes cannot be set as ledger,Llogari me nyje të fëmijëve nuk mund të vendosen si librit
Account with existing transaction can not be converted to group.,Llogaria me transaksion ekzistuese nuk mund të konvertohet në grup.
Account with existing transaction can not be deleted,Llogaria me transaksion ekzistues nuk mund të fshihet
Account with existing transaction cannot be converted to ledger,Llogaria me transaksion ekzistues nuk mund të konvertohet në Ledger
Account {0} does not belong to company: {1},Llogaria {0} nuk i përkasin kompanisë: {1}
Account {0} does not belongs to company {1},Llogaria {0} nuk i takon kompanisë {1}
Account {0} does not exist,Llogaria {0} nuk ekziston
Account {0} does not exists,Llogaria {0} nuk ekziston
Account {0} does not exists in the dashboard chart {1},Llogaria {0} nuk ekziston në tabelën e pultit {1
Account {0} does not match with Company {1} in Mode of Account: {2},Llogaria {0} nuk përputhet me Kompaninë {1} në Mode e Llogarisë: {2}
Account {0} exists in parent company {1}.,Llogaria {0} ekziston në kompaninë mëmë {1}.
Account {0} has been entered multiple times,Llogaria {0} ka hyrë disa herë
Account {0} is added in the child company {1},Llogaria {0} shtohet në shoqërinë e fëmijës {1}
Account {0} is frozen,Llogaria {0} është ngrirë
Account {0} is invalid. Account Currency must be {1},Llogari {0} është i pavlefshëm. Llogaria Valuta duhet të jetë {1}
Account {0}: Parent account {1} can not be a ledger,Llogaria {0}: llogari Parent {1} nuk mund të jetë libri
Account {0}: Parent account {1} does not belong to company: {2},Llogaria {0}: llogari Parent {1} nuk i përkasin kompanisë: {2}
Account {0}: Parent account {1} does not exist,Llogaria {0}: llogari Parent {1} nuk ekziston
Account {0}: You can not assign itself as parent account,Llogaria {0}: Ju nuk mund të caktojë veten si llogari prind
Account: <b>{0}</b> is capital Work in progress and can not be updated by Journal Entry,Llogaria: <b>{0}</b> është kapital Puna në zhvillim e sipër dhe nuk mund të azhurnohet nga Journal Entry
Account: {0} can only be updated via Stock Transactions,Llogaria: {0} mund të përditësuar vetëm përmes aksionare transaksionet
Account: {0} is not permitted under Payment Entry,Llogaria: {0} nuk lejohet nën Hyrjen e Pagesave
Account: {0} with currency: {1} can not be selected,Llogaria: {0} me monedhën: {1} nuk mund të zgjidhen
Accounting,Llogaritje
Accounting Details,Detajet Kontabilitet
Accounting Dimension,Dimensioni i Kontabilitetit
Accounting Dimension <b>{0}</b> is required for 'Balance Sheet' account {1}.,Dimensioni i Kontabilitetit <b>{0}</b> kërkohet për llogarinë Bal Bilanci i gjendjes {1 {.
Accounting Dimension <b>{0}</b> is required for 'Profit and Loss' account {1}.,Dimensioni i Kontabilitetit <b>{0}</b> kërkohet për llogarinë &#39;Fitimi dhe Humbja&#39; {1.
Accounting Dimension Detail,Detaji i Dimensionit të Kontabilitetit
Accounting Dimensions,Dimensionet e Kontabilitetit
Accounting Dimensions ,Përmasat e kontabilitetit
Accounting Entries,Entries Kontabilitetit
Accounting Entry for Asset,Hyrja në Kontabilitet për Pasurinë
Accounting Entry for Service,Hyrja e Kontabilitetit për Shërbimin
Accounting Entry for Stock,Hyrja kontabilitetit për magazinë
Accounting Entry for {0}: {1} can only be made in currency: {2},Hyrja Kontabiliteti për {0}: {1} mund të bëhen vetëm në monedhën: {2}
Accounting Ledger,Ledger Kontabilitet
Accounting Period,Periudha e Kontabilitetit
Accounting Period overlaps with {0},Periudha e kontabilitetit mbivendoset me {0
Accounting entries are frozen up to this date. Nobody can create or modify entries except users with the role specified below,Regjistrimet e kontabilitetit janë ngrirë deri në këtë datë. Askush nuk mund të krijojë ose modifikojë shënimet përveç përdoruesve me rolin e specifikuar më poshtë
Accounts,Llogaritë
Accounts Frozen Till Date,Llogaritë e ngrira deri në datën
Accounts Manager,Llogaritë Menaxher
Accounts Payable,Llogaritë e pagueshme
Accounts Payable Summary,Llogaritë e pagueshme Përmbledhje
Accounts Receivable,Llogaritë e arkëtueshme
Accounts Receivable Credit Account,Llogaritë e arkëtueshme të llogarisë
Accounts Receivable Discounted Account,Llogaritë Llogaria e Zbritur e Zbritur
Accounts Receivable Summary,Llogaritë Arkëtueshme Përmbledhje
Accounts Receivable Unpaid Account,Llogaritë e arkëtueshme Llogaria e papaguar
Accounts Settings,Llogaritë Settings
Accounts User,Llogaritë përdoruesin
Accounts table cannot be blank.,Llogaritë tabelë nuk mund të jetë bosh.
Accumulated Depreciation,Zhvlerësimi i akumuluar
Accumulated Depreciation Account,Llogaria akumuluar Zhvlerësimi
Accumulated Depreciation Amount,Akumuluar Shuma Zhvlerësimi
Accumulated Depreciation as on,Amortizimin e akumuluar si në
Accumulated Monthly,Akumuluar mujore
Accumulated Values,Vlerat e Akumuluara
Accumulated Values in Group Company,Vlerat e Akumuluara në Kompaninë e Grupit
Achieved ({}),Arritet ({})
Acquisition Date,Blerja Data
Action,Veprim
Action If Quality Inspection Is Not Submitted,Veprimi nëse nuk dorëzohet inspektimi i cilësisë
Action Initialised,Fillimi i veprimit
Action if Accumulated Monthly Budget Exceeded on Actual,Veprimi në qoftë se buxheti mujor i akumuluar është tejkaluar në fakt
Action if Accumulated Monthly Budget Exceeded on MR,Veprimi në qoftë se Buxheti mujor i akumuluar është tejkaluar në MR
Action if Accumulated Monthly Budget Exceeded on PO,Veprimi në qoftë se Buxheti Mujor i Akumuluar është tejkaluar në PO
Action if Annual Budget Exceeded on Actual,Veprimi në qoftë se Buxheti Vjetor ka kaluar në Aktual
Action if Annual Budget Exceeded on MR,Veprimi në qoftë se buxheti vjetor ka kaluar në MR
Action if Annual Budget Exceeded on PO,Veprimi në qoftë se buxheti vjetor tejkalon PO
Actions,Veprimet
Actions performed,Veprimet e kryera
Active,Aktiv
Active Leads,Udhëheqjet aktive
Activities,Aktivitetet
Activity,Aktivitet
Activity Cost,Kosto Aktiviteti
Activity Cost exists for Employee {0} against Activity Type - {1},Kosto Aktiviteti ekziston për punonjësit {0} kundër Aktivizimi Tipi - {1}
Activity Cost per Employee,Aktiviteti Kosto për punonjës
Activity Type,Aktiviteti Type
Actual,Aktual
Actual Batch Quantity,Sasia Aktuale e Serisë
Actual Cost,Kostoja aktuale
Actual Date,Aktuale Data
Actual Delivery Date,Data e Dorëzimit Aktual
Actual End Date,Aktuale End Date
Actual End Date (via Timesheet),Aktuale End Date (via Koha Sheet)
Actual End Time,Aktuale Fundi Koha
Actual Operating Cost,Aktuale Kosto Operative
Actual Operation Time,Aktuale Operacioni Koha
Actual Qty,Aktuale Qty
Actual Qty (at source/target),Sasia aktuale (në burim / objektiv)
Actual Qty is mandatory,Aktuale Qty është e detyrueshme
Actual Qty {0} / Waiting Qty {1},Sasia aktual {0} / pritje Sasia {1}
Actual Qty: Quantity available in the warehouse.,Sasia aktuale: Sasia e disponueshme në depo.
Actual Quantity,Sasia aktuale
Actual Start Date,Aktuale Data e Fillimit
Actual Start Date (via Timesheet),Aktuale Start Date (via Koha Sheet)
Actual Start Time,Aktuale Koha e fillimit
Actual Time and Cost,Koha aktuale dhe kostos
Actual Time in Hours (via Timesheet),Koha aktuale (në orë)
Actual qty in stock,Qty aktuale në magazinë
Actual type tax cannot be included in Item rate in row {0},Tatimi aktual lloji nuk mund të përfshihen në normë Item në rresht {0}
Add,Shtoj
Add / Edit Prices,Add / Edit Çmimet
Add Child,Shto Fëmija
Add Comment,Shto koment
Add Customers,Shto Konsumatorët
Add Employees,Shto punonjës
Add Item,Shto Item
Add Items,Shto Items
Add Leads,Shto kryeson
Add Multiple,Shto Multiple
Add Multiple Tasks,Shto detyra të shumëfishta
Add Order Discount,Shto zbritje të porosisë
Add Participants,Shto pjesëmarrësit
Add Quote,Shto Citim
Add Sales Partners,Shtoni Partnerët e Shitjes
Add Suppliers,Shto Furnizuesit
Add Timesheets,Shto timesheets
Add Weekly Holidays,Shto Pushime Javore
Add items in the Item Locations table,Shtoni artikuj në tabelën Vendndodhjet e Artikujve
Add or Deduct,Shto ose Zbres
Add the rest of your organization as your users. You can also add invite Customers to your portal by adding them from Contacts,Shto pjesën tjetër të organizatës suaj si përdoruesit e juaj. Ju gjithashtu mund të shtoni ftojë konsumatorët për portalin tuaj duke shtuar ato nga Kontaktet
Add to Holidays,Shtoni në pushime
Add to Transit,Shto në tranzit
Add/Edit Coupon Conditions,Shto / Ndrysho Kushtet e Kuponit
Added,Shtuar
Added {0} ({1}),Shtuar {0} ({1})
Additional Cost,Kosto shtesë
Additional Costs,Kostot shtesë
Additional Details,Detaje shtesë
Additional Discount,Discount shtesë
Additional Discount Amount,Shuma shtesë e zbritjes
Additional Discount Amount (Company Currency),Shtesë Shuma Discount (Valuta Company)
Additional Discount Percentage,Përqindja shtesë e zbritjes
Additional Information,Informacion shtese
Additional Notes,Shenime shtese
Additional Operating Cost,Shtesë Kosto Operative
Additional information regarding the customer.,Informacion shtesë në lidhje me konsumatorin.
Address,Adresë
Address & Contact,Adresa &amp; Kontakt
Address & Contacts,Adresa dhe Kontaktet
Address Desc,Adresuar Përshkrimi
Address HTML,Adresa HTML
Address Line 1,Adresa Line 1
Address Line 2,Adresa Line 2
Address Name,Adresa Emri
Address and Contact,Adresa dhe Kontakt
Address and Contacts,Adresa dhe Kontakte
Address needs to be linked to a Company. Please add a row for Company in the Links table.,Adresa duhet të lidhet me një kompani. Ju lutemi shtoni një rresht për Kompaninë në tabelën Links.
Address used to determine Tax Category in transactions,Adresa e përdorur për përcaktimin e Kategorisë së Taksave në transaksione
Administrative Expenses,Shpenzimet administrative
Administrator,Administrator
Advance Account,Llogaria paraprake
Advance Amount,Advance Shuma
Advance Paid,Advance Paid
Advance Payments,Pagesat e paradhënies
Advance amount,Advance Shuma
Advance amount cannot be greater than {0} {1},Shuma paraprakisht nuk mund të jetë më i madh se {0} {1}
Advanced Settings,Cilësimet e përparuara
Advances,Përparimet
Against,Kundër
Against Account,Kundër Llogaria
Against Blanket Order,Kundër urdhrit batanije
Against Default Supplier,Kundër furnizuesit të paracaktuar
Against Delivery Note Item,Kundër Artikullit të Shënimit të Dorëzimit
Against Docname,Kundër Docname
Against Doctype,Kundër DOCTYPE
Against Document Detail No,Kundër Document Detail Jo
Against Document No,Kundër Dokumentin Nr
Against Expense Account,Kundër Llogaria shpenzimeve
Against Income Account,Kundër llogarisë së të ardhurave
Against Journal Entry {0} does not have any unmatched {1} entry,Kundër Fletoren Hyrja {0} nuk ka asnjë pashoq {1} hyrje
Against Journal Entry {0} is already adjusted against some other voucher,Kundër Fletoren Hyrja {0} është përshtatur tashmë kundër një kupon tjetër
Against Sales Invoice,Kundër Sales Faturës
Against Sales Invoice Item,Kundër Item Shitjet Faturë
Against Sales Order,Kundër Sales Rendit
Against Sales Order Item,Kundër Sales Rendit Item
Against Stock Entry,Kundër hyrjes së aksioneve
Against Voucher,Kundër Bonon
Against Voucher Type,Kundër Voucher Type
Age,Moshë
Age (Days),Mosha (Ditë)
Ageing Based On,Plakjen Bazuar Në
Agenda,Program
Agent Details,Detajet e agjentit
Agents,Agents
Agriculture Manager,Menaxheri i Bujqësisë
Agriculture User,Përdoruesi i Bujqësisë
All,ALL
All Accounts,Të gjitha llogaritë
All BOMs,Të gjitha BOM
All Contact,Të gjitha Kontakt
All Customer Contact,Të gjitha Customer Kontakt
All Customer Groups,Të gjitha grupet e konsumatorëve
All Day,Të gjitha Day
All Departments,Të gjitha Departamentet
All Employee (Active),Të gjitha Punonjës (Aktive)
All Item Groups,Të gjitha Item Grupet
All Lead (Open),Të gjitha Lead (Open)
All Sales Partner Contact,Të gjitha Sales Partner Kontakt
All Sales Person,Të gjitha Person Sales
All Supplier Contact,Të gjitha Furnizuesi Kontakt
All Supplier Groups,Të gjitha grupet e furnizuesve
All Territories,Të gjitha Territoret
All Warehouses,Të gjitha Depot
All communications including and above this shall be moved into the new Issue,Të gjitha komunikimet që përfshijnë dhe mbi këtë do të futen në Çështjen e re
All items have already been Invoiced/Returned,Të gjithë artikujt tashmë janë Faturuar / Kthyer
All items have already been transferred for this Work Order.,Të gjitha sendet tashmë janë transferuar për këtë Rendit të Punës.
All these items have already been Invoiced/Returned,Të gjithë këta artikuj tashmë janë Faturuar / Kthyer
Allocate,Alokimi
Allocate Advances Automatically (FIFO),Alokimi i përparësive automatikisht (FIFO)
Allocate Payment Amount,Alokimi Shuma e pagesës
Allocate Payment Based On Payment Terms,Alokoni pagesën bazuar në kushtet e pagesës
Allocated,Ndarë
Allocated Amount,Shuma e ndarë
Allocated amount,Shuma e ndarë
Allocated amount cannot be greater than unadjusted amount,Shuma e alokuar nuk mund të jetë më e madhe se shuma e pa rregulluar
Allocated amount cannot be negative,Shuma e alokuar nuk mund të jetë negative
Allocation,Shpërndarje
Allotted Qty,Shumën e caktuar
Allow,Lejoj
Allow Account Creation Against Child Company,Lejoni krijimin e llogarisë kundër ndërmarrjes së fëmijëve
Allow Alternative Item,Lejo artikullin alternativ
Allow In Returns,Lejo në kthim
Allow Item To Be Added Multiple Times in a Transaction,Lejo që artikulli të shtohet shumë herë në një transaksion
Allow Item to Be Added Multiple Times in a Transaction,Lejo që artikulli të shtohet shumë herë në një transaksion
Allow Material Transfer from Delivery Note to Sales Invoice,Lejoni transferimin e materialit nga fletëdërgesa te fatura e shitjeve
Allow Material Transfer from Purchase Receipt to Purchase Invoice,Lejo transferimin e materialit nga fatura e blerjes në faturën e blerjes
Allow Multiple Material Consumption,Lejo Konsumimin e Shumëfishtë të Materialeve
Allow Multiple Sales Orders Against a Customer's Purchase Order,Lejoni urdhra të shumfishtë të shitjeve kundër urdhrit të blerjes së një klienti
Allow Negative Stock,Lejo Negativ Stoku
Allow Overtime,Lejo jashtë orarit
Allow Production on Holidays,Lejo Prodhimi në pushime
Allow Purchase Invoice Creation Without Purchase Order,Lejo krijimin e faturave të blerjes pa urdhër blerjeje
Allow Purchase Invoice Creation Without Purchase Receipt,Lejo krijimin e faturave të blerjes pa faturë blerjeje
Allow Rename Attribute Value,Lejo rinumërimin e vlerës së atributeve
Allow Resetting Service Level Agreement,Lejoni rivendosjen e marrëveshjes së nivelit të shërbimit
Allow Resetting Service Level Agreement from Support Settings.,Lejoni rivendosjen e marrëveshjes së nivelit të shërbimit nga Cilësimet e mbështetjes.
Allow Sales Invoice Creation Without Delivery Note,Lejoni krijimin e faturave të shitjeve pa shënim dorëzimi
Allow Sales Invoice Creation Without Sales Order,Lejo krijimin e faturave të shitjeve pa porosi të shitjeve
Allow Stale Exchange Rates,Lejoni shkëmbimin e stale të këmbimit
Allow User to Edit Price List Rate in Transactions,Lejoni që Përdoruesi të Redaktojë Normën e Listës së Çmimeve në Transaksione
Allow Zero Valuation Rate,Lejo Zero Vlerësimit Vlerësoni
Allowed,I lejuar
Allowed To Transact With,Lejohet të transportojë me
Already record exists for the item {0},Tashmë ekziston regjistri për artikullin {0}
"Already set default in pos profile {0} for user {1}, kindly disabled default","Tashmë vendosni parazgjedhjen në pozicionin {0} për përdoruesin {1}, me mirësi default me aftësi të kufizuara"
Alternate Item,Pika Alternative
Alternative Item Code,Kodi Alternativ i Artikullit
Alternative Item Name,Emri i artikullit alternativ
Alternative item must not be same as item code,Elementi alternativ nuk duhet të jetë i njëjtë me kodin e artikullit
Amended From,Ndryshuar Nga
Amount,Sasi
Amount (Company Currency),Shuma (Kompania Valuta)
Amount Delivered,Shuma e Dorëzuar
Amount Difference,Shuma Diferenca
Amount In Figure,Shuma Në Figurën
Amount to Bill,Shuma për Bill
Amount {0} {1} against {2} {3},Shuma {0} {1} kundër {2} {3}
Amount {0} {1} deducted against {2},Shuma {0} {1} zbritur kundër {2}
Amount {0} {1} transferred from {2} to {3},Shuma {0} {1} transferuar nga {2} të {3}
Amount {0} {1} {2} {3},Shuma {0} {1} {2} {3}
Amt,Sasia
An error occurred during the update process,Gjatë procesit të azhurnimit ndodhi një gabim
Annual,Vjetor
Annual Billing: {0},Faturimi vjetore: {0}
Annual Expenses,Shpenzimet vjetore
Annual Income,Të ardhurat vjetore
Another Budget record '{0}' already exists against {1} '{2}' and account '{3}' for fiscal year {4},Një tjetër rekord i buxhetit &#39;{0}&#39; tashmë ekziston kundër {1} &#39;{2}&#39; dhe llogari &#39;{3}&#39; për vitin fiskal {4}
Another Sales Person {0} exists with the same Employee id,Një person tjetër Sales {0} ekziston me të njëjtin id punonjës
Applicable Charges,Akuzat e aplikueshme
Applicable For,Të zbatueshme për
Applicable Holiday List,Zbatueshme Lista Holiday
Applicable Modules,Modulet e zbatueshme
Applicable To (Designation),Për të zbatueshme (Përcaktimi)
Applicable To (Employee),Për të zbatueshme (punonjës)
Applicable To (Role),Për të zbatueshme (Roli)
Applicable To (User),Për të zbatueshme (User)
Applicable for Countries,Të zbatueshme për vendet
Applicable for Users,E aplikueshme për përdoruesit
Applicable for external driver,I aplikueshëm për shoferin e jashtëm
"Applicable if the company is SpA, SApA or SRL","Aplikohet nëse kompania është SpA, SApA ose SRL"
Applicable if the company is a limited liability company,Aplikohet nëse kompania është një kompani me përgjegjësi të kufizuar
Applicable if the company is an Individual or a Proprietorship,Aplikohet nëse kompania është një Individ apo Pronë
Applicable on Material Request,Aplikohet në Kërkesën Materiale
Applicable on Purchase Order,Zbatueshme në Urdhër blerjeje
Applicable on booking actual expenses,E aplikueshme për rezervimin e shpenzimeve aktuale
Application of Funds (Assets),Aplikimi i mjeteve (aktiveve)
Applied Coupon Code,Kodi i Kuponit të Aplikuar
Apply Additional Discount On,Aplikoni shtesë zbritje në
Apply Discount On,Aplikoni zbritje në
Apply Discount on Discounted Rate,Aplikoni Zbritje në Tarifën e Zbritur
Apply Discount on Rate,Aplikoni zbritje në normë
Apply Multiple Pricing Rules,Aplikoni Rregulla të Shumëfishta të Prmimeve
Apply On,Apliko On
Apply Rule On Brand,Aplikoni rregullin mbi markën
Apply Rule On Item Code,Aplikoni rregullin mbi kodin e artikullit
Apply Rule On Item Group,Aplikoni Rregullën për Grupin e Artikujve
Apply Rule On Other,Aplikoni rregullin tjetër
Apply Tax Withholding Amount,Apliko Shuma e Mbajtjes së Tatimit
Appointment,Takim
Appointment Booking Settings,Cilësimet e rezervimit të emërimeve
Appointment Booking Slots,Lojëra për prenotim prenotimesh
Appointment Confirmation,Konfirmimi i Emërimit
Appointment Details,Detajet e emërimit
Appointment Duration (In Minutes),Kohëzgjatja e emërimit (brenda minutave)
Appointment With,Emërimi Me
Approving Role (above authorized value),Miratimi Rolit (mbi vlerën e autorizuar)
Approving Role cannot be same as role the rule is Applicable To,Miratimi Rolit nuk mund të jetë i njëjtë si rolin rregulli është i zbatueshëm për
Approving User  (above authorized value),Miratimi përdoruesin (mbi vlerën e autorizuar)
Approving User cannot be same as user the rule is Applicable To,Miratimi përdoruesin nuk mund të jetë i njëjtë si përdorues rregulli është i zbatueshëm për
Area,Zonë
Area UOM,Zona UOM
Arrival Quantity,Sasia e mbërritjes
As On Date,Si në Data
As per Stock UOM,Sipas Stoku UOM
"As the field {0} is enabled, the field {1} is mandatory.","Ndërsa fusha {0} është e aktivizuar, fusha {1} është e detyrueshme."
"As the field {0} is enabled, the value of the field {1} should be more than 1.","Ndërsa fusha {0} është e aktivizuar, vlera e fushës {1} duhet të jetë më shumë se 1."
"As there are sufficient raw materials, Material Request is not required for Warehouse {0}.","Meqenëse ka lëndë të parë të mjaftueshme, Kërkesa e Materialit nuk kërkohet për Magazinë {0}."
Asset,Pasuri
Asset Account,Llogaria e Aseteve
Asset Category,Asset Category
Asset Category Account,Asset Kategoria Llogaria
Asset Category Name,Asset Category Emri
Asset Category is mandatory for Fixed Asset item,Asset Kategoria është i detyrueshëm për artikull Aseteve Fikse
Asset Depreciation Cost Center,Asset Center Zhvlerësimi Kostoja
Asset Depreciation Ledger,Zhvlerësimi i aseteve Ledger
Asset Depreciations and Balances,Nënçmime aseteve dhe Bilancet
Asset Details,Detajet e aseteve
Asset Finance Book,Libri i Financës së Aseteve
Asset Location,Vendndodhja e Aseteve
Asset Maintenance,Mirëmbajtja e Aseteve
Asset Maintenance Log,Regjistri i mirëmbajtjes së aseteve
Asset Maintenance Task,Detyra e mirëmbajtjes së aseteve
Asset Maintenance Team,Ekipi i Mirëmbajtjes së Aseteve
Asset Movement,Lëvizja e Aseteve
Asset Movement Item,Artikulli i Lëvizjes së Pasurive
Asset Movement record {0} created,Rekord Lëvizja Asset {0} krijuar
Asset Name,Emri i Aseteve
Asset Naming Series,Seria e Emërtimit të Aseteve
Asset Owner,Pronar i aseteve
Asset Owner Company,Shoqëria Pronar i Pasurisë
Asset Received But Not Billed,Pasuri e marrë por jo e faturuar
Asset Repair,Riparimi i aseteve
Asset Status,Statusi i Aseteve
Asset Value,Vlera e pasurisë
Asset Value Adjustment,Rregullimi i vlerës së aseteve
Asset Value Adjustment cannot be posted before Asset's purchase date <b>{0}</b>.,Rregullimi i vlerës së pasurisë nuk mund të postohet para datës së blerjes së pasurisë <b>{0</b> .
Asset Value Analytics,Analiza e vlerës së aseteve
"Asset cannot be cancelled, as it is already {0}","Asset nuk mund të anulohet, pasi ajo tashmë është {0}"
Asset scrapped via Journal Entry {0},Asset braktiset via Journal Hyrja {0}
"Asset {0} cannot be scrapped, as it is already {1}","Asset {0} nuk mund të braktiset, pasi ajo është tashmë {1}"
Asset {0} does not belong to company {1},Asset {0} nuk i përkasin kompanisë {1}
Asset {0} must be submitted,Asset {0} duhet të dorëzohet
Assets,Asetet
Assets not created for {0}. You will have to create asset manually.,Pasuritë nuk janë krijuar për {0}. Ju do të duhet të krijoni pasuri manualisht.
Assign To,Cakto Për
Assign to Name,Cakto në Emër
Assigned To,Caktuar për
Assignment,Detyrë
At least one mode of payment is required for POS invoice.,Të paktën një mënyra e pagesës është e nevojshme për POS faturë.
At least one of the Applicable Modules should be selected,Së paku një prej Moduleve të Aplikueshëm duhet të zgjidhet
At row #{0}: the sequence id {1} cannot be less than previous row sequence id {2},Në rreshtin # {0}: ID-ja e sekuencës {1} nuk mund të jetë më e vogël se ID-ja e sekuencës së rreshtit të mëparshëm {2}
Atleast one asset has to be selected.,Atyast një aktiv duhet të zgjidhet.
Atleast one invoice has to be selected.,Së paku duhet të zgjidhet një faturë.
Atleast one item should be entered with negative quantity in return document,Atleast një artikull duhet të lidhet me sasinë negativ në dokumentin e kthimit
Atleast one of the Selling or Buying must be selected,Atleast një nga shitjen apo blerjen duhet të zgjidhen
Atleast one warehouse is mandatory,Atleast një depo është e detyrueshme
"Attach .csv file with two columns, one for the old name and one for the new name","Bashkangjit CSV fotografi me dy kolona, njëra për emrin e vjetër dhe një për emrin e ri"
Attach custom Chart of Accounts file,Bashkangjit skedarin e llogarive me porosi
Attachment,Attachment
Attachments,Attachments
Attendance Device ID (Biometric/RF tag ID),ID e Pajisjes së Pjesëmarrjes (ID biometrike / RF e etiketës RF)
Attribute,Atribut
Attribute Name,Atribut Emri
Attribute Value,Atribut Vlera
Attribute table is mandatory,Tabela atribut është i detyrueshëm
Attribute {0} selected multiple times in Attributes Table,Atribut {0} zgjedhur disa herë në atributet Tabelën
Attributes,Atributet
Auditor,Revizor
Authentication Failed,Autentifikimi dështoi
Authorised By,Autorizuar nga
Authorization Control,Kontrolli Autorizimi
Authorization Rule,Rregulla Autorizimi
Authorized Signatory,Nënshkrues i autorizuar
Authorized Value,Vlera e autorizuar
Auto Create Assets on Purchase,Krijoni mjete automatike në blerje
Auto Created,Krijuar automatikisht
Auto Fetch,Merr automatikisht
Auto Material Request,Auto materiale Kërkesë
Auto Material Requests Generated,Kërkesat Auto Materiale Generated
Auto Name,Emri Auto
Auto Opt In (For all customers),Auto Opt In (Për të gjithë konsumatorët)
Auto Repeat,Repeat automatikisht
Auto Repeat Detail,Detyrimi i përsëritjes automatike
Auto re-order,Auto ri-qëllim
Auto repeat document updated,Dokumenti i përsëritjes automatike përditësohej
Automatically Add Taxes and Charges from Item Tax Template,Shtoni automatikisht taksat dhe tarifat nga modeli i taksave të artikujve
Automatically Create New Batch,Automatikisht Krijo grumbull të ri
Automatically Process Deferred Accounting Entry,Përpunoni automatikisht hyrjen e kontabilitetit të shtyrë
Availability Of Slots,Disponueshmëria e lojëra elektronike
Available,Në dispozicion
Available Batch Qty at From Warehouse,Në dispozicion Qty Batch në nga depo
Available Batch Qty at Warehouse,Batch dispozicion Qty në Magazina
Available For Use Date,Në dispozicion për data e përdorimit
Available Qty,Qty në dispozicion
Available Qty at Source Warehouse,Qty në dispozicion në burim Magazina
Available Qty at WIP Warehouse,Qty në dispozicion në WIP Magazina
Available Qty at Warehouse,Qty në dispozicion në magazinë
Available Quantity,Sasia e disponueshme
Available Stock,Stoku i disponueshëm
Available Stock for Packing Items,Stoku dispozicion për Items Paketimi
Available for use date is required,Kërkohet data e përdorimit
"Available quantity is {0}, you need {1}","Sasia e disponueshme është {0, keni nevojë për {1"
Available {0},Në dispozicion {0}
Available-for-use Date,Data e disponueshme për përdorim
Available-for-use Date should be after purchase date,Data e disponueshme për përdorim duhet të jetë pas datës së blerjes
Average Age,Mesatare Moshë
Average Commission Rate,Mesatare Rate Komisioni
Average Discount,Discount mesatar
Average Rate,Norma mesatare
Average Response Time,Koha mesatare e përgjigjes
Average time taken by the supplier to deliver,Koha mesatare e marra nga furnizuesi për të ofruar
Avg Daily Outgoing,Avg Daily largohet
Avg. Buying Price List Rate,Avg. Blerja e çmimit të listës së çmimeve
Avg. Selling Price List Rate,Avg. Shitja e Çmimit të Çmimeve të Listës
Avg. Selling Rate,Avg. Shitja Rate
B+,B +
B-,B-
BOM,BOM
BOM 1,BOM 1
BOM 1 {0} and BOM 2 {1} should not be same,BOM 1 {0} dhe BOM 2 {1} nuk duhet të jenë të njëjta
BOM 2,BOM 2
BOM Comparison Tool,Mjet për krahasimin e BOM
BOM Detail No,Bom Detail Asnjë
BOM Explorer,Explorer BOM
BOM Explosion Item,Bom Shpërthimi i artikullit
BOM ID,ID e BOM-it
BOM Item,Bom Item
BOM No,Bom Asnjë
BOM No. for a Finished Good Item,BOM Jo për një artikull përfundoi mirë
BOM Operation,Bom Operacioni
BOM Operations Time,Koha e veprimeve të BOM
BOM Qty,BOM Qty
BOM Rate,Bom Rate
BOM Scrap Item,BOM Scrap Item
BOM Search,Bom Kërko
BOM Stock Calculated,Aksionet e BOM llogariten
BOM Stock Report,BOM Stoku Raporti
BOM Update Tool,BOM Update Tool
BOM Variance Report,Raporti i variancës së BOM
BOM Website Item,BOM Website Item
BOM Website Operation,BOM Website Operacioni
BOM and Manufacturing Quantity are required,BOM dhe Prodhim Sasi janë të nevojshme
BOM does not contain any stock item,BOM nuk përmban ndonjë artikull aksioneve
BOM recursion: {0} cannot be child of {1},Rekursimi i BOM: {0} nuk mund të jetë fëmijë i {1
BOM {0} does not belong to Item {1},BOM {0} nuk i përket Item {1}
BOM {0} must be active,BOM {0} duhet të jetë aktiv
BOM {0} must be submitted,BOM {0} duhet të dorëzohet
Backdated Stock Entry,Hyrja e aksioneve me datë
Backflush Raw Materials,Lëndët e para Backflush
Backflush Raw Materials Based On,Backflush të lëndëve të para në bazë të
Backflush Raw Materials From Work-in-Progress Warehouse,Materialet e papërpunuara nga magazina në punë
Backflush Raw Materials of Subcontract Based On,Materiale të papërpunuara të nënkontraktuara të bazuara
Balance,Ekuilibër
Balance (Dr - Cr),Bilanci (Dr - Cr)
Balance ({0}),Bilanci ({0})
Balance In Account Currency,Bilanci në monedhën e llogarisë
Balance In Base Currency,Bilanci në monedhën bazë
Balance Qty,Bilanci Qty
Balance Serial No,Nr. I Serisë së Bilancit
Balance Sheet,Bilanci i gjendjes
Balance Value,Vlera e Bilancit
Balance for Account {0} must always be {1},Gjendjen e llogarisë {0} duhet të jetë gjithmonë {1}
Balance must be,Bilanci duhet të jetë
Bank,Banka
Bank / Cash Account,Llogarisë Bankare / Cash
Bank A/C No.,Banka A / C Nr
Bank Account,Llogarisë Bankare
Bank Account Details,Detajet e llogarisë bankare
Bank Account Info,Informacioni i llogarisë bankare
Bank Account No,Llogaria bankare nr
Bank Account Subtype,Nënlloji i llogarisë bankare
Bank Account Type,Lloji i llogarisë bankare
Bank Accounts,Llogaritë bankare
Bank Balance,Bilanci bankë
Bank Charges,Tarifat bankare
Bank Charges Account,Llogaria e tarifave bankare
Bank Clearance,Pastrimi i bankës
Bank Clearance Detail,Detaji i pastrimit të bankës
Bank Clearance Summary,Pastrimi Përmbledhje Banka
Bank Credit Balance,Bilanci i kredisë bankare
Bank Details,Te dhenat e Bankes
Bank Draft,Draft Bank
Bank Entry,Banka Hyrja
Bank Guarantee,Garanci bankare
Bank Guarantee Number,Bank Numri Guarantee
Bank Guarantee Type,Lloji i Garancisë Bankare
Bank Name,Emri i bankes
Bank Overdraft Account,Llogaria Overdraft Banka
Bank Reconciliation Statement,Deklarata Banka Pajtimit
Bank Statement balance as per General Ledger,Balanca Deklarata Banka sipas Librit Kryesor
Bank Transaction,Transaksion bankar
Bank Transaction Mapping,Hartimi i transaksioneve bankare
Bank Transaction Payments,Pagesat e transaksionit bankar
Bank account cannot be named as {0},Llogari bankare nuk mund të quhet si {0}
Bank account {0} already exists and could not be created again,Llogaria bankare {0} tashmë ekziston dhe nuk mund të krijohet përsëri
Bank accounts added,Llogaritë bankare u shtuan
Bank transaction creation error,Gabim në krijimin e transaksioneve bankare
Banking,Bankar
Barcode,Barcode
Barcode Type,Tipi i Barcode
Barcode {0} already used in Item {1},Barkodi {0} përdorur tashmë në pikën {1}
Barcode {0} is not a valid {1} code,Barkodi {0} nuk është një kod valid {1}
Barcodes,Barcodes
Base Amount (Company Currency),Base Shuma (Company Valuta)
Base Change Amount (Company Currency),Base Ndryshimi Shuma (Company Valuta)
Base Hour Rate(Company Currency),Base Hour Vlerësoni (Company Valuta)
Base URL,URL bazë
Based On,Bazuar në
Based On Data ( in years ),Bazuar në të dhëna (në vite)
Based On Document,Bazuar në dokument
Based On Payment Terms,Bazuar në Kushtet e Pagesës
Based On Price List,Bazuar në Listën e Çmimeve
Basic Amount,Shuma bazë
Basic Amount (Company Currency),Shuma Basic (Company Valuta)
Basic Rate (Company Currency),Norma bazë (Kompania Valuta)
Basic Rate (as per Stock UOM),Norma bazë (sipas Stoku UOM)
Batch,Grumbull
Batch Description,Batch Përshkrim
Batch Details,Detajet e Serisë
Batch ID,ID Batch
Batch ID is mandatory,Grumbull ID është i detyrueshëm
Batch Item Expiry Status,Batch Item Status skadimit
Batch No,Batch Asnjë
Batch Number Series,Seritë e Serisë së Serisë
Batch Quantity,Sasia e tufës
Batch Size,Madhësia e grupit
Batch UOM,Grumbulli UOM
Batch {0} of Item {1} has expired.,Batch {0} i artikullit {1} ka skaduar.
Batch {0} of Item {1} is disabled.,Grupi {0} i Item {1} është i çaktivizuar.
Batch-Wise Balance History,Batch-urti Historia Bilanci
Before reconciliation,Para se të pajtimit
Begin On (Days),Filloni (Ditët)
Bill Date,Bill Data
Bill No,Bill Asnjë
Bill of Materials,Bill e materialeve
Billable Hours,Orari i faturimit
Billed,Faturuar
Billed Amount,Shuma e faturuar
Billed Amt,Faturuar Amt
Billed Qty,Fatja e faturuar
Billing Address,Faturimi Adresa
Billing Address Name,Faturimi Adresa Emri
Billing Amount,Shuma Faturimi
Billing City,Faturimi i qytetit
Billing Country,Faturimi Vendi
Billing County,County Billing
Billing Currency,Faturimi Valuta
Billing Date,Data e faturimit
Billing Details,Detajet e faturimit
Billing Email,Emaili i faturimit
Billing Hours,Faturimit Hours
Billing Interval,Intervali i faturimit
Billing Interval Count,Numërimi i intervalit të faturimit
Billing Interval Count cannot be less than 1,Numri i intervalit të faturimit nuk mund të jetë më pak se 1
Billing Rate,Rate Faturimi
Billing State,Shteti Faturimi
Billing Status,Faturimi Statusi
Billing Zipcode,Fatura Zipcode
Billing currency must be equal to either default company's currency or party account currency,Monedha e faturimit duhet të jetë e barabartë me monedhën e parave të kompanisë ose monedhën e llogarisë së partisë
Bin,Bin
Bio / Cover Letter,Bio / Letër Cover
Black,E zezë
Blanket Order,Urdhri për batanije
Blanket Order Item,Njësia e Renditjes së Blankeve
Blanket Order Rate,Shkalla e Renditjes së Blankeve
Block Invoice,Blloko faturën
Block Supplier,Furnizuesi i bllokut
Blog Subscriber,Blog Subscriber
Blood Group,Grup gjaku
Blue,Blu
Body,Trup
Body Text,Teksti i trupit
Body and Closing Text Help,Ndihma për trupin dhe tekstin mbyllës
Book Appointment,Emërimi i librit
Book Asset Depreciation Entry Automatically,Zhvlerësimi Book Asset Hyrja Automatikisht
Book Deferred Entries Based On,Regjistrimet e shtyra të librit bazuar në
Book Deferred Entries Via Journal Entry,Libri Regjistrimet e Shtyra përmes Hyrjes në Fletore
Booked,I rezervuar
Booked Fixed Asset,Rezerva e aseteve fikse
Both,Të dyja
Both Trial Period Start Date and Trial Period End Date must be set,Duhet të përcaktohet si data e fillimit të periudhës së gjykimit dhe data e përfundimit të periudhës së gjykimit
Branch,Degë
Branch Code,Kodi i degës
Brand,Markë
Brand Defaults,Default e markës
Brand Name,Brand Name
Breakdown,Avari
Browse BOM,Shfleto BOM
Budget,Buxhet
Budget Account,Llogaria buxheti
Budget Accounts,Llogaritë e buxhetit
Budget Against,Kundër buxheti
Budget Amount,Shuma buxheti
Budget Detail,Detail Buxheti
Budget List,Lista e buxhetit
Budget Variance Report,Buxheti Varianca Raport
Budget cannot be assigned against Group Account {0},Buxheti nuk mund të caktohet kundër Llogaria Grupit {0}
"Budget cannot be assigned against {0}, as it's not an Income or Expense account","Buxheti nuk mund të caktohet {0} kundër, pasi kjo nuk është një llogari të ardhura ose shpenzime"
Budgets,Buxhetet
Build,Ndërtime
Buildings,Ndërtesat
Bundle Qty,Pako Qty
Busy,I zënë
Buy,Blej
Buyer of Goods and Services.,Blerësi i mallrave dhe shërbimeve.
Buying,Blerje
Buying Amount,Blerja Shuma
Buying Price List,Lista e Çmimeve të Blerjes
Buying Rate,Shkalla e Blerjes
Buying Settings,Blerja Cilësimet
"Buying must be checked, if Applicable For is selected as {0}","Blerja duhet të kontrollohet, nëse është e aplikueshme për të është zgjedhur si {0}"
By {0},Nga {0}
Bypass Credit Limit Check at Sales Order,Kufizo limitin e kreditit në Urdhërin e Shitjes
CANCELLED,Anullohen
CC,CC
CC To,CC Për
CRM,CRM
CRM-LEAD-.YYYY.-,CRM-LEAD-.YYYY.-
CRM-OPP-.YYYY.-,CRM-OPP-.YYYY.-
CUST-.YYYY.-,Kons-.YYYY.-
CWIP Account,Llogaria CWIP
Calculate Based On,Llogaritur bazuar në
Calculate Depreciation,Llogaritni Zhvlerësimin
Calculate Estimated Arrival Times,Llogarit kohët e arritura të mbërritjes
Calculated Bank Statement balance,Llogaritur Banka bilanci Deklarata
Calculations,Llogaritjet
Calendar Event,Ngjarja e Kalendarit
Calibration,Kalibrim
Call Connected,Thirrni i lidhur
Call Details,Detajet e Thirrjes
Call Duration in seconds,Kohëzgjatja e telefonatës në sekonda
Call Log,Log Log
Call Missed,Thirrja mungoi
Call Summary,Përmbledhje telefonate
Call Summary Saved,Përmbledhja e telefonatës është ruajtur
Campaign,Fushatë
Campaign Efficiency,Efikasiteti fushatë
Campaign Email Schedule,Programi i postës elektronike të fushatës
Campaign Name,Emri fushatë
Campaign Naming By,Emërtimi Fushata By
Campaign Schedules,Programet e fushatës
Can be approved by {0},Mund të miratohet nga {0}
"Can not filter based on Cashier, if grouped by Cashier","Nuk mund të filtrohet bazuar në Arkën, nëse grupohet nga Arkëtari"
"Can not filter based on Customer, if grouped by Customer","Nuk mund të filtrohet në bazë të Klientit, nëse grupohet nga Konsumatori"
"Can not filter based on POS Profile, if grouped by POS Profile","Nuk mund të filtrohet bazuar në Profilin e POS, nëse grupohet nga Profili i POS"
"Can not filter based on Payment Method, if grouped by Payment Method","Nuk mund të filtrohet bazuar në mënyrën e pagesës, nëse grupohet sipas mënyrës së pagesës"
"Can not filter based on Voucher No, if grouped by Voucher","Nuk mund të filtruar në bazë të Voucher Jo, qoftë të grupuara nga Bonon"
Can only make payment against unbilled {0},Vetëm mund të bëni pagesën kundër pafaturuar {0}
Can refer row only if the charge type is 'On Previous Row Amount' or 'Previous Row Total',Mund t&#39;i referohet rresht vetëm nëse tipi është ngarkuar &quot;Për Previous Shuma Row &#39;ose&#39; Previous Row Total&quot;
Cancel,Anuloj
Cancel At End Of Period,Anulo në fund të periudhës
Cancel Material Visit {0} before cancelling this Warranty Claim,Cancel materiale Vizitoni {0} para se anulimi këtë kërkuar garancinë
Cancel Material Visits {0} before cancelling this Maintenance Visit,Anuloje Vizitat Materiale {0} para anulimit të kësaj vizite Mirëmbajtja
Cancel Subscription,Anulo abonimin
Cancel Subscription After Grace Period,Anulo pajtimin pas periudhës së hirit
Cancelation Date,Data e anulimit
Canceled,Anuluar
Cancelled,ANULOHET
Cannot Calculate Arrival Time as Driver Address is Missing.,Nuk mund të llogaritet koha e mbërritjes pasi mungon Adresa e Shoferit.
Cannot Optimize Route as Driver Address is Missing.,Nuk mund të Optimizohet Rruga pasi Adresa e Shoferit mungon.
Cannot Relieve Employee,Nuk mund të lehtësojë punonjësin
Cannot be a fixed asset item as Stock Ledger is created.,Nuk mund të jetë një element i aseteve fikse si Ledger Stoku është krijuar.
Cannot cancel because submitted Stock Entry {0} exists,"Nuk mund të anulojë, sepse paraqitet Stoku Hyrja {0} ekziston"
Cannot cancel this document as it is linked with submitted asset {0}. Please cancel it to continue.,Ky dokument nuk mund të anulohet pasi është i lidhur me aktivin e paraqitur {0}. Ju lutemi anulojeni atë për të vazhduar.
Cannot cancel transaction for Completed Work Order.,Nuk mund të anulohet transaksioni për Urdhrin e Përfunduar të Punës.
Cannot change Attributes after stock transaction. Make a new Item and transfer stock to the new Item,Nuk mund të ndryshojë atributet pas transaksionit të aksioneve. Bëni një artikull të ri dhe transferoni stokun në artikullin e ri
Cannot change Fiscal Year Start Date and Fiscal Year End Date once the Fiscal Year is saved.,Nuk mund të ndryshojë fiskale Viti Fillimit Data dhe viti fiskal End Date herë Viti fiskal është ruajtur.
Cannot change Service Stop Date for item in row {0},Nuk mund të ndryshojë Data e ndalimit të shërbimit për artikullin në rresht {0}
Cannot change Variant properties after stock transaction. You will have to make a new Item to do this.,Nuk mund të ndryshojë pronat e variantit pas transaksionit të aksioneve. Ju do të keni për të bërë një artikull të ri për ta bërë këtë.
"Cannot change company's default currency, because there are existing transactions. Transactions must be cancelled to change the default currency.","Nuk mund të ndryshojë monedhën parazgjedhje kompanisë, sepse ka transaksione ekzistuese. Transaksionet duhet të anulohet për të ndryshuar monedhën default."
Cannot convert Cost Center to ledger as it has child nodes,Nuk mund të konvertohet Qendra Kosto të librit si ajo ka nyje fëmijë
Cannot covert to Group because Account Type is selected.,Nuk mund të fshehta të grupit për shkak Tipi Llogarisë është zgjedhur.
Cannot create a Delivery Trip from Draft documents.,Nuk mund të krijojë një Udhëtim Dorëzimi nga Draft dokumentet.
Cannot deactivate or cancel BOM as it is linked with other BOMs,Nuk mund të çaktivizuar ose të anulojë bom si ajo është e lidhur me BOM-in e tjera
"Cannot declare as lost, because Quotation has been made.","Nuk mund të deklarojë si të humbur, sepse Kuotim i është bërë."
Cannot deduct when category is for 'Valuation' or 'Valuation and Total',Nuk mund të zbres kur kategori është për &#39;vlerësimit&#39; ose &#39;Vlerësimit dhe Total &quot;
"Cannot delete Serial No {0}, as it is used in stock transactions","Nuk mund të fshini serial {0}, ashtu siç është përdorur në transaksionet e aksioneve"
Cannot ensure delivery by Serial No as Item {0} is added with and without Ensure Delivery by Serial No.,Nuk mund të sigurohet dorëzimi me Nr Serial pasi Artikulli {0} shtohet me dhe pa Siguruar Dorëzimin nga Nr.
Cannot find Item with this Barcode,Nuk mund të gjendet artikulli me këtë barkod
Cannot produce more Item {0} than Sales Order quantity {1},Nuk mund të prodhojë më shumë Item {0} se sasia Sales Rendit {1}
Cannot refer row number greater than or equal to current row number for this Charge type,"Nuk mund t&#39;i referohet numrit rresht më të madhe se, ose të barabartë me numrin e tanishëm rresht për këtë lloj Ngarkesa"
Cannot select charge type as 'On Previous Row Amount' or 'On Previous Row Total' for first row,Nuk mund të zgjidhni llojin e ngarkuar si &quot;Për Shuma Previous Row &#39;ose&#39; Në Previous Row Total&quot; për rreshtin e parë
Cannot set as Lost as Sales Order is made.,Nuk mund të vendosur si Humbur si Sales Order është bërë.
Cannot set authorization on basis of Discount for {0},Nuk mund të vendosni autorizim në bazë të zbritje për {0}
Cannot set multiple Item Defaults for a company.,Nuk mund të caktojë shuma të caktuara të objekteve për një kompani.
Cannot set quantity less than delivered quantity,Nuk mund të përcaktohet sasi më e vogël se sasia e dorëzuar
Cannot set quantity less than received quantity,Nuk mund të caktohet sasi më e vogël se sasia e marrë
Cannot set the field <b>{0}</b> for copying in variants,Nuk mund të caktohet fusha <b>{0}</b> për kopjimin e varianteve
Capacity,Kapacitet
Capacity Planning,Planifikimi i kapacitetit
"Capacity Planning Error, planned start time can not be same as end time","Gabimi i planifikimit të kapacitetit, koha e planifikuar e fillimit nuk mund të jetë e njëjtë me kohën e përfundimit"
Capacity Planning For (Days),Planifikimi i kapaciteteve për (ditë)
Capital Equipments,Pajisje Kapitale
Capital Stock,Capital Stoku
Capital Work In Progress Account,Llogaria e punës së kapitalit në progres
Capital Work in Progress,Puna në zhvillim e sipër
Cards,Letra
Cash,Para
Cash Entry,Hyrja Cash
Cash Flow,Cash Flow
Cash Flow Statement,Pasqyra Cash Flow
Cash Flow from Financing,Cash Flow nga Financimi
Cash Flow from Investing,Cash Flow nga Investimi
Cash Flow from Operations,Cash Flow nga operacionet
Cash In Hand,Para në dorë
Cash or Bank Account is mandatory for making payment entry,Cash ose Banka Llogaria është e detyrueshme për të bërë hyrjen e pagesës
Cash/Bank Account,Cash / Llogarisë Bankare
Cashier,Arkëtar
Cashier Closing,Mbyllja e arkës
Cashier Closing Payments,Pagesat mbyllëse të arkës
Catch All,Kap të gjitha
Category,Kategori
Category Name,Kategoria Emri
Category-wise Asset Value,Vlera e Aseteve sipas kategorisë
Caution,Kujdes
Cellphone Number,Numri i celularit
Certificate,Certifikata
Certificate Details,Detajet e Certifikatës
Certificate Limit,Kufiri i Certifikatës
Certificate No,Certifikata Nr
Certificate Required,Certifikata e kërkuar
Change Amount,Ndryshimi Shuma
Change Release Date,Ndrysho datën e lëshimit
Change the account type to Receivable or select a different account.,Ndryshoni llojin e llogarisë në të arkëtueshme ose zgjidhni një llogari tjetër.
Change this date manually to setup the next synchronization start date,Ndryshoni këtë datë me dorë për të konfiguruar datën e ardhshme të fillimit të sinkronizimit
Changes in {0},Ndryshimet në {0
Changing Customer Group for the selected Customer is not allowed.,Ndryshimi i Grupit të Klientit për Klientin e përzgjedhur nuk është i lejuar.
Channel Partner,Channel Partner
Chargeable,I dënueshëm
Chargeble,Chargeble
Charges Incurred,Ngarkesat e kryera
Charges are updated in Purchase Receipt against each item,Akuzat janë përditësuar në pranimin Blerje kundër çdo send
"Charges will be distributed proportionately based on item qty or amount, as per your selection","Akuzat do të shpërndahen në mënyrë proporcionale në bazë të Qty pika ose sasi, si për zgjedhjen tuaj"
Chart,Tabelë
Chart Of Accounts Template,Chart e Llogarive Stampa
Chart Preview,Paraprakisht Grafiku
Chart Tree,Pema e grafikut
Chart of Accounts,Grafiku i llogarive
Chart of Accounts Importer,Importuesi i Listës së Llogarive
Chart of Cost Centers,Grafiku i Qendrave te Kostos
Charts Based On,Listat e Bazuara në
Chassis No,Shasia No
Chat,Bisedë
Check Supplier Invoice Number Uniqueness,Kontrolloni Furnizuesi faturës Numri Unike
Check if Asset requires Preventive Maintenance or Calibration,Kontrolloni nëse Aseti kërkon mirëmbajtje parandaluese ose kalibrim
Check if it is a hydroponic unit,Kontrolloni nëse është njësi hidroponike
Check if material transfer entry is not required,Kontrolloni nëse hyrja transferimi material nuk është e nevojshme
Check in (group),Kontrolloni në (grupi)
Check this to disallow fractions. (for Nos),Kontrolloni këtë për të moslejuar fraksionet. (Për Nos)
Checkout,Arkë
Checkout Order / Submit Order / New Order,Porosia e blerjes / Dorëzimi i porosisë / Porosia e re
Cheque,Çek
Cheque Date,Çek Data
Cheque Height,Çek Lartësia
Cheque Number,Numri çek
Cheque Print Template,Çek Print Template
Cheque Size,Çek Size
Cheque Width,Gjerësia çek
Cheque/Reference Date,Çek / Reference Data
Cheque/Reference No,Çek / Reference No
Cheques Required,Verifikimet e kërkuara
Cheques and Deposits incorrectly cleared,Çeqet dhe Depozitat pastruar gabimisht
Child Docname,Dokumenti për fëmijë
Child Task exists for this Task. You can not delete this Task.,Detyra e fëmijës ekziston për këtë detyrë. Nuk mund ta fshish këtë detyrë.
Child nodes can be only created under 'Group' type nodes,Nyjet e fëmijëve mund të krijohen vetëm me nyje të tipit &#39;Grupit&#39;
Child warehouse exists for this warehouse. You can not delete this warehouse.,Depo Child ekziston për këtë depo. Ju nuk mund të fshini këtë depo.
Circular Reference Error,Qarkorja Referenca Gabim
City,Qytet
Class / Percentage,Klasa / Përqindja
Classification of Customers by region,Klasifikimi i Konsumatorëve sipas rajonit
Clauses and Conditions,Klauzola dhe Kushtet
Clear,Qartë
Clear Table,Tabela e qartë
Clearance Date,Pastrimi Data
Clearance Date not mentioned,Pastrimi Data nuk përmendet
Clearance Date updated,Pastrimi Date updated
Click on Import Invoices button once the zip file has been attached to the document. Any errors related to processing will be shown in the Error Log.,Klikoni në butonin Importi Faturat pasi skedari zip të jetë bashkangjitur në dokument. Anydo gabim në lidhje me përpunimin do të tregohet në Regjistrin e Gabimeve.
Click on the link below to verify your email and confirm the appointment,Klikoni në lidhjen më poshtë për të verifikuar emailin tuaj dhe për të konfirmuar takimin
Client,Klient
Close,Afër
Close Issue After Days,Mbylle Issue pas ditë
Close Loan,Kredi e Mbyllur
Close the POS,Mbyllni POS
Closed,Mbyllur
Closed Document,Dokumenti i Mbyllur
Closed Documents,Dokumentet e Mbyllura
Closed order cannot be cancelled. Unclose to cancel.,Mënyrë të mbyllura nuk mund të anulohet. Hap për të anulluar.
Closing (Cr),Mbyllja (Cr)
Closing (Dr),Mbyllja (Dr)
Closing (Opening + Total),Mbyllja (Hapja + Gjithsej)
Closing Account Head,Mbyllja Shef Llogaria
Closing Account {0} must be of type Liability / Equity,Llogarisë {0} Mbyllja duhet të jetë e tipit me Përgjegjësi / ekuitetit
Closing Amount,Shuma e mbylljes
Closing Balance,Bilanci i mbylljes
Closing Date,Data e mbylljes
Closing Text,Teksti mbyllës
Code,Kod
Collapse All,Collapse All
Collect Progress,Mblidhni progresin
Collection Factor (=1 LP),Faktori i grumbullimit (= 1 LP)
Collection Rules,Rregullat e mbledhjes
Collection Tier,Koleksioni Tier
Color,Ngjyrë
Colour,Ngjyra
Column in Bank File,Kolona në Dosjen e Bankës
Column {0},Kolona {0
Combined invoice portion must equal 100%,Pjesa e kombinuar e faturës duhet të jetë e barabartë me 100%
Comments,Komente
Commercial,Komercial
Commission,Komision
Commission Rate,Rate Komisioni
Commission Rate %,Shkalla e Komisionit%
Commission Rate (%),Vlerësoni komision (%)
Commission on Sales,Komisioni për shitje
Communication,Komunikim
Communication Medium,Komunikimi Medium
Communication Medium Timeslot,Koha e mesme e komunikimit
Communication Medium Type,Lloji i mesëm i komunikimit
Compact Item Print,Compact Item Print
Companies,Kompanitë
Company,Kompani
Company Abbreviation,Shkurtesa kompani
Company Abbreviation cannot have more than 5 characters,Shkurtimi i kompanisë nuk mund të ketë më shumë se 5 karaktere
Company Account,Llogaria e ndërmarrjes
Company Address,Adresa e kompanise
Company Address Name,Adresa e Kompanisë Emri
Company Bank Account,Llogaria bankare e kompanisë
Company Description,Përshkrimi i kompanisë
Company Description for website homepage,Përshkrimi i kompanisë për faqen e internetit
Company Email,Kompania Email
Company Logo,Logo e kompanisë
Company Name,Emri i kompanisë
Company Name cannot be Company,Emri i kompanisë nuk mund të jetë i kompanisë
Company Not Linked,Kompania nuk është e lidhur
Company Tagline for website homepage,Kompania Tagline për faqen e internetit
Company currencies of both the companies should match for Inter Company Transactions.,Monedhat e kompanisë të të dy kompanive duhet të përputhen me Transaksionet e Ndërmarrjeve Ndër.
Company field is required,Kërkohet fusha e kompanisë
Company is manadatory for company account,Kompania është manaduese për llogarinë e kompanisë
Company name not same,Emri i kompanisë nuk është i njëjtë
Company of asset {0} and purchase document {1} doesn't matches.,Kompania e pasurisë {0} dhe dokumenti i blerjes {1} nuk përputhen.
Company registration numbers for your reference. Tax numbers etc.,Numrat e regjistrimit kompani për referencë tuaj. Numrat e taksave etj
Company {0} does not exist,Kompania {0} nuk ekziston
Complete,I plotë
Completed,I përfunduar
Completed By,Përfunduar nga
Completed Operation,Operacioni i përfunduar
Completed Qty,Kompletuar Qty
Completed Qty cannot be greater than 'Qty to Manufacture',Sasia e përfunduar nuk mund të jetë më e madhe se &#39;Sasia për Prodhim&#39;
Completed Quantity,Sasia e kompletuar
Completed Work Orders,Urdhrat e Kompletuara të Punës
Completion,Përfundimi
Completion By,Përfundimi nga
Completion Date,Data e përfundimit
Completion Status,Përfundimi Statusi
Comprehensive Insurance,Sigurimi Gjithëpërfshirës
Computer,Kompjuter
Condition,Kusht
Conditions will be applied on all the selected items combined. ,Kushtet do të zbatohen në të gjitha sendet e zgjedhura të kombinuara.
Configuration,Konfigurimi
Configure the default Price List when creating a new Purchase transaction. Item prices will be fetched from this Price List.,Konfiguroni Listën e Çmimeve të paracaktuar kur krijoni një transaksion të ri Blerjeje. Çmimet e artikujve do të merren nga kjo Lista e Çmimeve.
Confirmation Date,Konfirmimi Data
Consider Accounting Dimensions,Merrni parasysh dimensionet e kontabilitetit
Consider Tax or Charge for,Konsideroni tatimit apo detyrimit për
Consolidated,E konsoliduar
Consolidated Credit Note,Krediti i Konsoliduar
Consolidated Financial Statement,Pasqyra Financiare e Konsoliduar
Consolidated Sales Invoice,Faturë e Konsoliduar e Shitjeve
Consultant,Konsulent
Consumable,Harxhuese
Consumable Cost,Kosto harxhuese
Consumed,Konsumuar
Consumed Amount,Shuma konsumuar
Consumed Items,Sendet e konsumuara
Consumed Qty,Konsumuar Qty
Contact,Kontakt
Contact Desc,Kontakt Përshkrimi
Contact Details,Detajet Kontakt
Contact Email,Kontakti Email
Contact HTML,Kontakt HTML
Contact Info,Informacionet Kontakt
Contact Information,Informacioni i kontaktit
Contact List,Lista e Kontakteve
Contact Mobile No,Kontaktoni Mobile Asnjë
Contact Name,Kontakt Emri
Contact No.,Kontakt Nr
Contact Person,Personi kontaktues
Contact: ,Kontaktoni:
Contacts,Kontaktet
Content,I kënaqur
Content Type,Përmbajtja Type
Continue,Vazhdoj
Contra Entry,Contra Hyrja
Contract,Kontratë
Contract Details,Detajet e Kontratës
Contract End Date,Kontrata Data e përfundimit
Contract Fulfilment Checklist,Kontrolli i Kontrollit të Kontratës
Contract Period,Periudha e kontrates
Contract Template,Modeli i Kontratës
Contract Template Fulfilment Terms,Termat e përmbushjes së kushteve të kontratës
Contract Terms,Kushtet e kontratës
Contract Terms and Conditions,Kushtet dhe Kushtet e Kontratës
Contribution %,Kontributi%
Contribution (%),Kontributi (%)
Contribution Amount,Shuma Kontribut
Contribution to Net Total,Kontributi në Net Total
Control Action,Veprimi i Kontrollit
Conversion Factor,Konvertimi Faktori
Conversion Rate,Shkalla e konvertimit
Conversion factor for default Unit of Measure must be 1 in row {0},Faktori i konvertimit për Njësinë e parazgjedhur të Masës duhet të jetë 1 në rreshtin e {0}
Convert to Group,Convert të Grupit
Convert to Non-Group,Convert për të jo-Group
Converted,Konvertuar
Copied From,Kopjuar nga
Copy Fields to Variant,Kopjoni Fushat në Variant
Corrective,Korrigjues
Corrective Action,Veprim korrigjues
Corrective/Preventive,Korrigjuese / parandaluese
Cost,Kosto
Cost Center,Qendra Kosto
Cost Center Name,Kosto Emri Qendra
Cost Center Number,Numri i Qendrës së Kostos
Cost Center is required in row {0} in Taxes table for type {1},Qendra Kosto është e nevojshme në rresht {0} në Tatimet tryezë për llojin {1}
Cost Center with existing transactions can not be converted to group,Qendra Kosto me transaksionet ekzistuese nuk mund të konvertohet në grup
Cost Center with existing transactions can not be converted to ledger,Qendra Kosto me transaksionet ekzistuese nuk mund të konvertohet në Ledger
Cost Center: {0} does not exist,Qendra e Kostove: {0} nuk ekziston
Cost Centers,Qendrat e Kostos
Cost of Delivered Items,Kostoja e Artikujve dorëzohet
Cost of Goods Sold,Kostoja e mallrave të shitura
Cost of Issued Items,Kostoja e Artikujve emetuara
Cost of Purchased Items,Kostoja e artikujve të blerë
Cost of various activities,Kosto e aktiviteteve të ndryshme
Costing,Kushton
Costing Amount,Kushton Shuma
Costing Rate,Kushton Rate
Costing and Billing,Kushton dhe Faturimi
Could not auto create Customer due to the following missing mandatory field(s):,Nuk mund të krijonte automatikisht Klientin për shkak të fushave (eve) të detyrueshme që mungojnë:
"Could not create Credit Note automatically, please uncheck 'Issue Credit Note' and submit again","Nuk mund të krijohej automatikisht Shënimi i kredisë, hiqni &quot;Çështjen e notës së kredisë&quot; dhe dërgojeni përsëri"
Could not retrieve information for {0}.,Nuk mundi të gjente informacion për {0}.
Could not solve criteria score function for {0}. Make sure the formula is valid.,Nuk mund të zgjidhet funksioni i rezultateve të kritereve për {0}. Sigurohuni që formula është e vlefshme.
Could not solve weighted score function. Make sure the formula is valid.,Nuk mund të zgjidhej funksioni i rezultateve të peshuara. Sigurohuni që formula është e vlefshme.
"Could not update stock, invoice contains drop shipping item.","Nuk mund të rinovuar aksioneve, fatura përmban anijeve rënie artikull."
Count,Akuzë
Country,Vend
Country Code in File does not match with country code set up in the system,Kodi i Vendit në Dosje nuk përputhet me kodin e vendit të vendosur në sistem
Country of Origin,Vendi i origjinës
Coupon Code,Kodi kupon
Coupon Code Based,Bazuar në Kodin e Kuponit
Coupon Description,Përshkrimi i kuponit
Coupon Name,Emri i kuponit
Coupon Type,Lloji i kuponit
Cr,Cr
Create,Krijoj
Create Chart Of Accounts Based On,Krijoni planin kontabël në bazë të
Create Delivery Trip,Krijo Udhëtimin e Dorëzimit
Create Employee,Krijoni punonjës
Create Employee Records,Krijo Records punonjësve
Create Inter Company Journal Entry,Krijoni hyrjen e revistës Inter Company
Create Invoices,Krijoni fatura
Create Job Card,Krijoni Kartën e Punës
Create Journal Entry,Krijoni hyrjen e ditarit
Create Lead,Krijoni Udhëheqjen
Create Leads,Krijo kryeson
Create Missing Party,Krijoni Partinë e Zhdukur
Create New Contact,Krijoni një Kontakt të ri
Create New Lead,Krijoni Udhëheqjen e Re
Create POS Opening Entry,Krijoni Hyrjen Hapëse POS
Create Payment Entry,Krijoni hyrjen në pagesa
Create Pick List,Krijoni listën e zgjedhjeve
Create Print Format,Krijo Print Format
Create Purchase Order,Krijo porosinë e blerjes
Create Purchase Orders,Krijo urdhëron Blerje
Create Quotation,Krijo kuotim
Create Receiver List,Krijo Marresit Lista
Create Sales Invoice,Krijoni faturën e shitjeve
Create Sales Order,Krijo Rendit Shitje
Create Sales Orders to help you plan your work and deliver on-time,Krijoni urdhra për shitje për t&#39;ju ndihmuar të planifikoni punën tuaj dhe të dorëzoni me kohë
Create Sample Retention Stock Entry,Krijoni hyrjen e aksioneve të mbajtjes së mostrës
Create Supplier Quotation,Krijoni kuotimin e furnizuesit
Create Tax Template,Krijoni modelin e taksave
Create Timesheet,Krijoni fletën e kohës
Create User,Krijo përdoruesin
Create User Permission,Krijo lejen e përdoruesit
Create Users,Krijo Përdoruesit
Create Variant,Krijo Variant
Create Variants,Krijo variantet
Create an incoming stock transaction for the Item.,Krijoni një transaksion hyrës të aksioneve për Artikullin.
Create customer quotes,Krijo kuotat konsumatorëve
Create missing customer or supplier.,Krijoni konsumatorë ose furnizues të humbur.
Created On,Krijuar Nga
Creating Accounts...,Krijimi i llogarive ...
Creating Dimensions...,Krijimi i dimensioneve ...
Creating Purchase Order ...,Krijimi i urdhrit të blerjes ...
Creating {} out of {} {},Krijimi i {} nga {} {}
Creation Document No,Krijimi Dokumenti Asnjë
Credit,Kredi
Credit ({0}),Kredia ({0})
Credit Account,Llogaria e kredisë
Credit Amount,Shuma e kreditit
Credit Amount in Account Currency,Shuma e kredisë në llogari në monedhë të
Credit Balance,Bilanci krediti
Credit Card,Credit Card
Credit Card Entry,Credit Card Hyrja
Credit Days,Ditët e kreditit
Credit Limit,Limit Credit
Credit Limit and Payment Terms,Kufizimet e kredisë dhe kushtet e pagesës
Credit Limits,Kufijtë e kredisë
Credit Months,Muajt e Kredisë
Credit Note,Credit Shënim
Credit Note Amount,Credit Note Shuma
Credit Note Issued,Credit Note Hedhur në qarkullim
Credit Note {0} has been created automatically,Shënimi i kredisë {0} është krijuar automatikisht
Credit To,Kredia për
Credit in Company Currency,Kreditit në kompanisë Valuta
Credit limit has been crossed for customer {0} ({1}/{2}),Limiti i kredisë është kaluar për konsumatorin {0} ({1} / {2})
Credit limit is already defined for the Company {0},Kufiri i kredisë është përcaktuar tashmë për Kompaninë {0
Credit limit reached for customer {0},U arrit kufiri i kredisë për klientin {0}
Creditors,Kreditorët
Criteria,Kriteret
Criteria Formula,Formula e kritereve
Criteria Name,Emri i kritereve
Criteria Setup,Vendosja e kritereve
Criteria Weight,Pesha e kritereve
Criteria weights must add up to 100%,Peshat e kriterit duhet të shtojnë deri në 100%
Cross Listing of Item in multiple groups,Kryqi Listimi i artikullit në grupe të shumta
Cumulative Transaction Threshold,Pragu i Kumulative i Transaksionit
Currency,Monedhë
Currency Exchange,Currency Exchange
Currency Exchange Settings,Cilësimet e këmbimit valutor
Currency Exchange must be applicable for Buying or for Selling.,Këmbimi Valutor duhet të jetë i aplikueshëm për blerjen ose për shitjen.
Currency and Price List,Valuta dhe Lista e Çmimeve
Currency can not be changed after making entries using some other currency,"Valuta nuk mund të ndryshohet, pasi duke e bërë shënimet duke përdorur disa valutë tjetër"
Currency for {0} must be {1},Monedhë për {0} duhet të jetë {1}
Currency of the Closing Account must be {0},Monedhën e llogarisë Mbyllja duhet të jetë {0}
Currency of the price list {0} must be {1} or {2},Valuta e listës së çmimeve {0} duhet të jetë {1} ose {2}
Currency should be same as Price List Currency: {0},Monedha duhet të jetë e njëjtë si Valuta e Çmimeve: {0}
Current Address,Adresa e tanishme
Current Address Is,Adresa e tanishme është
Current Amount,Shuma e tanishme
Current Asset Value,Vlera aktuale e aseteve
Current Assets,Pasuritë e tanishme
Current BOM,Bom aktuale
Current BOM and New BOM can not be same,BOM aktuale dhe të reja bom nuk mund të jetë e njëjtë
Current Exchange Rate,Shkalla aktuale e këmbimit
Current Invoice End Date,Data e Fundit e Faturës
Current Invoice Start Date,Data Fillestare e Faturës
Current Liabilities,Detyrimet e tanishme
Current Qty,Qty tanishme
Current Serial No,Nr seriali aktual
Current State,Gjendja e tanishme
Current Status,Statusi aktual
Current Stock,Stoku tanishme
Current Time,Koha aktuale
Current Valuation Rate,Shkalla aktuale Vlerësimi
Custodian,Kujdestar
Custody,Kujdestari
Custom,Me porosi
Custom HTML,Custom HTML
Custom Remarks,Vërejtje me porosi
Custom?,Custom?
Customer,Klient
Customer / Lead Address,Customer / Adresa Lead
Customer > Customer Group > Territory,Klienti&gt; Grupi i Klientëve&gt; Territori
Customer Acquisition and Loyalty,Customer Blerja dhe Besnik
Customer Address,Customer Adresa
Customer Code,Kodi Klientit
Customer Contact,Customer Contact
Customer Contact Email,Customer Contact Email
Customer Credit Balance,Bilanci Customer Credit
Customer Credit Limit,Kufiri i Kredisë së Konsumatorit
Customer Details,Detajet e klientit
Customer Feedback,Feedback Customer
Customer Group,Grupi Klientit
Customer Group Name,Emri Grupi Klientit
Customer Groups,Grupet e konsumatorëve
Customer Items,Items të konsumatorëve
Customer LPO,LPO e konsumatorit
Customer LPO No.,LPO Nr. I Klientit
Customer Ledger Summary,Përmbledhja e Librit të Konsumatorëve
Customer Mobile No,Customer Mobile Asnjë
Customer Name,Emri i Klientit
Customer Naming By,Emërtimi Customer Nga
Customer PO,PO e klientit
Customer PO Details,Detajet e Klientit
Customer POS Id,Customer POS Id
Customer POS id,ID e POS së klientit
Customer Primary Address,Adresa Primare e Klientit
Customer Primary Contact,Kontakti Primar i Klientit
Customer Provided,Ofrohet klienti
Customer Service,Shërbimi ndaj klientit
Customer Territory,Territori i Klientit
Customer Type,Tipi i Klientit
Customer Warehouse (Optional),Magazina Customer (Fakultativ)
Customer contact updated successfully.,Kontakti me klientin u azhurnua me sukses.
Customer is required,Konsumatorit është e nevojshme
Customer isn't enrolled in any Loyalty Program,Klienti nuk është i regjistruar në ndonjë Program Besnik
Customer or Item,Customer ose Item
Customer required for 'Customerwise Discount',Customer kërkohet për &#39;Customerwise Discount &quot;
Customer {0} does not belong to project {1},Customer {0} nuk i përket projektit {1}
Customer's Item Code,Item Kodi konsumatorit
Customer's Purchase Order,Rendit Blerje konsumatorit
Customer's Purchase Order Date,Konsumatorit Rendit Blerje Data
Customer's Purchase Order No,Konsumatorit Blerje Rendit Jo
Customer-wise Item Price,Pricemimi i artikullit të mençur nga klienti
Customer/Lead Name,Emri i Klientit / Drejtuesit
Customers,Klientët
Customers Without Any Sales Transactions,Konsumatorët pa asnjë transaksion shitjeje
Customers not selected.,Klientët nuk janë zgjedhur.
Customerwise Discount,Customerwise Discount
Customize Homepage Sections,Rregulloni Seksionet e Faqes
Customs Tariff Number,Numri Tarifa doganore
DT-,DT-
DUNN-.MM.-.YY.-,DUNN-.MM .-. YY.-
Daily,I përditshëm
Daily Project Summary for {0},Përmbledhje e projektit ditor për {0}
Daily Reminders,Harroni të Përditshëm
Daily Timesheet Summary,Daily Përmbledhje pasqyrë e mungesave
Dashboard,Baltëpritëse
Data Import Configuration,Konfigurimi i importit të të dhënave
Date,Data
Date Based On,Data e Bazuar në
Date Of Retirement,Data e daljes në pension
Date Settings,Data Settings
Date of Birth,Data e lindjes
Date of Birth cannot be greater than today.,Data e lindjes nuk mund të jetë më e madhe se sa sot.
Date of Commencement,Data e fillimit
Date of Commencement should be greater than Date of Incorporation,Data e Fillimit duhet të jetë më e madhe se Data e Inkorporimit
Date of Establishment,Data e krijimit
Date of Incorporation,Data e Inkorporimit
Date of Issue,Data e lëshimit
Date of Joining,Data e Bashkimi
Date of Transaction,Data e transaksionit
Day,Ditë
Day Of Week,Dita e Javës
Day of Week,Dita e Javës
Day to Send,Dita për të dërguar
Day(s) after invoice date,Ditë (a) pas datës së faturës
Day(s) after the end of the invoice month,Ditë (a) pas përfundimit të muajit të faturës
Days,Ditë
Days Since Last Order,Ditët që nga porosia e fundit
Days Since Last order,Ditët Që Rendit Fundit
Days Until Due,Ditë deri në kohën e duhur
Dear,I dashur
"Dear System Manager,","Sistemi Menaxheri i nderuar,"
Debit,Debi
Debit ({0}),Debiti ({0})
Debit Account,Llogaria Debiti
Debit Amount,Shuma Debi
Debit Amount in Account Currency,Shuma Debi në llogarinë në valutë
Debit Note,Debiti Shënim
Debit Note Amount,Debit Shënim Shuma
Debit Note Issued,Debit Note Hedhur në qarkullim
Debit To,Debi Për
Debit To is required,Debi Për të është e nevojshme
Debit and Credit not equal for {0} #{1}. Difference is {2}.,Debi dhe Kredi jo të barabartë për {0} # {1}. Dallimi është {2}.
Debit in Company Currency,Debit në kompanisë Valuta
Debit to,Debito në
Debtors,Debitorët
Declare Lost,Shpallja e humbur
Deduct,Zbres
Deductee Details,Detajet e zbritësit
Deductions or Loss,Zbritjet apo Humbje
Default,Mospagim
Default Account,Gabim Llogaria
Default Accounts,Llogaritë e parazgjedhura
Default Activity Cost exists for Activity Type - {0},Kosto e albumit Aktiviteti ekziston për Aktivizimi Tipi - {0}
Default BOM,Gabim bom
Default BOM ({0}) must be active for this item or its template,Gabim BOM ({0}) duhet të jetë aktiv për këtë artikull ose template saj
Default BOM for {0} not found,BOM Default për {0} nuk u gjet
Default BOM not found for Item {0} and Project {1},Default BOM nuk u gjet për Item {0} dhe Project {1}
Default Bank Account,Gabim Llogarisë Bankare
Default Billing Rate,Default Faturimi Vlerësoni
Default Buying Cost Center,Gabim Qendra Blerja Kosto
Default Buying Price List,E albumit Lista Blerja Çmimi
Default Buying Terms,Kushtet e blerjes së paracaktuar
Default Cash Account,Gabim Llogaria Cash
Default Company,Gabim i kompanisë
Default Company Bank Account,Llogaria e paracaktuar e kompanisë
Default Cost Center,Qendra Kosto e albumit
Default Cost of Goods Sold Account,Gabim Kostoja e mallrave të shitura Llogaria
Default Costing Rate,Default kushton Vlerësoni
Default Currency,Gabim Valuta
Default Customer Group,Gabim Grupi Klientit
Default Deferred Expense Account,Default Llogaria e shpenzimeve të shtyra
Default Deferred Revenue Account,Default Llogaria e të ardhurave të shtyra
Default Dimension,Dimensioni i paracaktuar
Default Distance Unit,Njësia e distancës së parave
Default Expense Account,Llogaria e albumit shpenzimeve
Default Finance Book,Libri i financimit të parazgjedhur
Default Finished Goods Warehouse,Default përfunduara Mallra Magazina
Default Holiday List,Default Festa Lista
Default Income Account,Llogaria e albumit ardhurat
Default Inventory Account,Llogaria Default Inventar
Default Item Group,Gabim Item Grupi
Default Item Manufacturer,Prodhuesi i artikullit të paracaktuar
Default Letter Head,Default Letër Shef
Default Manufacturer Part No,Prodhuesi i parazgjedhur Pjesa Nr
Default Material Request Type,Default Kërkesa Tipe Materiali
Default Payable Account,Gabim Llogaria pagueshme
Default Payment Request Message,Default kërkojë pagesën mesazh
Default Payment Terms Template,Modeli i parazgjedhur i pagesave
Default Price List,E albumit Lista e Çmimeve
Default Priority,Prioriteti i paracaktuar
Default Purchase Unit of Measure,Njësia e Blerjes së Parazgjedhur të Masës
Default Quotation Validity Days,Ditët e vlefshmërisë së çmimeve të çmimeve
Default Receivable Account,Gabim Llogaria Arkëtueshme
Default Sales Unit of Measure,Njësia e shitjes së paracaktuar të masës
Default Scrap Warehouse,Magazina e Paraprakisht e Scrapit
Default Selling Cost Center,Gabim Qendra Shitja Kosto
Default Selling Terms,Kushtet e shitjes së paracaktuar
Default Service Level Agreement,Marrëveshja e nivelit të paracaktuar të shërbimit
Default Source Warehouse,Gabim Burimi Magazina
Default Stock UOM,Gabim Stoku UOM
Default Supplier,Gabim Furnizuesi
Default Supplier Group,Grupi Furnizues i paracaktuar
Default Target Warehouse,Gabim Magazina Target
Default Territory,Gabim Territorit
Default Unit of Measure,Gabim Njësia e Masës
Default Unit of Measure for Item {0} cannot be changed directly because you have already made some transaction(s) with another UOM. You will need to create a new Item to use a different Default UOM.,Default njësinë e matjes për artikullit {0} nuk mund të ndryshohet drejtpërdrejt sepse ju keni bërë tashmë një transaksioni (et) me një tjetër UOM. Ju do të duhet për të krijuar një artikull të ri për të përdorur një Default ndryshme UOM.
Default Unit of Measure for Variant '{0}' must be same as in Template '{1}',Default njësinë e matjes për Varianti &#39;{0}&#39; duhet të jetë i njëjtë si në Template &#39;{1}&#39;
Default Valuation Method,Gabim Vlerësimi Metoda
Default Value,Vlera e albumit
Default Warehouse,Gabim Magazina
Default Warehouse for Sales Return,Magazina e Paracaktuar për Kthimin e Shitjeve
Default Warehouses for Production,Depot e paracaktuar për prodhim
Default Work In Progress Warehouse,Default Puna Në Magazina Progresit
Default Workstation,Gabim Workstation
Default account will be automatically updated in POS Invoice when this mode is selected.,Llogaria e parazgjedhur do të përditësohet automatikisht në POS Fatura kur kjo mënyrë të përzgjidhet.
Default: 10 mins,Default: 10 minuta
Defaults,Defaults
Deferred Accounting Settings,Cilësimet e Kontabilitetit të Shtyrë
Deferred Expense,Shpenzimet e shtyra
Deferred Expense Account,Llogaria e shpenzimeve të shtyra
Deferred Revenue,Të Ardhurat e shtyra
Deferred Revenue Account,Llogaria e të ardhurave të shtyra
Define Project type.,Përcaktoni llojin e Projektit.
Delay (in Days),Vonesa (në ditë)
Delay between Delivery Stops,Vonesa në mes të ndalimeve të dorëzimit
Delay in payment (Days),Vonesa në pagesa (ditë)
Delayed,I vonuar
Delayed Days,Ditët e vonuara
Delayed Item Report,Raporti i Vonesës me Vonesë
Delayed Order Report,Raporti i vonuar i porosisë
Delete,Fshij
Delete all the Transactions for this Company,Fshij gjitha transaksionet për këtë kompani
Deletion is not permitted for country {0},Largimi nuk lejohet për shtetin {0}
Delivered,Dorëzuar
Delivered Amount,Shuma Dorëzuar
Delivered By Supplier,Dorëzuar nga furnizuesi
Delivered Items To Be Billed,Items dorëzohet për t&#39;u faturuar
Delivered Qty,Dorëzuar Qty
Delivered Quantity,Sasia e dorëzuar
Delivered by Supplier (Drop Ship),Dorëzuar nga Furnizuesi (Drop Ship)
Delivered: {0},Dorëzuar: {0}
Delivery,Ofrimit të
Delivery Date,Ofrimit Data
Delivery Details,Detajet e ofrimit të
Delivery Note,Ofrimit Shënim
Delivery Note Item,Ofrimit Shënim Item
Delivery Note No,Ofrimit Shënim Asnjë
Delivery Note Trends,Trendet ofrimit Shënim
Delivery Note {0} is not submitted,Ofrimit Shënim {0} nuk është dorëzuar
Delivery Notes,Shënimet e Dorëzimit
Delivery Notes {0} updated,Shënimet e Dorëzimit {0} janë përditësuar
Delivery Settings,Cilësimet e dërgimit
Delivery Status,Ofrimit Statusi
Delivery Stop,Dorëzimi i ndalimit
Delivery Stops,Dorëzimi ndalon
Delivery To,Ofrimit të
Delivery Trip,Udhëtimi i udhëtimit
Delivery Warehouse,Ofrimit Magazina
Delivery warehouse required for stock item {0},Depo ofrimit të nevojshme për pikën e aksioneve {0}
Department,Departamenti
Departure Time,Koha e Nisjes
Dependencies,Dependencies
Dependent Task,Detyra e varur
Dependent Tasks,Detyrat e varura
Depends on Tasks,Varet Detyrat
Depreciated Amount,Shuma e zhvlerësuar
Depreciatied Amount,Shuma e amortizuar
Depreciation,Amortizim
Depreciation Amount,Amortizimi Shuma
Depreciation Amount during the period,Zhvlerësimi Shuma gjatë periudhës
Depreciation Date,Zhvlerësimi Date
Depreciation Eliminated due to disposal of assets,Zhvlerësimi Eliminuar shkak të dispozicion të aseteve
Depreciation Entry,Zhvlerësimi Hyrja
Depreciation Expense Account,Llogaria Zhvlerësimi Shpenzimet
Depreciation Method,Metoda e amortizimit
Depreciation Options,Opsionet e zhvlerësimit
Depreciation Posting Date,Data e Postimit të Amortizimit
Depreciation Row {0}: Expected value after useful life must be greater than or equal to {1},Rënia e amortizimit {0}: Vlera e pritshme pas jetës së dobishme duhet të jetë më e madhe ose e barabartë me {1}
Depreciation Row {0}: Next Depreciation Date cannot be before Available-for-use Date,Rënia e zhvlerësimit {0}: Data e zhvlerësimit tjetër nuk mund të jetë para datës së disponueshme për përdorim
Depreciation Row {0}: Next Depreciation Date cannot be before Purchase Date,Rënia e amortizimit {0}: Data e zhvlerësimit tjetër nuk mund të jetë para datës së blerjes
Depreciation Schedule,Zhvlerësimi Orari
Description,Përshkrim
Designation,Përcaktim
Detailed Reason,Arsyeja e hollësishme
Details,Detalet
Determine Address Tax Category From,Përcaktoni kategorinë e taksave të adresave nga
Diesel,Naftë
Difference,Ndryshim
Difference (Dr - Cr),Diferenca (Dr - Cr)
Difference Account,Llogaria Diferenca
"Difference Account must be a Asset/Liability type account, since this Stock Reconciliation is an Opening Entry","Llogaria ndryshim duhet të jetë një llogari lloj Aseteve / Detyrimeve, pasi kjo Stoku Pajtimi është një Hyrja Hapja"
Difference Amount,Shuma Diferenca
Difference Amount (Company Currency),Dallimi Shuma (Company Valuta)
Difference Amount must be zero,Dallimi Shuma duhet të jetë zero
Difference Value,Vlera e diferencës
Different UOM for items will lead to incorrect (Total) Net Weight value. Make sure that Net Weight of each item is in the same UOM.,UOM ndryshme për sendet do të çojë në të gabuar (Total) vlerën neto Pesha. Sigurohuni që pesha neto e çdo send është në të njëjtën UOM.
Dimension Defaults,Default Default
Dimension Filter,Filtri i dimensionit
Dimension Name,Emri i dimensionit
Direct Expenses,Shpenzimet direkte
Direct Income,Të ardhurat direkte
Disable,Disable
Disable Capacity Planning,Ableaktivizoni planifikimin e kapaciteteve
Disable In Words,Disable Në fjalë
Disable Rounded Total,Disable rrumbullakosura Total
Disabled,I paaftë
Disabled template must not be default template,Template me aftësi të kufizuara nuk duhet të jetë template parazgjedhur
Disburse Loan,Hua hua
Disbursed,Disbursuar
Discount,Zbritje
Discount (%),Ulje (%)
Discount (%) on Price List Rate with Margin,Discount (%) në listën e çmimeve të votuarat vetëm me Margjina
Discount Amount,Shuma Discount
Discount Percentage,Përqindja Discount
Discount Percentage can be applied either against a Price List or for all Price List.,Përqindja zbritje mund të aplikohet ose ndaj një listë të çmimeve apo për të gjithë listën e çmimeve.
Discount Type,Lloji i zbritjes
Discount and Margin,Discount dhe Margin
Discount cannot be greater than 100%,Ulja nuk mund të jetë më e madhe se 100%
Discount must be less than 100,Discount duhet të jetë më pak se 100
Discount on Other Item,Zbritje në artikullin tjetër
Discount on Price List Rate (%),Zbritje në listën e çmimeve Norma (%)
Discounted Invoice,Faturë e zbritur
Discounts,Zbritje
Dislikes,Nuk i pelqen
Dispatch,Dërgim
Dispatch Information,Dërgimi i Informacionit
Dispatch Notification,Njoftimi i Dispeçimit
Dispatch Notification Attachment,Shtojca e Njoftimit Dispeçer
Dispatch Notification Template,Modeli i Njoftimit Dispeçer
Dispatch Settings,Parametrat e Dispeçimit
Disposal Date,Shkatërrimi Date
Distance,Distancë
Distance UOM,Largësia UOM
Distance from left edge,Largësia nga buzë e majtë
Distance from top edge,Largësia nga buzë të lartë
Distinct unit of an Item,Njësi të dallueshme nga një artikull
Distribute Charges Based On,Shpërndarjen Akuzat Bazuar Në
Distribution Name,Emri shpërndarja
Distributor,Shpërndarës
Dividends Paid,Dividentët e paguar
Divorced,I divorcuar
Do Not Contact,Mos Kontaktoni
Do not show any symbol like $ etc next to currencies.,A nuk tregojnë ndonjë simbol si $ etj ardhshëm të valutave.
Do not update variants on save,Mos update variante për të shpëtuar
Do you really want to restore this scrapped asset?,A jeni të vërtetë doni për të rivendosur këtë pasuri braktiset?
Do you want to notify all the customers by email?,A doni të njoftoni të gjithë klientët me email?
Do you want to submit the material request,A doni të paraqisni kërkesën materiale
DocField,DocField
DocType,DOCTYPE
Docs Search,Kërkimi i dokumenteve
Doctype,DOCTYPE
Document Name,Dokumenti Emri
Document Type,Dokumenti Type
Document Type ,Lloji i dokumentit
Documents,Dokumentet
Domain,Fushë
Don't Send Emails,Mos Dërgoni Email
Done,E bërë
Doors,Dyer
Double Declining Balance,Dyfishtë rënie Balance
Download,Shkarko
Download PDF,Shkarko PDF
Download Required Materials,Shkarkoni Materialet e Kërkuara
Download Template,Shkarko Template
Downtime,Kohë joproduktive
Downtime (In Hours),Koha e pushimit (në orë)
Downtime Analysis,Analiza e joproduktive
Downtime Entry,Hyrja në pritje
Downtime Reason,Arsyeja e ndërprerjes
Dr,Dr
Draft,Draft
Driver,Shofer
Driver Address,Adresa e shoferit
Driver Email,Email-i i shoferit
Driver Name,Emri i shoferit
Driver licence class,Klasa e patentë shoferit
Driving License Categories,Kategoritë e Licencës së Drejtimit
Driving License Category,Kategoria e licencës së vozitjes
Drop Ship,Drop Ship
Due / Reference Date cannot be after {0},Për shkak / Referenca Data nuk mund të jetë pas {0}
Due Date,Për shkak Date
Due Date Based On,Datë e bazuar në bazë
Due Date cannot be before Posting / Supplier Invoice Date,Data e caktuar nuk mund të jetë para Postimit / Data e Faturimit të furnitorit
Due Date is mandatory,Për shkak Data është e detyrueshme
Dunning,Dunning
Dunning Amount,Shuma e Dunning
Dunning Fee,Tarifë Dunning
Dunning Letter,Letër Dunning
Dunning Letter Text,Tekst i Letrës Dunning
Dunning Type,Lloji Dunning
Duplicate,I kopjuar
Duplicate Entry. Please check Authorization Rule {0},Duplicate Hyrja. Ju lutem kontrolloni Autorizimi Rregulla {0}
Duplicate Project with Tasks,Projekt i kopjuar me detyra
Duplicate customer group found in the cutomer group table,Grupi i konsumatorëve Duplicate gjenden në tabelën e grupit cutomer
Duplicate entry against the item code {0} and manufacturer {1},Kopjoni hyrjen kundër kodit të artikullit {0} dhe prodhuesit {1}
Duplicate item group found in the item group table,Grupi Duplicate artikull gjenden në tabelën e grupit artikull
Duplicate project has been created,Projectshtë krijuar projekti dublikatë
Duplicate row {0} with same {1},Duplicate rresht {0} me të njëjtën {1}
Duplicate {0} found in the table,Dublikatë {0} e gjetur në tabelë
Duration,Kohëzgjatje
Duration (Days),Kohëzgjatja (Ditët)
Duration in Days,Kohëzgjatja në Ditë
Duties and Taxes,Detyrat dhe Taksat
E-Invoicing Information Missing,Informacioni elektronik i faturimit mungon
EAN,EAN
ERPNext Integrations,Integrimet ERPNext
ERPNext User ID,ID e përdoruesit ERPNext
Each Transaction,Çdo transaksion
Earliest,Hershme
Earliest Age,Mosha e hershme
Earnest Money,Kaparosje
Edit,Redaktoj
Edit Not Allowed,Ndryshimi nuk lejohet
Edit Posting Date and Time,Edit Posting Data dhe Koha
Edit Receipt,Redakto faturën
Education,Arsim
Educational Qualification,Kualifikimi arsimor
Either target qty or target amount is mandatory,Ose Qty objektiv ose shuma e synuar është e detyrueshme
Either target qty or target amount is mandatory.,Ose Qty objektiv ose objektiv shuma është e detyrueshme.
Electric,Elektrik
Electrical,Elektrik
Electricity Cost,Kosto të energjisë elektrike
Electricity down,Rryma elektrike
Electronic Equipments,Pajisje Elektronike
Electronic Invoice Register,Regjistri elektronik i faturave
Email,Email
Email Account,Email Llogaria
Email Address,Adresa e postës elektronike
Email Campaign,Fushata e postës elektronike
Email Campaign For ,Fushata për Email
Email Details,Detajet e emailit
Email Digest,Email Digest
Email Digest Settings,Email Settings Digest
Email Group,Email Group
Email Id,Email ID
Email Sent,Email dërguar
Email Sent to Supplier {0},Emaili u dërgua tek furnitori {0}
Email Settings,Email Cilësimet
Email Template,Modeli i Email-it
Email not sent to {0} (unsubscribed / disabled),Email mos dërguar për {0} (c&#39;regjistruar / aftësi të kufizuara)
Email sent successfully.,Emaili u dërgua me sukses.
Email sent to,Email Sent To
Email sent to {0},Email dërguar për {0}
Emails Queued,Email-et në radhë
Emergency Contact,Urgjencës Kontaktoni
Emergency Contact Name,Emri i Kontaktit të Urgjencës
Emergency Phone,Urgjencës Telefon
Employee,Punonjës
Employee ,Punonjës
Employee Advance,Advance punonjës
Employee Advances,Përparimet e punonjësve
Employee Billing Summary,Përmbledhje e Faturimit të punonjësve
Employee Detail,Detail punonjës
Employee Education,Arsimimi punonjës
Employee External Work History,Punonjës historia e jashtme
Employee Group,Grupi i Punonjësve
Employee Group Table,Tabela e Grupit të Punonjësve
Employee ID,ID e punonjësit
Employee Internal Work History,Punonjës historia e Brendshme
Employee Name,Emri punonjës
Employee Number,Numri punonjës
Employee cannot report to himself.,Punonjësi nuk mund të raportojnë për veten e tij.
Employee is required while issuing Asset {0},Kërkohet punonjësi gjatë lëshimit të pasurisë {0
Empty,Bosh
Enable Appointment Scheduling,Aktivizoni caktimin e emërimeve
Enable Auto Email,Aktivizo Emailin automatik
Enable Auto Re-Order,Aktivizo Rirregullimin Auto
Enable Capital Work in Progress Accounting,Mundësoni punën e kapitalit në kontabilitetin e përparimit
Enable Deferred Expense,Aktivizo shpenzimin e shtyrë
Enable Deferred Revenue,Aktivizo të ardhurat e shtyra
Enable European Access,Aktivizo Aksesin Evropian
Enable Perpetual Inventory,Aktivizo Inventari Përhershëm
Enable YouTube Tracking,Aktivizo Ndjekjen e YouTube
Enabled,Aktivizuar
Encashment Date,Arkëtim Data
End Date,End Date
End Date cannot be before Start Date.,Data e mbarimit nuk mund të jetë para datës së fillimit.
End Time,Fundi Koha
End Year,Fundi Viti
End Year cannot be before Start Year,Fundi Viti nuk mund të jetë para se të fillojë Vitit
End date cannot be before start date,Data e mbarimit nuk mund të jetë para datës së fillimit
End date of current invoice's period,Data e fundit e periudhës së fatura aktual
End of Life,Fundi i jetës
Enough Parts to Build,Pjesë mjaftueshme për të ndërtuar
Ensure Delivery Based on Produced Serial No,Sigurimi i Dorëzimit Bazuar në Produktin Nr
Enter API key in Google Settings.,Vendosni çelësin API në Parametrat e Google.
Enter Supplier,Futni furnizuesin
Enter Value,Shkruani Vlera
Enter amount to be redeemed.,Vendos shumën që do të blihet.
Enter customer's email,Vendosni emailin e klientit
Enter customer's phone number,Vendosni numrin e telefonit të klientit
Enter depreciation details,Futni detajet e zhvlerësimit
Enter discount percentage.,Vendosni përqindjen e zbritjes.
Enter name of campaign if source of enquiry is campaign,Shkruani emrin e fushatës nëse burimi i hetimit është fushatë
Enter the Bank Guarantee Number before submittting.,Shkruani numrin e garancisë së Bankës përpara se të dorëzoni.
Enter the name of the Beneficiary before submittting.,Futni emrin e Përfituesit para se të dorëzoni.
Enter the name of the bank or lending institution before submittting.,Futni emrin e bankës ose të institucionit kreditues përpara se të dorëzoni.
Enter {0} amount.,Vendos shumën {0}.
Entertainment Expenses,Shpenzimet Argëtim
Entity,Enti
Entity Type,Lloji i entitetit
Entry Type,Hyrja Lloji
Equity,Barazia
Equity/Liability Account,Llogaria e ekuitetit / përgjegjësisë
Error,Gabim
Error Description,Përshkrimi i gabimit
Error Log,Error Log
Error Message,Mesazh gabimi
Error Occured,Gabim i ndodhur
Error evaluating the criteria formula,Gabim gjatë vlerësimit të formulës së kritereve
Error: Not a valid id?,Gabim: Nuk është një ID të vlefshme?
Error: {0} is mandatory field,Gabim: {0} është fushë e detyrueshme
Estimated Arrival,Arritja e parashikuar
Estimated Cost,Kostoja e vlerësuar
Estimated Time and Cost,Koha e vlerësuar dhe Kosto
Evaluation Period,Periudha e vlerësimit
"Even if there are multiple Pricing Rules with highest priority, then following internal priorities are applied:","Edhe në qoftë se ka rregulla të shumta çmimeve me prioritet më të lartë, prioritetet e brendshme atëherë në vijim aplikohen:"
Event,Ngjarje
"Example: ABCD.#####. If series is set and Batch No is not mentioned in transactions, then automatic batch number will be created based on this series. If you always want to explicitly mention Batch No for this item, leave this blank. Note: this setting will take priority over the Naming Series Prefix in Stock Settings.","Shembull: ABCD. #####. Nëse seria është vendosur dhe No Batch nuk është përmendur në transaksionet, atëherë numri i batch automatik do të krijohet bazuar në këtë seri. Nëse gjithmonë doni të përmendni në mënyrë eksplicite Jo Serisë për këtë artikull, lini këtë bosh. Shënim: Ky vendosje do të ketë prioritet mbi Prefixin e Serisë së Emërtimit në Rregullimet e Stoku."
Exception Budget Approver Role,Përjashtim nga Roli i Aprovimit të Buxhetit
Excessive machine set up time,Koha e vendosur e tepërt e makinës
Exchange Gain / Loss Account,Exchange Gain / Humbja e llogarisë
Exchange Gain/Loss,Exchange Gain / Humbje
Exchange Rate,Exchange Rate
Exchange Rate Revaluation,Rivlerësimi i kursit të këmbimit
Exchange Rate Revaluation Account,Llogaria e rivlerësimit të kursit të këmbimit
Exchange Rate must be same as {0} {1} ({2}),Exchange Rate duhet të jetë i njëjtë si {0} {1} ({2})
Excise Entry,Akciza Hyrja
Excise Invoice,Akciza Faturë
Excise Page Number,Akciza Faqja Numër
Execution,Ekzekutim
Existing Company,Kompania ekzistuese
Existing Company ,Company ekzistuese
Exit Interview Held On,Intervista e Daljes E Mbyllur
Expand All,Hapi te gjitha
Expected Amount,barazia
Expected Arrival Date,Data e pritjes së mbërritjes
Expected Closing Date,Data e pritshme e mbylljes
Expected Delivery Date,Pritet Data e dorëzimit
Expected Delivery Date should be after Sales Order Date,Data e dorëzimit të pritshëm duhet të jetë pas datës së porosisë së shitjes
Expected End Date,Pritet Data e Përfundimit
Expected Hrs,Orët e pritshme
Expected Start Date,Pritet Data e Fillimit
Expected Time (in hours),Koha pritet (në orë)
Expected Value After Useful Life,Vlera e pritshme pas së dobishme
Expense,Shpenzim
Expense / Difference account ({0}) must be a 'Profit or Loss' account,Llogari shpenzim / Diferenca ({0}) duhet të jetë një llogari &quot;fitimit ose humbjes &#39;
Expense Account,Llogaria shpenzim
Expense Account Missing,Llogaria e shpenzimeve mungon
Expense Claim,Shpenzim Claim
Expense Head,Shpenzim Shef
Expense Head Changed,Koka e Shpenzimeve Ndryshuar
Expense account is mandatory for item {0},Llogari shpenzim është i detyrueshëm për pikën {0}
Expenses,Shpenzim
Expenses Included In Asset Valuation,Shpenzimet e përfshira në vlerësimin e aseteve
Expenses Included In Valuation,Shpenzimet e përfshira në Vlerësimit
Expired,Skaduar
Expired Batches,Grumbullimet e skaduara
Expires On,Skadon ne
Expiry (In Days),Skadimit (në ditë)
Expiry Date,Data e Mbarimit
Expiry Date Mandatory,Data e skadimit e detyrueshme
Expiry Duration (in days),Kohëzgjatja e skadimit (në ditë)
Exploded Items,Artikujt e shpërthyer
Exponential Smoothing Forecasting,Parashikimi eksponencial i zbutjes
Export E-Invoices,Eksportoni E-Fatura
Export Errored Rows,Eksportoni rreshtat e gabuar
External Work History,Historia e jashtme
Extra Large,Shumë i madh
Extra Small,Extra Vogla
FIFO,FIFO
Failed,I dështuar
Failed to Authenticate the API key.,Vërtetimi i çelësit API dështoi.
Failed to install presets,Dështoi në instalimin e paravendave
Failed to login,Dështoi të identifikohej
Failed to setup company,Dështoi në konfigurimin e kompanisë
Failed to setup defaults,Dështoi në konfigurimin e standardeve
Failure,Dështim
Failure Date,Data e dështimit
Family Background,Historiku i familjes
Fax,Faks
Feedback,Reagim
Feedback By,Komente nga
Fees,Tarifat
Fetch Customers,Merrni Klientët
Fetch Items from Warehouse,Fetch Artikuj nga Magazina
Fetch Subscription Updates,Fetch Updates Updating
Fetch exploded BOM (including sub-assemblies),Fetch bom shpërtheu (përfshirë nën-kuvendet)
Fetch items based on Default Supplier.,Merrni artikuj bazuar në Furnizuesin e Parazgjedhur.
Fetched only {0} available serial numbers.,Merren vetëm {0} numrat serial të disponueshëm.
Fetching...,Ngarkuar ...
Field,Fushë
Field Mapping,Hartimi në terren
Field Name,Emri Fusha
Field in Bank Transaction,Fusha në transaksione bankare
Fieldname,Fieldname
Fields,Fushat
Fields will be copied over only at time of creation.,Fushat do të kopjohen vetëm në kohën e krijimit.
Fieldtype,Fieldtype
File to Rename,Paraqesë për Rename
Filter,Filtër
Filter Based On,Filtri i bazuar në
Filter Duration (Months),Kohëzgjatja e filtrit (muaj)
Filter Total Zero Qty,Filtër Totali Zero Qty
Filter by invoice status,Filtro sipas statusit të faturës
Filters,Filtra
Finance Book,Libri i Financave
Finance Book Detail,Detajet e librit financiar
Finance Book Id,Libri i financave Id
Finance Books,Librat e Financave
Financial Statements,Pasqyrat Financiare
Finish,Fund
Finished,Përfunduar
Finished Good,Përfunduar mirë
Finished Good Item Code,Kodi i artikullit të mbaruar i mirë
Finished Goods,Mallrat përfunduar
Finished Goods Warehouse,Magazina e Mallrave të Përfunduara
First Email,Emaili i Parë
First Name,Emri
First Responded On,Së pari u përgjigj më
First Response Time,Koha e përgjigjes së parë
First Response Time for Issues,Koha e parë e përgjigjes për çështjet
First Response Time for Opportunity,Koha e parë e përgjigjes për mundësi
"Fiscal Regime is mandatory, kindly set the fiscal regime in the company {0}","Regjimi Fiskal është i detyrueshëm, me mirësi vendosjen e regjimit fiskal në kompani {0}"
Fiscal Year,Viti Fiskal
Fiscal Year Company,Fiskale Viti i kompanisë
Fiscal Year End Date should be one year after Fiscal Year Start Date,Data e mbarimit të vitit fiskal duhet të jetë një vit pas datës së fillimit të vitit fiskal
Fiscal Year Start Date and Fiscal Year End Date are already set in Fiscal Year {0},Viti Fiskal Data e Fillimit dhe Viti Fiskal Fundi Data e janë vendosur tashmë në vitin fiskal {0}
Fiscal Year {0} Does Not Exist,Viti Fiskal {0} Nuk Ekziston
Fiscal Year {0} does not exist,Viti fiskal {0} nuk ekziston
Fiscal Year {0} is required,Viti Fiskal {0} është e nevojshme
Fixed,Fiks
Fixed Asset,Aseteve fikse
Fixed Asset Account,Llogaria Fixed Asset
Fixed Asset Item must be a non-stock item.,Fixed Item Aseteve duhet të jetë një element jo-aksioneve.
Fixed Asset Register,Regjistri i Pasurive Fikse
Fixed Assets,Mjetet themelore
Fixed Deposit Number,Numri i depozitave fikse
Fixed Rate,Perqindje fikse
Fleet Manager,Fleet Menaxher
Focus on Item Group filter,Përqendrohuni në filtrin e Grupit të Artikujve
Focus on search input,Përqendrohuni në hyrjen e kërkimit
Folio no.,Folio nr.
Follow Calendar Months,Ndiqni Muajt e Kalendarit
Following Material Requests have been raised automatically based on Item's re-order level,Pas kërkesave materiale janë ngritur automatikisht bazuar në nivelin e ri të rendit zërit
Following fields are mandatory to create address:,Fushat e mëposhtme janë të detyrueshme për të krijuar adresë:
Following item {0} is not marked as {1} item. You can enable them as {1} item from its Item master,Pas artikull {0} nuk është shënuar si {1} pika. Ju mund t&#39;i aktivizoni ato si {1} pika nga mjeshtri i artikullit
Following items {0} are not marked as {1} item. You can enable them as {1} item from its Item master,Artikujt vijues {0} nuk janë të shënuar si {1} artikull. Ju mund t&#39;i aktivizoni ato si {1} pika nga mjeshtri i artikullit
For,Për
"For 'Product Bundle' items, Warehouse, Serial No and Batch No will be considered from the 'Packing List' table. If Warehouse and Batch No are same for all packing items for any 'Product Bundle' item, those values can be entered in the main Item table, values will be copied to 'Packing List' table.","Për sendet e &#39;Produkt Bundle&#39;, depo, pa serial dhe Serisë Nuk do të konsiderohet nga &#39;Paketimi listë&#39; tryezë. Nëse Magazina dhe Serisë Nuk janë të njëjta për të gjitha sendet e paketimit për çdo send &#39;produkt Bundle&#39;, këto vlera mund të futen në tabelën kryesore Item, vlerat do të kopjohet në &#39;Paketimi listë&#39; tryezë."
For Buying,Për blerjen
For Company,Për Kompaninë
For Default Supplier (Optional),Për Furnizuesin e Parazgjedhur (fakultativ)
For Price List,Për listën e çmimeve
For Production,Për Prodhimit
For Quantity (Manufactured Qty) is mandatory,Për sasinë (Prodhuar Qty) është i detyrueshëm
For Selling,Për shitje
For Supplier,Për Furnizuesin
For Warehouse,Për Magazina
For Warehouse is required before Submit,Për Magazina është e nevojshme para se të Submit
"For an item {0}, quantity must be negative number","Për një artikull {0}, sasia duhet të jetë numër negativ"
"For an item {0}, quantity must be positive number","Për një artikull {0}, sasia duhet të jetë numër pozitiv"
"For e.g. 2012, 2012-13","Për shembull 2012, 2012-13"
For how much spent = 1 Loyalty Point,Për sa shpenzuar = 1 pikë besnikërie
For individual supplier,Për furnizuesit individual
"For job card {0}, you can only make the 'Material Transfer for Manufacture' type stock entry","Për kartën e punës {0}, ju mund të bëni hyrjen e stokut vetëm &quot;Transferimi i Materialit për Prodhim&quot;"
For operation {0}: Quantity ({1}) can not be greter than pending quantity({2}),Për operacionin {0: Sasia ({1}) nuk mund të jetë më e mirë se sasia në pritje (} 2})
For reference,Për referencë
"For row {0} in {1}. To include {2} in Item rate, rows {3} must also be included","Për rresht {0} në {1}. Të përfshijnë {2} në shkallën Item, {3} duhet të përfshihen edhe rreshtave"
For row {0}: Enter Planned Qty,Për rresht {0}: Shkruani Qty planifikuar
For the 'Apply Rule On Other' condition the field {0} is mandatory,Për kushtin &#39;Zbato Rregullin Për Tjetër&#39; fusha {0} është e detyrueshme
"For the convenience of customers, these codes can be used in print formats like Invoices and Delivery Notes","Për komoditetin e klientëve, këto kode mund të përdoren në formate të shtypura si faturat dhe ofrimit të shënimeve"
Foreign Trade Details,Jashtëm Details Tregtisë
Forum Activity,Aktiviteti i forumit
Forum Posts,Postimet në Forum
Forum URL,URL e forumit
Free Item,Artikull falas
Free item code is not selected,Kodi i artikullit falas nuk është zgjedhur
Free item not set in the pricing rule {0},Artikulli falas nuk është vendosur në rregullin e çmimeve {0
Freeze Stocks Older Than (Days),Ngrij aksionet më të vjetra se (ditët)
Freight and Forwarding Charges,Mallrave dhe Forwarding Pagesat
Frequency,Frekuencë
Frequency To Collect Progress,Frekuenca për të mbledhur progresin
Frequency of Depreciation (Months),Frekuenca e Zhvlerësimit (Muaj)
Frequently Read Articles,Artikuj që lexohen shpesh
Friday,E premte
From,Nga
From BOM,Nga bom
From Company,Nga kompanisë
From Currency,Nga Valuta
From Currency and To Currency cannot be same,Nga Valuta dhe me monedhën nuk mund të jetë e njëjtë
From Customer,Nga Klientit
From Date,Nga Data
From Date and To Date are Mandatory,Nga data dhe deri më sot janë të detyrueshëm
From Date and To Date lie in different Fiscal Year,Nga data dhe data gjenden në një vit fiskal të ndryshëm
From Date can not be greater than To Date,Nga Data nuk mund të jetë më e madhe se Te Data
From Date cannot be greater than To Date,Nga Data nuk mund të jetë më i madh se deri më sot
From Date must be before To Date,Nga Data duhet të jetë përpara se deri më sot
From Date should be within the Fiscal Year. Assuming From Date = {0},Nga Data duhet të jetë brenda Vitit Fiskal. Duke supozuar nga data = {0}
From Datetime,Nga Datetime
From Delivery Note,Nga dorëzim Shënim
From Employee,Nga punonjësi
From Fiscal Year,Nga Viti Fiskal
From Folio No,Nga Folio Nr
From Invoice Date,Nga Faturë Data
From Lead,Nga Lead
From No,Nga Nr
From Package No.,Nga Paketa nr
From Posting Date,Nga data e postimit
From Range,Nga Varg
From Range has to be less than To Range,Nga një distancë duhet të jetë më pak se në rang
From Shareholder,Nga Aksionari
From Template,Nga shablloni
From Time,Nga koha
From Time ,Nga koha
From Time Should Be Less Than To Time,Nga koha duhet të jetë më pak se koha
From Value,Nga Vlera
From Warehouse,Nga Magazina
From and To Dates are required.,Kërkohen nga dhe në datat.
From date cannot be greater than To date,Nga Data nuk mund të jetë më i madh se deri më sot
From value must be less than to value in row {0},Nga Vlera duhet të jetë më pak se të vlerës në rresht {0}
Frozen,I ngrirë
Fuel Type,Fuel Lloji
Fuel UOM,Fuel UOM
Fulfilled,Përmbushur
Fulfillment,Përmbushje
Fulfillment User,Përmbushja e përdoruesit
Fulfilment Deadline,Afati i përmbushjes
Fulfilment Details,Detajet e Përmbushjes
Fulfilment Status,Statusi i Përmbushjes
Fulfilment Terms,Kushtet e Përmbushjes
Fulfilment Terms and Conditions,Kushtet dhe Përmbushja e Kushteve
Full Name,Emri i plotë
Fully Billed,Faturuar plotësisht
Fully Completed,Përfunduar Plotësisht
Fully Delivered,Dorëzuar plotësisht
Fully Depreciated,Amortizuar plotësisht
Furnitures and Fixtures,Furnitures dhe Regjistrimet
"Further accounts can be made under Groups, but entries can be made against non-Groups","Llogaritë e mëtejshme mund të bëhen në bazë të grupeve, por hyra mund të bëhet kundër jo-grupeve"
Further cost centers can be made under Groups but entries can be made against non-Groups,Qendrat e mëtejshme e kostos mund të bëhet në bazë të Grupeve por hyra mund të bëhet kundër jo-grupeve
Further nodes can be only created under 'Group' type nodes,Nyjet e mëtejshme mund të krijohet vetëm në nyjet e tipit &#39;Grupit&#39;
Future Payment Amount,Shuma e pagesës në të ardhmen
Future Payment Ref,Pagesa në të ardhmen Ref
Future Payments,Pagesat e ardhshme
GL Entry,GL Hyrja
Gain/Loss,Gain / Humbje
Gain/Loss Account on Asset Disposal,Llogaria Gain / Humbja në hedhjen e Aseteve
Gain/Loss on Asset Disposal,Gain / Humbja në hedhjen e Aseteve
Gantt Chart,Gantt Chart
Gantt chart of all tasks.,Grafiku Gantt e të gjitha detyrave.
Gender,Gjini
General,I përgjithshëm
General Ledger,Përgjithshëm Ledger
General Settings,Cilësimet përgjithshme
Generate New Invoices Past Due Date,Gjeneroni fatura të reja në datën e mbaruar
Generate Schedule,Generate Orari
"Generate packing slips for packages to be delivered. Used to notify package number, package contents and its weight.","Generate paketim rrëshqet për paketat që do të dërgohen. Përdoret për të njoftuar numrin paketë, paketë përmbajtjen dhe peshën e saj."
Get Advances Paid,Get Paid Përparimet
Get Advances Received,Get Përparimet marra
Get Current Stock,Get Stoku aktual
Get Entries,Merr hyrjet
Get Invocies,Merrni Invokime
Get Invoices,Merrni faturat
Get Invoices based on Filters,Merrni Faturat bazuar në Filtra
Get Item Locations,Merrni Vendndodhjet e Artikujve
Get Items,Get Items
Get Items From,Të marrë sendet nga
Get Items From Purchase Receipts,Të marrë sendet nga Pranimeve Blerje
Get Items from BOM,Të marrë sendet nga bom
Get Items from Material Requests against this Supplier,Merrni Artikuj nga Kërkesat Materiale kundër këtij Furnizuesi
Get Items from Open Material Requests,Të marrë sendet nga kërkesat Hapur Materiale
Get Items from Product Bundle,Të marrë sendet nga Bundle produktit
Get Latest Query,Merr Query fundit
Get Material Request,Get materiale Kërkesë
Get Outstanding Invoices,Get Faturat e papaguara
Get Payment Entries,Get Entries pagesës
Get Payments from,Merrni Pagesat nga
Get Sales Orders,Get Sales urdhëron
Get Started Sections,Filloni seksionin e fillimit
Get Suppliers,Merrni Furnizuesit
Get Suppliers By,Merrni Furnizuesit Nga
Get Unreconciled Entries,Get Unreconciled Entries
Get Updates,Get Updates
Gift Card,Karta e Dhuratës
Global Defaults,Defaults Global
Go to {0} List,Shkoni te {0} Lista
Goal,Qëllim
Goods In Transit,Mallrat në tranzit
Goods Transferred,Mallrat e transferuara
Goods are already received against the outward entry {0},Mallrat janë marrë tashmë kundër hyrjes së jashtme {0}
Government,Qeveri
Grace Period,Periudha e Grace
Graduate,I diplomuar
Grand Total,Grand Total
Grand Total (Company Currency),Grand Total (Kompania Valuta)
Greater Than Amount,Më e madhe se Shuma
Green,E gjelbër
Greeting Subtitle,Titra përshëndetëse
Greeting Title,Titulli i përshëndetjes
Greetings Section,Seksioni i përshëndetjeve
Gross Margin,Marzhi bruto
Gross Margin %,Marzhi bruto%
Gross Profit,Fitim bruto
Gross Profit / Loss,Fitimi bruto / Humbja
Gross Purchase Amount,Shuma Blerje Gross
Gross Purchase Amount is mandatory,Gross Shuma Blerje është i detyrueshëm
Gross Weight,Peshë Bruto
Gross Weight UOM,Bruto Pesha UOM
Gross and Net Profit Report,Raporti i fitimit bruto dhe neto
Group,Grup
Group By,Grupi Nga
Group By Customer,Grupi Nga Klienti
Group By Supplier,Grupi Nga Furnizuesi
Group Node,Nyja grup
Group Warehouses cannot be used in transactions. Please change the value of {0},Depot e Grupit nuk mund të përdoren në transaksione. Ju lutemi ndryshoni vlerën e {0
Group by,Grupi Nga
Group by Material Request,Grupo sipas kërkesës materiale
Group by Party,Grup pas Partie
Group by Purchase Order,Grupo sipas porosisë së blerjes
Group by Sales Order,Grupo sipas porosisë së shitjes
Group by Voucher,Grupi nga Bonon
Group node warehouse is not allowed to select for transactions,Depo nyje Group nuk është e lejuar për të zgjedhur për transaksionet
Group same items,Grupi njëjta artikuj
Groups,Grupet
HR Manager,Menaxher HR
HR User,HR User
HR-DRI-.YYYY.-,HR-DRI-.YYYY.-
HR-EMP-,HR-boshllëkun
Half Yearly,Gjysma vjetore
Half-Yearly,Gjashtëmujor
Half-yearly,Gjashtëmujor
Hardware,Hardware
Has Batch No,Ka Serisë Asnjë
Has Certificate ,Ka Certifikatë
Has Expiry Date,Ka Data e Skadimit
Has Print Format,Ka Print Format
Has Serial No,Nuk ka Serial
Has Variants,Ka Variantet
Heads (or groups) against which Accounting Entries are made and balances are maintained.,Kokat (ose grupe) kundër të cilit Hyrjet e kontabilitetit janë bërë dhe bilancet janë të mirëmbajtura.
Health Details,Detajet Shëndeti
Heatmap,Harta e nxehtësisë
Help,Ndihmë
Help Article,Ndihmë Neni
Help Articles,Ndihmë Artikuj
Help Results for,Ndihmë për
Help Section,Seksioni i Ndihmës
Help Text,Ndihmë Teksti
"Here you can maintain family details like name and occupation of parent, spouse and children","Këtu ju mund të mbajë të dhënat e familjes si emrin dhe profesionin e prindërve, bashkëshortit dhe fëmijëve"
"Here you can maintain height, weight, allergies, medical concerns etc","Këtu ju mund të mbajë lartësia, pesha, alergji, shqetësimet mjekësore etj"
Hero Image,Imazhi Hero
Hero Section,Seksioni i Heroit
Hero Section Based On,Seksioni Hero Bazuar Në
Hidden list maintaining the list of contacts linked to Shareholder,Lista fshehur duke ruajtur listën e kontakteve të lidhura me Aksionarin
Hide Currency Symbol,Fshih Valuta size
Hide Customer's Tax ID from Sales Transactions,Fshih ID-në e Taksave të Klientit nga Transaksionet e Shitjes
Hide Unavailable Items,Fshih artikuj të padisponueshëm
High,I lartë
"Higher the number, higher the priority","Më i lartë numri, më i lartë prioriteti"
History In Company,Historia Në kompanisë
Hold,Mbaj
Hold Invoice,Mbaj fatura
Hold Type,Mbajeni Llojin
Holiday,Festë
Holiday List,Festa Lista
Holiday List Name,Festa Lista Emri
Holidays,Pushime
Homepage,Faqe Hyrëse
Homepage Section,Seksioni në faqe
Homepage Section Card,Karta e Seksionit të Faqes
Homepage Slideshow,Slideshow në faqen e internetit
Hour Rate,Ore Rate
Hourly,Çdo orë
Hours,Orë
How Pricing Rule is applied?,Si Rregulla e Çmimeve aplikohet?
How frequently?,Sa shpesh?
How often should Project and Company be updated based on Sales Transactions?,Sa shpesh duhet të azhurnohen Projekti dhe Kompania bazuar në Transaksionet e Shitjes?
Hrs,Orë
Human Resources,Burimeve Njerëzore
IBAN,IBAN
ID,ID
IP Address,Adresa IP
IRS 1099,IRS 1099
ISS-.YYYY.-,ISS-.YYYY.-
Id,Id
Identification of the package for the delivery (for print),Identifikimi i paketës për shpërndarjen (për shtyp)
Identifying Decision Makers,Identifikimi i vendimmarrësve
"If ""Months"" is selected, a fixed amount will be booked as deferred revenue or expense for each month irrespective of the number of days in a month. It will be prorated if deferred revenue or expense is not booked for an entire month","Nëse zgjidhet &quot;Muaj&quot;, një shumë fikse do të rezervohet si e ardhur ose shpenzim i shtyrë për çdo muaj, pavarësisht nga numri i ditëve në një muaj. Do të vlerësohet nëse të ardhurat ose shpenzimet e shtyra nuk rezervohen për një muaj të tërë"
"If Auto Opt In is checked, then the customers will be automatically linked with the concerned Loyalty Program (on save)","Nëse Auto Check Out është kontrolluar, atëherë klientët do të lidhen automatikisht me Programin përkatës të Besnikërisë (në kursim)"
If Income or Expense,Nëse të ardhura ose shpenzime
"If blank, parent Warehouse Account or company default will be considered in transactions","Nëse është bosh, llogaria kryesore e Magazinës ose parazgjedhja e kompanisë do të merren parasysh në transaksione"
"If checked, the tax amount will be considered as already included in the Print Rate / Print Amount","Nëse kontrolluar, shuma e taksave do të konsiderohen si të përfshirë tashmë në Printo Tarifa / Shuma Shtyp"
If different than customer address,Nëse është e ndryshme se sa adresën e konsumatorëve
"If disable, 'In Words' field will not be visible in any transaction","Nëse disable, &quot;me fjalë&quot; fushë nuk do të jetë i dukshëm në çdo transaksion"
"If disable, 'Rounded Total' field will not be visible in any transaction","Nëse disable, fushë &quot;rrumbullakosura Totali i &#39;nuk do të jenë të dukshme në çdo transaksion"
"If item is a variant of another item then description, image, pricing, taxes etc will be set from the template unless explicitly specified","Nëse pika është një variant i një tjetër çështje pastaj përshkrimin, imazhi, çmimi, taksat, etj do të vendoset nga template përveç nëse specifikohet shprehimisht"
If more than one package of the same type (for print),Nëse më shumë se një paketë të të njëjtit lloj (për shtyp)
"If multiple Pricing Rules continue to prevail, users are asked to set Priority manually to resolve conflict.","Nëse Rregullat shumta Çmimeve të vazhdojë të mbizotërojë, përdoruesit janë të kërkohet për të vendosur përparësi dorë për të zgjidhur konfliktin."
"If selected Pricing Rule is made for 'Rate', it will overwrite Price List. Pricing Rule rate is the final rate, so no further discount should be applied. Hence, in transactions like Sales Order, Purchase Order etc, it will be fetched in 'Rate' field, rather than 'Price List Rate' field.","Nëse Rregullimi i Përcaktuar i Çmimeve është bërë për &#39;Rate&#39;, ajo do të mbishkruajë Listën e Çmimeve. Norma e çmimeve të tarifës është norma përfundimtare, kështu që nuk duhet të aplikohet ulje e mëtejshme. Prandaj, në transaksione si Sales Order, Order Purchase etc, do të kërkohet në fushën &#39;Rate&#39;, në vend të &#39;Rate Rate Rate&#39; fushë."
If subcontracted to a vendor,Në qoftë se nënkontraktuar për një shitës
"If the account is frozen, entries are allowed to restricted users.","Në qoftë se llogaria është e ngrirë, shënimet janë të lejuar për përdoruesit të kufizuara."
"If the item is transacting as a Zero Valuation Rate item in this entry, please enable 'Allow Zero Valuation Rate' in the {0} Item table.","Nëse artikulli po kryen veprime si një artikull i Vlerësimit Zero në këtë artikull, ju lutemi aktivizoni &#39;Lejo Zero Vlerësimin e Vlerësimit&#39; në tabelën e {0} Artikullit."
"If there is no assigned timeslot, then communication will be handled by this group","Nëse nuk ka një listë kohore të caktuar, atëherë komunikimi do të trajtohet nga ky grup"
"If this checkbox is checked, paid amount will be splitted and allocated as per the amounts in payment schedule against each payment term","Nëse kjo kuti e zgjedhjes është e zgjedhur, shuma e paguar do të ndahet dhe do të alokohet sipas shumave në orarin e pagesës, për secilin afat pagese"
If this is checked subsequent new invoices will be created on calendar  month and quarter start dates irrespective of current invoice start date,"Nëse kjo është kontrolluar, faturat e reja do të krijohen në muajin kalendarik dhe datat e fillimit të tremujorit, pavarësisht nga data aktuale e fillimit të faturës"
If this is unchecked Journal Entries will be saved in a Draft state and will have to be submitted manually,"Nëse kjo nuk është e zgjedhur, Regjistrimet e Ditarit do të ruhen në një gjendje Draft dhe do të duhet të dorëzohen manualisht"
"If this is unchecked, direct GL entries will be created to book deferred revenue or expense","Nëse kjo nuk zgjidhet, shënimet e drejtpërdrejta të GL do të krijohen për të rezervuar të ardhurat ose shpenzimet e shtyra"
"If this item has variants, then it cannot be selected in sales orders etc.","Nëse ky artikull ka variante, atëherë ajo nuk mund të zgjidhen në shitje urdhrat etj"
"If this option is configured 'Yes', ERPNext will prevent you from creating a Purchase Invoice or Receipt without creating a Purchase Order first. This configuration can be overridden for a particular supplier by enabling the 'Allow Purchase Invoice Creation Without Purchase Order' checkbox in the Supplier master.","Nëse ky opsion është konfiguruar &#39;Po&#39;, ERPNext do t&#39;ju ndalojë të krijoni një Faturë Blerje ose Faturë pa krijuar më parë një Urdhër Blerje. Ky konfigurim mund të anulohet për një furnizues të veçantë duke mundësuar kutinë e zgjedhjes &quot;Lejo krijimin e faturave të blerjes pa urdhër blerjeje&quot; në masterin e furnitorit."
"If this option is configured 'Yes', ERPNext will prevent you from creating a Purchase Invoice without creating a Purchase Receipt first. This configuration can be overridden for a particular supplier by enabling the 'Allow Purchase Invoice Creation Without Purchase Receipt' checkbox in the Supplier master.","Nëse ky opsion është konfiguruar &#39;Po&#39;, ERPNext do t&#39;ju ndalojë të krijoni një Faturë Blerje pa krijuar më parë një Faturë Blerjeje. Ky konfigurim mund të anulohet për një furnizues të veçantë duke mundësuar kutinë e zgjedhjes &quot;Lejo krijimin e faturave të blerjes pa marrjen e blerjes&quot; në masterin e furnitorit."
"If ticked, multiple materials can be used for a single Work Order. This is useful if one or more time consuming products are being manufactured.","Nëse shënohet, shumë materiale mund të përdoren për një Porosi të vetme të Punës. Kjo është e dobishme nëse prodhohen një ose më shumë produkte që konsumojnë shumë kohë."
"If ticked, the BOM cost will be automatically updated based on Valuation Rate / Price List Rate / last purchase rate of raw materials.","Nëse shënohet, kostoja e BOM do të azhurnohet automatikisht bazuar në Vlerësimin e Vlerësimit / Shkallën e Çmimit / Shkallën e fundit të blerjes së lëndëve të para."
"If two or more Pricing Rules are found based on the above conditions, Priority is applied. Priority is a number between 0 to 20 while default value is zero (blank). Higher number means it will take precedence if there are multiple Pricing Rules with same conditions.","Nëse dy ose më shumë Rregullat e Çmimeve janë gjetur në bazë të kushteve të mësipërme, Prioritet është aplikuar. Prioritet është një numër mes 0 deri ne 20, ndërsa vlera e parazgjedhur është zero (bosh). Numri më i lartë do të thotë se do të marrë përparësi nëse ka rregulla të shumta çmimeve me kushte të njëjta."
"If unlimited expiry for the Loyalty Points, keep the Expiry Duration empty or 0.","Nëse skadimi i pakufizuar për Pikat e Besnikërisë, mbajeni Kohëzgjatjen e Skadimit bosh ose 0."
"If you {0} {1} quantities of the item {2}, the scheme {3} will be applied on the item.","Nëse keni {0} {1} sasi të artikullit {2}, skema {3} do të zbatohet në artikull."
"If you {0} {1} worth item {2}, the scheme {3} will be applied on the item.","Nëse {0} {1} ia vlen artikulli {2}, skema {3} do të zbatohet në artikull."
Ignore,Injoroj
Ignore Employee Time Overlap,Ignore kohëzgjatja e punonjësve
Ignore Existing Ordered Qty,Injoroni Qantin Urdhërues Ekzistues
Ignore Existing Projected Quantity,Injoroni sasinë ekzistuese të parashikuar
Ignore Pricing Rule,Ignore Rregulla e Çmimeve
Ignore User Time Overlap,Injoroni Mbivendosjen e Kohës së Përdoruesit
Ignore Workstation Time Overlap,Ignore Time Workstation Mbivendosje
Image,Imazh
Image View,Image Shiko
Import,Import
Import Chart of Accounts from a csv file,Importo Listën e Llogarive nga një skedar CSV
Import File,Dosja e importit
Import File Errors and Warnings,Importo Gabimet dhe Paralajmërimet e Skedarëve
Import Invoices,Faturat e importit
Import Log,Import Identifikohu
Import Log Preview,Paraprakisht e Kontrollit të Regjistrit
Import Preview,Paraprakisht e importit
Import Progress,Përparimi i importit
Import Successful,Importi i suksesshëm
Import Supplier Invoice,Fatura e furnizuesit të importit
Import Type,Lloji i importit
Import Warnings,Paralajmërimet e importit
Import from Google Sheets,Importo nga Google Sheets
Import in Bulk,Importi në Bulk
"Importing {0} of {1}, {2}","Importimi {0} nga {1}, {2}"
In Maintenance,Në Mirëmbajtje
In Mins,Në Mins
In Percentage,Në përqindje
In Process,Në Procesin
In Production,Në prodhim
In Progress,Në progres
In Qty,Në Qty
In Stock,Në magazinë
In Stock Qty,Në modelet Qty
In Transit,Në tranzit
In Value,Në Vlera
In Words,Me fjalë të
In Words (Company Currency),Me fjalë (Kompania Valuta)
In Words (Export) will be visible once you save the Delivery Note.,Me fjalë (eksport) do të jetë i dukshëm një herë ju ruani notën shpërndarëse.
In Words will be visible once you save the Delivery Note.,Me fjalë do të jetë i dukshëm një herë ju ruani notën shpërndarëse.
In Words will be visible once you save the Sales Invoice.,Me fjalë do të jetë i dukshëm një herë ju ruani Sales Faturë.
In Words will be visible once you save the Sales Order.,Me fjalë do të jetë i dukshëm një herë ju ruani Rendit Sales.
In minutes,Në disa minuta
In stock,Në gjendje
"In the case of multi-tier program, Customers will be auto assigned to the concerned tier as per their spent","Në rastin e programit multi-shtresor, Konsumatorët do të caktohen automatikisht në nivelin përkatës sipas shpenzimeve të tyre"
Inactive,Joaktiv
Inactive Customers,Konsumatorët jo aktive
Inactive Sales Items,Artikujt e shitjeve joaktive
Incentives,Nxitjet
Include Ageing Summary,Përfshini përmbledhjen e plakjes
Include Default FB Entries,Përfshini hyrje të librave të paracaktuar
Include Expired,Përfshi skaduar
Include Exploded Items,Përfshirja e artikujve të eksploduar
Include Item In Manufacturing,Përfshini artikullin në prodhim
Include Non Stock Items,Përfshirja e Items Non Stoku
Include POS Transactions,Përfshi transaksione POS
Include Payment,Përfshi Pagesën
Include Payment (POS),Përfshijnë Pagesa (POS)
Include Reconciled Entries,Përfshini gjitha pajtuar
Include Sub-assembly Raw Materials,Përfshini lëndët e para të nën-montimit
Include Subcontracted Items,Përfshini artikujt e nënkontraktuar
Include UOM,Përfshi UOM
Include in gross,Përfshini në bruto
Included in Gross Profit,Përfshihet në Fitimin Bruto
Including items for sub assemblies,Duke përfshirë edhe artikuj për nën kuvendet
Income,Të ardhura
Income Account,Llogaria ardhurat
Incoming,Hyrje
Incoming Rate,Hyrëse Rate
Incoming call from {0},Thirrja hyrëse nga {0
Incorrect Date,Data e pasaktë
Incorrect Warehouse,Magazinë e pasaktë
Incorrect number of General Ledger Entries found. You might have selected a wrong Account in the transaction.,Numri i pasaktë i Librit Kryesor Entries gjetur. Ju mund të keni zgjedhur një Llogari gabuar në transaksion.
Increment,Rritje
Increment cannot be 0,Rritja nuk mund të jetë 0
Increment for Attribute {0} cannot be 0,Rritja për Atributit {0} nuk mund të jetë 0
Indicates that the package is a part of this delivery (Only Draft),Tregon se paketa është pjesë e këtij ofrimit (Vetëm draft)
Indicator Color,Treguesi Ngjyra
Indirect Expenses,Shpenzimet indirekte
Indirect Income,Të ardhurat indirekte
Individual,Individ
Industry,Industri
Industry Type,Industria Type
Initial Email Notification Sent,Dërgimi fillestar i email-it është dërguar
Initiated,Iniciuar
Insert New Records,Futni të dhëna të reja
Inspected By,Inspektohen nga
Inspection Required,Kerkohet Inspektimi
Inspection Required before Delivery,Inspektimi i nevojshëm para dorëzimit
Inspection Required before Purchase,Inspektimi i nevojshëm para se Blerja
Inspection Type,Inspektimi Type
Installation Date,Instalimi Data
Installation Note,Instalimi Shënim
Installation Note Item,Instalimi Shënim Item
Installation Note {0} has already been submitted,Instalimi Shënim {0} tashmë është dorëzuar
Installation Status,Instalimi Statusi
Installation Time,Instalimi Koha
Installation date cannot be before delivery date for Item {0},Data Instalimi nuk mund të jetë para datës së dorëzimit për pika {0}
Installed Qty,Instaluar Qty
Installing presets,Instalimi i paravendosjeve
Instructions,Udhëzime
Insufficient Permissions,Lejet e pamjaftueshme
Insufficient Stock,Stoku pamjaftueshme
Insurance Company,Kompania e sigurimeve
Insurance Details,Details Insurance
Insurance End Date,Data e përfundimit të sigurimit
Insurance Start Date,Data e fillimit të sigurimit
Insurance Start date should be less than Insurance End date,Date Insurance Fillimi duhet të jetë më pak se data Insurance Fund
Insurance details,Detajet e sigurimit
Insured value,Vlera e siguruar
Insurer,Sigurues
Integration Details,Detajet e integrimit
Integration ID,ID e integrimit
Inter Company Invoice Reference,Referenca e Faturës së Ndërmarrjes
Inter Company Journal Entry,Regjistrimi i Inter Journal kompanisë
Inter Company Journal Entry Reference,Referenca e hyrjes në gazetën e kompanisë Inter
Inter Company Order Reference,Referenca e Urdhrit të Ndërmarrjes
Inter Company Reference,Referenca e Ndërmarrjes Inter
Inter Warehouse Transfer Settings,Cilësimet e Transferimit të Magazinës Inter
Interest,Interes
Interested,I interesuar
Internal Transfer,Transfer të brendshme
Internal Work History,Historia e brendshme
Introduction,Paraqitje
Invalid,Invalid
Invalid Account,Llogari e pavlefshme
Invalid Attribute,Atributi i pavlefshëm
Invalid Barcode. There is no Item attached to this barcode.,Barkodi i pavlefshëm. Nuk ka asnjë artikull të bashkangjitur në këtë barkod.
Invalid Blanket Order for the selected Customer and Item,Urdhëri i pavlefshëm i baterisë për klientin dhe artikullin e zgjedhur
Invalid Child Procedure,Procedura e pavlefshme e fëmijëve
Invalid Company for Inter Company Transaction.,Kompania e pavlefshme për transaksionin e ndërmarrjes inter.
Invalid Credentials,Kredenciale të pavlefshme
Invalid Gross Purchase Amount,Shuma e pavlefshme e blerjes bruto
Invalid Item,Artikull i pavlefshëm
Invalid Opening Entry,Hyrje e pavlefshme për Hapjen
Invalid POS Invoices,Fatura të pavlefshme POS
Invalid Parent Account,Llogari e pavlefshme e prindit
Invalid Part Number,Numri i pavlefshëm i pjesës
Invalid Posting Time,Koha e pavlefshme e regjistrimit
Invalid Quantity,Sasia e pavlefshme
Invalid Selling Price,Çmimi i pavlefshëm i shitjes
Invalid URL,URL e pavlefshme
Invalid Value,Vlera e pavlefshme
Invalid condition expression,Shprehje e pavlefshme e kushteve
"Invalid lost reason {0}, please create a new lost reason","Arsye e humbur e pavlefshme {0}, ju lutemi krijoni një arsye të re të humbur"
Invalid naming series (. missing) for {0},Seri të pavlefshme emërtimesh (. Mungon) për {0}
Invalid reference {0} {1},Referenca e pavlefshme {0} {1}
Invalid {0},Invalid {0}
Invalid {0} for Inter Company Transaction.,Inshtë e pavlefshme {0} për transaksionin e ndërmarrjes Inter.
Invalid {0}: {1},Invalid {0}: {1}
Inventory,Inventar
Investments,Investimet
Invoice,Faturë
Invoice Date,Data e faturës
Invoice Discounting,Zbritja e faturës
Invoice Grand Total,Fatura e përgjithshme totale
Invoice Number,Numri i faturës
Invoice Portion,Pjesa e faturës
Invoice Posting Date,Fatura Posting Data
Invoice Series,Seritë e faturave
Invoice Status,Statusi i faturës
Invoice Type,Lloji Faturë
Invoice already created for all billing hours,Fatura tashmë është krijuar për të gjitha orët e faturimit
Invoice can't be made for zero billing hour,Faturë nuk mund të bëhet për zero orë faturimi
Invoiced Amount,Shuma e faturuar
Invoices,Faturat
Inward,Nga brenda
Is Account Payable,Është Llogaria e pagueshme
Is Active,Është Aktiv
Is Advance,Është Advance
Is Billable,Është e pagueshme
Is Cancelled,Është anuluar
Is Company,Është kompania
Is Company Account,Është llogaria e kompanisë
Is Consolidated,Konsolidohet
Is Container,Është kontejner
Is Cumulative,Shtë kumulativ
Is Customer Provided Item,A është Artikujt e Siguruar nga Klientët
Is Default,Është e albumit
Is Default Account,.Shtë llogari e paracaktuar
Is Default Language,.Shtë Gjuha e Parazgjedhur
Is Delivery Note Required for Sales Invoice Creation?,A kërkohet shënimi i dorëzimit për krijimin e faturave të shitjes?
Is Discounted,Isshtë zbritur
Is Existing Asset,Është Asetin ekzistuese
Is Fixed Asset,Është i aseteve fikse
Is Free Item,Itemshtë artikull falas
Is Frozen,Është ngrira
Is Group,Është grup
Is Internal Customer,Është Konsumatori i Brendshëm
Is Internal Supplier,Është furnizuesi i brendshëm
Is Mandatory,Shtë e Detyrueshme
Is Milestone,A Milestone
Is Opening,Është Hapja
Is Opening Entry,Është Hapja Hyrja
Is Paid,Është Paid
Is Purchase Order Required for Purchase Invoice & Receipt Creation?,A kërkohet Porosia e Blerjes për Faturën e Blerjes dhe Krijimin e Faturës?
Is Purchase Receipt Required for Purchase Invoice Creation?,A kërkohet Fatura e Blerjes për Krijimin e Faturës së Blerjes?
Is Return,Është Kthimi
Is Return (Credit Note),Është Kthimi (Shënimi i Kredisë)
Is Return (Debit Note),Është kthimi (Shënimi i debitit)
Is Sales Order Required for Sales Invoice & Delivery Note Creation?,A kërkohet porosia e shitjes për krijimin e faturës së shitjes dhe shënimit të dorëzimit?
Is Standard,Është standard
Is Subcontracted,Është nënkontraktuar
Is Transporter,Është transporter
Is a Subscription,Është një abonim
Is this Tax included in Basic Rate?,A është kjo Tatimore të përfshira në normën bazë?
Issue,Çështje
Issue Credit Note,Çështja e Shënimit të Kredisë
Issue Date,Çështja Data
Issue Material,Materiali çështje
Issue Priority,Lëshoni përparësi
Issue Split From,Nxjerrë Split Nga
Issue Type,Lloji i emetimit
Issued,Lëshuar
Issued Items Against Work Order,Lëshuar Artikuj Kundër Rendit Punë
Issues,Çështjet
Issuing Date,Data e lëshimit
It is needed to fetch Item Details.,Është e nevojshme për të shkoj të marr dhëna të artikullit.
Item,Artikull
Item 1,Pika 1
Item 2,Item 2
Item 3,Pika 3
Item 4,Pika 4
Item 5,Pika 5
Item Alternative,Alternativa e artikullit
Item Attribute,Item Attribute
Item Attribute Value,Item atribut Vlera
Item Attribute Values,Vlerat Item ia atribuojnë
Item Balance (Simple),Bilanci i artikullit (I thjeshtë)
Item Barcode,Item Barkodi
Item Cart,Item Shporta
Item Code,Kodi i artikullit
Item Code > Item Group > Brand,Kodi i Artikullit&gt; Grupi i Artikujve&gt; Marka
Item Code cannot be changed for Serial No.,Kodi artikull nuk mund të ndryshohet për të Serial Nr
Item Code required at Row No {0},Kodi i artikullit kërkohet në radhë nr {0}
Item Code: {0} is not available under warehouse {1}.,Kodi i artikullit: {0} nuk është i disponueshëm nën depo {1}.
Item Customer Detail,Item Detail Klientit
Item Default,Pika e parazgjedhur
Item Defaults,Përcaktimet e objektit
Item Description,Përshkrimi i artikullit
Item Details,Detajet e artikullit
Item Group,Grupi i artikullit
Item Group Defaults,Parametrat e grupit të artikullit
Item Group Name,Item Emri i Grupit
Item Group Tree,Item Group Tree
Item Group not mentioned in item master for item {0},Grupi pika nuk përmendet në pikën për të zotëruar pikën {0}
Item Groups,Grupet artikull
Item Image (if not slideshow),Item Image (nëse nuk Slideshow)
Item Locations,Vendndodhjet e sendeve
Item Manager,Item Menaxher
Item Manufacturer,Item Prodhuesi
Item Name,Emri i artikullit
Item Naming By,Item Emërtimi By
Item Price,Item Çmimi
Item Price Stock,Çmimi i Artikullit
Item Price added for {0} in Price List {1},Item Çmimi shtuar për {0} në çmim Lista {1}
Item Price updated for {0} in Price List {1},Item Çmimi përditësuar për {0} në çmimore {1}
Item Prices,Çmimet pika
Item Quality Inspection Parameter,Item Cilësia Inspektimi Parametri
Item Reorder,Item reorder
Item Row {0}: {1} {2} does not exist in above '{1}' table,Rreshti i artikullit {0}: {1} {2} nuk ekziston në tabelën e mësipërme &#39;{1}&#39;
Item Serial No,Item Nr Serial
Item Shortage Report,Item Mungesa Raport
Item Supplier,Item Furnizuesi
Item Tax,Tatimi i artikullit
Item Tax Amount Included in Value,Shuma e taksës së artikullit të përfshirë në vlerë
Item Tax Rate,Item Tax Rate
Item Tax Row {0} must have account of type Tax or Income or Expense or Chargeable,Row Tatimore pika {0} duhet të keni një llogari te tipit Tatimit ose e ardhur ose shpenzim ose ngarkimit
Item Tax Template,Modeli i Taksave të Artikujve
Item Tax Template Detail,Detaji i modelit të taksave të artikullit
Item To Manufacture,Item Për Prodhimi
Item UOM,Item UOM
Item Unavailable,Artikulli i padisponueshëm
Item Variant,Item Variant
Item Variant Attribute,Item Varianti Atributi
Item Variant Details,Detajet e variantit të artikullit
Item Variant Settings,Cilësimet e variantit të artikullit
Item Variant {0} already exists with same attributes,Item Varianti {0} tashmë ekziston me atributet e njëjta
Item Variants updated,Variantet e artikullit azhurnohen
Item Website Specification,Item Faqja Specifikimi
Item Weight Details,Pesha Detajet e artikullit
Item Wise Tax Detail,Item Tatimore urti Detail
Item and Warranty Details,Pika dhe Garanci Details
Item for row {0} does not match Material Request,Artikulli për rreshtin {0} nuk përputhet me Kërkesën e Materialit
Item has variants.,Item ka variante.
Item must be added using 'Get Items from Purchase Receipts' button,Item duhet të shtohen duke përdorur &#39;të marrë sendet nga blerjen Pranimet&#39; button
Item name,Item Emri
Item operation,Veprimi i artikullit
Item to be manufactured or repacked,Pika për të prodhuar apo ripaketohen
Item valuation rate is recalculated considering landed cost voucher amount,Shkalla e vlerësimit Item rillogaritet duke marrë parasysh ul sasinë kuponave kosto
Item variant {0} exists with same attributes,Item variant {0} ekziston me atributet e njëjta
Item {0} does not exist,Item {0} nuk ekziston
Item {0} does not exist in the system or has expired,Item {0} nuk ekziston në sistemin apo ka skaduar
Item {0} has already been returned,Item {0} tashmë është kthyer
Item {0} has been disabled,{0} Artikull ka qenë me aftësi të kufizuara
Item {0} has no Serial No. Only serilialized items can have delivery based on Serial No,Artikulli {0} nuk ka numër serial. Vetëm artikujt e serializuar mund të kenë dorëzim bazuar në nr
Item {0} has reached its end of life on {1},Item {0} ka arritur në fund të saj të jetës në {1}
Item {0} ignored since it is not a stock item,Item {0} injoruar pasi ajo nuk është një artikull të aksioneve
Item {0} is cancelled,Item {0} është anuluar
Item {0} is disabled,Item {0} është me aftësi të kufizuara
Item {0} is not a serialized Item,Item {0} nuk është një Item serialized
Item {0} is not a stock Item,Item {0} nuk është një gjendje Item
Item {0} is not active or end of life has been reached,Item {0} nuk është aktiv apo fundi i jetës është arritur
Item {0} must be a Fixed Asset Item,Item {0} duhet të jetë një artikull Fixed Asset
Item {0} must be a Sub-contracted Item,Item {0} duhet të jetë një nënkontraktohet Item
Item {0} must be a non-stock item,{0} Artikull duhet të jetë një element jo-aksioneve
Item {0}: Ordered qty {1} cannot be less than minimum order qty {2} (defined in Item).,Item {0}: Qty Urdhërohet {1} nuk mund të jetë më pak se Qty mënyrë minimale {2} (përcaktuar në pikën).
Item {0}: {1} qty produced. ,Artikulli {0}: {1} prodhohet.
Item-wise Price List Rate,Pika-mençur Lista e Çmimeve Rate
Item-wise Purchase History,Historia Blerje pika-mençur
Item-wise Purchase Register,Pika-mençur Blerje Regjistrohu
Item-wise Sales History,Pika-mençur Historia Sales
Item-wise Sales Register,Pika-mençur Sales Regjistrohu
Item: {0} does not exist in the system,Item: {0} nuk ekziston në sistemin
Items,Artikuj
Items Filter,Artikuj Filter
Items Required,Sendet e Kërkuara
Items To Be Requested,Items të kërkohet
Items for Raw Material Request,Artikuj për kërkesë të lëndës së parë
Items to Manufacture are required to pull the Raw Materials associated with it.,Artikujt për Prodhim u kërkohet të tërheqin Lëndët e para që lidhen me të.
Items under this warehouse will be suggested,Artikujt nën këtë depo do të sugjerohen
Itemwise Discount,Itemwise Discount
Itemwise Recommended Reorder Level,Itemwise Recommended reorder Niveli
Job Card,Karta e Punës
Job Card Analysis,Analiza e Kartës së Punës
Job Card Item,Punë me kartë pune
Job Card Summary,Përmbledhje e Kartës së Punës
Job Card Time Log,Regjistri i Kohës së Kartës së Punës
Job Started,Filloi puna
Job Title,Titulli Job
Job card {0} created,Kartë të punës {0} është krijuar
Journal Entries {0} are un-linked,Journal Entries {0} janë të pa-lidhura
Journal Entry,Journal Hyrja
Journal Entry Account,Llogaria Journal Hyrja
Journal Entry Template,Modeli i hyrjes në ditar
Journal Entry Template Account,Llogaria e modelit të hyrjes në ditar
Journal Entry Type,Lloji i hyrjes në ditar
Journal Entry for Scrap,Journal Hyrja për skrap
Journal Entry {0} does not have account {1} or already matched against other voucher,Journal Hyrja {0} nuk ka llogari {1} ose tashmë krahasohen me kupon tjetër
Kanban Board,Kanban Board
"Keep Track of Sales Campaigns. Keep track of Leads, Quotations, Sales Order etc from Campaigns to gauge Return on Investment. ","Mbani gjurmët e Fushatave Sales. Mbani gjurmët e kryeson, citatet, Sales Rendit etj nga Fushata për të vlerësuar kthimit mbi investimin."
Key,Kyç
Keyboard Shortcuts,Shkurtoret e tastierës
Kindly select the company first,Me mirësi zgjidhni kompaninë së pari
Label,Etiketë
Landed Cost Help,Zbarkoi Kosto Ndihmë
Landed Cost Item,Kosto zbarkoi Item
Landed Cost Purchase Receipt,Kosto zbarkoi Blerje Receipt
Landed Cost Taxes and Charges,Taksat zbarkoi Kosto dhe Tarifat
Landed Cost Voucher,Zbarkoi Voucher Kosto
Landed Cost Voucher Amount,Kosto zbarkoi Voucher Shuma
Landscape,Peizazh
Language,Gjuhë
Lapsed,Skaduar
Large,I madh
Last Carbon Check,Last Kontrolloni Carbon
Last Communication,Komunikimi i fundit
Last Communication Date,Data e fundit Komunikimi
Last Completion Date,Data e përfundimit të fundit
Last Integration Date,Data e fundit e integrimit
Last Month Downtime Analysis,Muajin e kaluar Analiza e joproduktive
Last Name,Mbiemër
Last Order Amount,Shuma Rendit Fundit
Last Order Date,Rendit fundit Date
Last Purchase Rate,Rate fundit Blerje
Last Stock Transaction for item {0} under warehouse {1} was on {2}.,Transaksioni i fundit i aksioneve për artikullin {0} nën depo {1} ishte më {2}.
Last carbon check date cannot be a future date,Data e fundit e kontrollit të karbonit nuk mund të jetë një datë e ardhshme
Latest,Fundit
Latest Age,Mosha e fundit
Latitude,Gjerësi
Lead,Lead
Lead Count,Numërimi Lead
Lead Details,Detajet Lead
Lead Name,Emri Lead
Lead Owner,Lead Owner
Lead Owner Efficiency,Efikasiteti Lead Owner
Lead Source,Burimi Lead
Lead Time,Koha e Plumbit
Lead Time (Days),Koha e udhëheqjes (Ditët)
Lead Time (in mins),Koha e plumbit (në minuta)
Lead Time Date,Lead Data Koha
Lead Time Days,Lead ditësh
Lead Time in days,Lead Koha në ditë
Lead Type,Lead Type
"Leads help you get business, add all your contacts and more as your leads","Çon ju ndihmojë të merrni të biznesit, shtoni të gjitha kontaktet tuaja dhe më shumë si çon tuaj"
Leave Encashed?,Dërgo arkëtuar?
Leave blank if the Supplier is blocked indefinitely,Lëreni bosh nëse Furnizuesi bllokohet për një kohë të pacaktuar
Leave blank to use the standard Delivery Note format,Lëreni bosh për të përdorur formatin standard të Shënimit të Dorëzimit
Ledger,Libër i llogarive
Left,Majtas
Left Index,Indeksi i majtë
Legal,Legal
Legal Entity / Subsidiary with a separate Chart of Accounts belonging to the Organization.,Personit juridik / subsidiare me një tabelë të veçantë e llogarive i përkasin Organizatës.
Legal Expenses,Shpenzimet ligjore
Length,Gjatësi
Less Than Amount,Më pak se shuma
Letter Head,Letër Shef
Letter or Email Body Text,Letra ose teksti i trupit
Letter or Email Closing Text,Tekst Mbyllës i Letrës ose Emailit
Level,Nivel
Lft,Lft
Liabilities,Detyrimet
Liability,Detyrim
License Details,Detajet e Licencës
License Number,Numri i licencës
License Plate,Targë
Likes,Preferencë
Limit Crossed,Limit Kaloi
Limited to 12 characters,Kufizuar në 12 karaktere
Line spacing for amount in words,Hapësira Line për shumën në fjalë
Link,Lidhje
Link Options,Opsionet e Lidhjes
Link existing Quality Procedure.,Lidh procedurën ekzistuese të cilësisë.
Link to Material Request,Lidhje me kërkesën materiale
Link to Material Requests,Lidhje me kërkesat materiale
Linked Documents,Dokumente të lidhura
Linked Invoices,Faturat e lidhura
Linked Location,Vendndodhja e lidhur
Links,Lidhjet
List items that form the package.,Artikuj lista që formojnë paketë.
Load All Criteria,Ngarkoni të gjitha kriteret
Loading import file...,Po ngarkon skedarin e importit ...
Loan,Hua
Loan End Date,Data e përfundimit të huasë
Loan Period (Days),Periudha e huasë (Ditët)
Loan Start Date,Data e fillimit të huasë
Loan Start Date and Loan Period are mandatory to save the Invoice Discounting,Data e fillimit të huasë dhe periudha e huasë janë të detyrueshme për të kursyer zbritjen e faturës
Loans (Liabilities),Kredi (obligimeve)
Loans and Advances (Assets),Kreditë dhe paradhëniet (aktiveve)
Local,Lokal
Location,Vend
Location Details,Detajet e vendndodhjes
Location Name,Emri i Vendit
Logo,Logo
Longitude,Gjatësi
Lost,I humbur
Lost Opportunity,Mundësia e Humbur
Lost Quotation,Lost Citat
Lost Reason,Humbur Arsyeja
Lost Reason Detail,Detaji i humbur i arsyes
Lost Reasons,Arsyet e humbura
Low,Ulët
Lower Deduction Certificate,Certifikata e Uljes së Ulët
Lower Income,Të ardhurat më të ulëta
Loyalty Amount,Shuma e Besnikërisë
Loyalty Point Entry,Hyrja e pikës së besnikërisë
Loyalty Point Entry Redemption,Shlyerja e hyrjes në pikat e besnikërisë
Loyalty Points,Pikë Besnikërie
Loyalty Points Redemption,Pikëpamja e Besnikërisë
"Loyalty Points will be calculated from the spent done (via the Sales Invoice), based on collection factor mentioned.","Pikat e Besnikërisë do të llogariten nga shpenzimet e kryera (nëpërmjet Faturës së Shitjes), bazuar në faktorin e grumbullimit të përmendur."
Loyalty Points: {0},Pikë Besnikërie: {0}
Loyalty Program,Programi i besnikërisë
Loyalty Program Collection,Mbledhja e programit të besnikërisë
Loyalty Program Help,Ndihmë për programin e besnikërisë
Loyalty Program Name,Emri i Programit të Besnikërisë
Loyalty Program Tier,Programi i Besnikërisë Tier
Loyalty Program Type,Lloji i programit të besnikërisë
MAT-DN-.YYYY.-,MAT-DN-.YYYY.-
MAT-DN-RET-.YYYY.-,MAT-DN-RET-.VVVV.-
MAT-DT-.YYYY.-,MAT-DT-.YYYY.-
MAT-INS-.YYYY.-,MAT-INS-.YYYY.-
MAT-LCV-.YYYY.-,MAT-LCV-.YYYY.-
MAT-MR-.YYYY.-,MAT-MR-.YYYY.-
MAT-MSH-.YYYY.-,MAT-MSH-.YYYY.-
MAT-MVS-.YYYY.-,MAT-MVS-.YYYY.-
MAT-PAC-.YYYY.-,MAT-PAC-.YYYY.-
MAT-PR-RET-.YYYY.-,MAT-PR-RET-.VVVV.-
MAT-PRE-.YYYY.-,MAT-PRE-.YYYY.-
MAT-QA-.YYYY.-,MAT-QA-.YYYY.-
MAT-RECO-.YYYY.-,MAT-RECO-.YYYY.-
MAT-STE-.YYYY.-,MAT-ste-.YYYY.-
MFG-BLR-.YYYY.-,MFG-BLR-.YYYY.-
MFG-PP-.YYYY.-,MFG-PP-.YYYY.-
MFG-WO-.YYYY.-,MFG-WO-.YYYY.-
Machine,Makinë
Machine malfunction,Mosfunksionimi i makinës
Machine operator errors,Gabimet e operatorit të makinës
Main,Kryesor
Maintain Same Rate Throughout Sales Cycle,Ruajtja njëjtin ritëm Gjatë gjithë Sales Cikli
Maintain Same Rate Throughout the Purchase Cycle,Ruani të njëjtën normë përgjatë ciklit të blerjes
Maintain Stock,Ruajtja Stoku
Maintenance,Mirëmbajtje
Maintenance Date,Mirëmbajtja Data
Maintenance Log,Mirëmbajtja e regjistrit
Maintenance Manager,Mirëmbajtja Menaxher
Maintenance Manager Name,Emri Menaxheri i Mirëmbajtjes
Maintenance Required,Kërkohet Mirëmbajtja
Maintenance Role,Roli i Mirëmbajtjes
Maintenance Schedule,Mirëmbajtja Orari
Maintenance Schedule Detail,Mirëmbajtja Orari Detail
Maintenance Schedule Item,Orari Mirëmbajtja Item
Maintenance Schedule is not generated for all the items. Please click on 'Generate Schedule',Mirëmbajtja Orari nuk është krijuar për të gjitha sendet. Ju lutem klikoni në &quot;Generate Listën &#39;
Maintenance Schedule {0} exists against {1},Mirëmbajtja Shtojca {0} ekziston kundër {1}
Maintenance Schedules,Mirëmbajtja Oraret
Maintenance Status,Mirëmbajtja Statusi
Maintenance Status has to be Cancelled or Completed to Submit,Statusi i mirëmbajtjes duhet të anulohet ose të përfundohet për t&#39;u dërguar
Maintenance Task,Detyra e mirëmbajtjes
Maintenance Tasks,Detyrat e Mirmbajtjes
Maintenance Team,Ekipi i Mirëmbajtjes
Maintenance Team Member,Anëtar i ekipit të mirëmbajtjes
Maintenance Team Members,Anëtarët e ekipit të mirëmbajtjes
Maintenance Team Name,Emri i ekipit të mirëmbajtjes
Maintenance Time,Mirëmbajtja Koha
Maintenance Type,Mirëmbajtja Type
Maintenance User,Mirëmbajtja User
Maintenance Visit,Mirëmbajtja Vizitoni
Maintenance Visit Purpose,Mirëmbajtja Vizitoni Qëllimi
Maintenance start date can not be before delivery date for Serial No {0},Data e fillimit të mirëmbajtjes nuk mund të jetë para datës së dorëzimit për Serial Nr {0}
Major/Optional Subjects,/ Subjektet e mëdha fakultative
Make,Bëj
Make Depreciation Entry,Bëni Amortizimi Hyrja
Make Difference Entry,Bëni Diferenca Hyrja
Make Payment via Journal Entry,Të bëjë pagesën përmes Journal Hyrja
Make Purchase Invoice,Bëni Blerje Faturë
Make Sales Invoice,Bëni Sales Faturë
Make Stock Entry,Bëni hyrjen e aksioneve
Make a call,Bej nje telefonate
Make project from a template.,Bëni projektin nga një shabllon.
Make {0},Bëni {0}
Manage cost of operations,Menaxhuar koston e operacioneve
Manage your orders,Menaxho urdhërat tuaj
Management,Drejtuesit
Mandatory,I detyrueshëm
Mandatory Depends On,E detyrueshme varet nga
Mandatory For Balance Sheet,E detyrueshme për bilancin e gjendjes
Mandatory For Profit and Loss Account,E detyrueshme për llogarinë e fitimit dhe humbjes
Mandatory Missing,Mungon e Detyrueshme
Mandatory Purchase Order,Urdhri i Blerjes së Detyrueshëm
Mandatory Purchase Receipt,Fatura e Blerjes së Detyrueshme
Manual,Udhëzues
Manual entry cannot be created! Disable automatic entry for deferred accounting in accounts settings and try again,Hyrja manuale nuk mund të krijohet! Çaktivizoni hyrjen automatike për kontabilitetin e shtyrë në cilësimet e llogarive dhe provoni përsëri
Manufacture,Prodhim
Manufacture against Material Request,Prodhimi kundër kërkesës materiale
Manufactured Qty,Prodhuar Qty
Manufacturer,Prodhues
Manufacturer Part Number,Prodhuesi Pjesa Numër
Manufacturer Part Number <b>{0}</b> is invalid,Numri i Pjesës së Prodhuesit <b>{0}</b> është i pavlefshëm
Manufacturers used in Items,Prodhuesit e përdorura në artikujt
Manufacturing,Prodhim
Manufacturing Date,Date e prodhimit
Manufacturing Manager,Prodhim Menaxher
Manufacturing Quantity is mandatory,Prodhim Sasia është e detyrueshme
Manufacturing Section,Seksioni i Prodhimit
Manufacturing Settings,Prodhim Cilësimet
Manufacturing User,Prodhim i përdoruesit
Margin,Diferencë
Margin Money,Paratë e margjinës
Margin Rate or Amount,Margin Vlerësoni ose Shuma
Margin Type,Margin Lloji
Marital Status,Statusi martesor
Market Segment,Segmenti i Tregut
Marketing,Marketing
Marketing Expenses,Shpenzimet e Marketingut
Married,I martuar
Mask,Maskë
Master,Mjeshtër
Material,Material
Material Consumption,Konsumi material
Material Consumption for Manufacture,Konsumi material për prodhim
Material Consumption is not set in Manufacturing Settings.,Konsumi i materialit nuk është vendosur në Cilësimet e Prodhimtaria.
Material Issue,Materiali Issue
Material Receipt,Pranimi materiale
Material Request,Kërkesë materiale
Material Request Date,Material Kërkesa Date
Material Request Detail,Detaji i Kërkesës Materiale
Material Request Item,Materiali Kërkesë Item
Material Request No,Materiali Kërkesë Asnjë
Material Request Plan Item,Plani i Kërkesës Materiale Plani
Material Request Planning,Planifikimi i Kërkesave Materiale
Material Request Type,Material Type Kërkesë
"Material Request not created, as quantity for Raw Materials already available.","Kërkesa materiale nuk është krijuar, si sasi për Lëndët e para tashmë të disponueshme."
Material Request of maximum {0} can be made for Item {1} against Sales Order {2},Kërkesa material i maksimumi {0} mund të jetë bërë për Item {1} kundër Sales Rendit {2}
Material Request used to make this Stock Entry,Kërkesa material përdoret për të bërë këtë Stoku Hyrja
Material Request {0} is cancelled or stopped,Materiali Kërkesë {0} është anuluar ose ndërprerë
Material Request {0} submitted.,Kërkesa materiale {0} e paraqitur.
Material Requested,Materiali i kerkuar
Material Requests,Kërkesat materiale
Material Requests Required,Kërkohen kërkesa materiale
Material Requests for which Supplier Quotations are not created,Kërkesat materiale për të cilat Kuotimet Furnizuesi nuk janë krijuar
Material Transfer,Transferimi materiale
Material Transfer for Manufacture,Transferimi materiale për Prodhimin
Material Transferred,Materiali i transferuar
Material Transferred for Manufacture,Material Transferuar për Prodhime
Material Transferred for Manufacturing,Materiali Transferuar për Prodhim
Material Transferred for Subcontract,Transferimi i materialit për nënkontratë
Material to Supplier,Materiale për Furnizuesin
Materials Required (Exploded),Materialet e nevojshme (Shpërtheu)
Max Amount,Shuma maksimale
Max Amt,Amt Amt
Max Discount (%),Max Discount (%)
Max Grade,Max Grade
Max Qty,Max Qty
Max Sample Quantity,Sasi Maksimale e mostrës
Max Score,Pikët maksimale
Max discount allowed for item: {0} is {1}%,Max zbritje lejohet për artikull: {0} është {1}%
Max: {0},Max: {0}
Maximum Invoice Amount,Shuma maksimale Faturë
Maximum Samples - {0} can be retained for Batch {1} and Item {2}.,Mostrat maksimale - {0} mund të ruhen për Serinë {1} dhe Pikën {2}.
Maximum Samples - {0} have already been retained for Batch {1} and Item {2} in Batch {3}.,Mostrat maksimale - {0} tashmë janë ruajtur për Serinë {1} dhe Pikën {2} në Serinë {3}.
Maximum Use,Përdorimi maksimal
Maximum discount for Item {0} is {1}%,Zbritja maksimale për Item {0} është {1}%
Maximum sample quantity that can be retained,Sasia maksimale e mostrës që mund të ruhet
Medium,Medium
Mention Valuation Rate in the Item master.,Përmendni Vlerësimin e Vlerësimit në masterin e Artikullit.
Mention if non-standard payable account,Përmend në qoftë se llogaria jo-standarde pagueshme
Mention if non-standard receivable account applicable,Përmend në qoftë se jo-standarde llogari të arkëtueshme të zbatueshme
Merge,Shkrihet
Merge Account,Merge Account
Merge with Existing Account,Bashkohu me llogarinë ekzistuese
Merge with existing,Përziej me ekzistuese
Message,Mesazh
Message Examples,Mesazh Shembuj
Message Sent,Mesazh dërguar
Message for Supplier,Mesazh për Furnizuesin
Message to show,Mesazhi për të treguar
Message will be sent to the users to get their status on the Project,Mesazhi do t&#39;u dërgohet përdoruesve për të marrë statusin e tyre në Projekt
Messages greater than 160 characters will be split into multiple messages,Mesazhet më të mëdha se 160 karaktere do të ndahet në mesazhe të shumta
Middle Income,Të ardhurat e mesme
Middle Name,Emri i dytë
Min Amount,Shuma e vogël
Min Amt,Min Amt
Min Amt can not be greater than Max Amt,Min Amt nuk mund të jetë më i madh se Max Amt
Min Grade,Min Grade
Min Order Qty,Rendit min Qty
Min Qty,Min Qty
Min Qty can not be greater than Max Qty,Min Qty nuk mund të jetë më i madh se Max Qty
Minimum Invoice Amount,Shuma minimale Faturë
Minimum Lead Age (Days),Lead Minimumi moshes (ditë)
Minimum Order Qty,Minimale Rendit Qty
Minimum Order Quantity,Sasia minimale e porosisë
Minimum Qty,Qty. Minimale
Minimum Total Spent,Minimumi i shpenzimeve totale
Minimum quantity should be as per Stock UOM,Sasia minimale duhet të jetë sipas UOM Stoku
Minute,Minutë
Minutes,Minuta
Miscellaneous Expenses,Shpenzimet Ndryshme
Missing Account,Mungon llogaria
Missing Values Required,Vlerave të zhdukur kërkuar
Missing email template for dispatch. Please set one in Delivery Settings.,Modeli i emailit që mungon për dërgimin. Vendosni një në Parametrat e Dorëzimit.
Mixed Conditions,Kushtet e përziera
Mobile,I lëvizshëm
Mobile No,Mobile Asnjë
Mobile Number,Numri Mobile
Mode Of Payment,Mënyra e pagesës
Mode of Payment,Mënyra e pagesës
Mode of Payment Account,Mënyra e Llogarisë Pagesave
Mode of Payments,Mënyra e pagesave
Model,Model
Modes of Payment,Mënyrat e pagesës
Modified By,Modifikuar nga
Monday,E hënë
Monitor Progress,Monitorimi i progresit
Monitoring Frequency,Frekuenca e monitorimit
Month,Muaj
Month(s) after the end of the invoice month,Muaj (a) pas përfundimit të muajit të faturës
Monthly,Mujor
Monthly Completed Work Orders,Urdhrat e punës së përfunduar mujore
Monthly Distribution,Shpërndarja mujore
Monthly Distribution Percentage,Mujor Përqindja e shpërndarjes
Monthly Distribution Percentages,Përqindjet mujore Shpërndarjes
Monthly Quality Inspections,Inspektimet mujore të cilësisë
Monthly Rate,Norma mujore
Monthly Sales Target,Synimi i shitjeve mujore
Monthly Total Work Orders,Porositë totale mujore të punës
Months,Muaj
More Info,More Info
More Information,Me shume informacion
More details,Më shumë detaje
Move,Veprim
Move Item,Leviz Item
Moving Average,Moving Mesatare
Multi Currency,Multi Valuta
"Multiple Price Rules exists with same criteria, please resolve conflict by assigning priority. Price Rules: {0}","Rregullat e çmimeve të shumta ekziston me kritere të njëjta, ju lutemi të zgjidhur konfliktin duke caktuar prioritet. Rregullat Çmimi: {0}"
Multiple Tier Program,Programi Multiple Tier
Multiple Variants,Variante të shumëfishta
Multiple fiscal years exist for the date {0}. Please set company in Fiscal Year,Vite të shumta fiskale ekzistojnë për datën {0}. Ju lutemi të vënë kompaninë në vitin fiskal
Must be Whole Number,Duhet të jetë numër i plotë
Mute Email,Mute Email
,N / A
Name,Emër
Name and Employee ID,Emri dhe punonjës ID
Name of Beneficiary,Emri i Përfituesit
Name of new Account. Note: Please don't create accounts for Customers and Suppliers,Emri i llogarisë së re. Shënim: Ju lutem mos krijoni llogari për klientët dhe furnizuesit
Name of the Monthly Distribution,Emri i Shpërndarjes Mujore
Naming Series,Emërtimi Series
Naming Series Prefix,Emërtimi i Prefixit të Serive
Natural Gas,Gazit natyror
Needs Analysis,Analiza e Nevojave
Negative Quantity is not allowed,Sasi negativ nuk është e lejuar
Negative Valuation Rate is not allowed,Negativ Rate Vlerësimi nuk është e lejuar
Negotiation/Review,Negocimi / Rishikimi
Net Amount,Shuma neto
Net Amount (Company Currency),Shuma neto (Kompania Valuta)
Net Asset value as on,Vlera neto e aseteve si në
Net Cash from Financing,Paraja neto nga financimi
Net Cash from Investing,Paraja neto nga Investimi
Net Cash from Operations,Paraja neto nga operacionet
Net Change in Accounts Payable,Ndryshimi neto në llogaritë e pagueshme
Net Change in Accounts Receivable,Ndryshimi neto në llogarive të arkëtueshme
Net Change in Cash,Ndryshimi neto në para të gatshme
Net Change in Equity,Ndryshimi neto në ekuitetit
Net Change in Fixed Asset,Ndryshimi neto në aseteve fikse
Net Change in Inventory,Ndryshimi neto në Inventarin
Net Hour Rate,Shkalla neto Ore
Net Profit,Fitimi neto
Net Profit/Loss,Fitimi / Humbja neto
Net Rate,Net Rate
Net Rate (Company Currency),Net Rate (Kompania Valuta)
Net Total,Net Total
Net Total (Company Currency),Net Total (Kompania Valuta)
Net Weight,Net Weight
Net Weight UOM,Net Weight UOM
New,I ri
New Account Name,New Emri i llogarisë
New Asset Value,Vlera e re e aseteve
New Assets (This Year),Pasuritë e reja (këtë vit)
New BOM,BOM i ri
New Balance In Base Currency,Bilanci i ri në monedhën bazë
New Batch ID (Optional),New ID Batch (Fakultativ)
New Batch Qty,New Batch Qty
New Company,Kompania e re
New Cost Center Name,Qendra Kosto New Emri
New Customer Revenue,Të ardhurat New Customer
New Customers,Klientët e Rinj
New Department,Departamenti i ri
New Employee,Punonjës i ri
New Event,Ngjarje e re
New Exchange Rate,Norma e re e këmbimit
New Expenses,Shpenzimet e reja
New Income,Të ardhurat e re
New Location,Vendndodhja e re
New Purchase Invoice,Faturë e re për blerje
New Purchase Orders,Blerje porositë e reja
New Quality Procedure,Procedura e re e cilesise
New Quotations,Citate të reja
New Sales Invoice,Sales New Fatura
New Sales Orders,Shitjet e reja Urdhërat
New Sales Person Name,Emri i ri Sales Person
New Serial No cannot have Warehouse. Warehouse must be set by Stock Entry or Purchase Receipt,Jo i ri Serial nuk mund të ketë depo. Magazina duhet të përcaktohen nga Bursa e hyrjes ose marrjes Blerje
New Warehouse Name,New Magazina Emri
New Workplace,New Workplace
New credit limit is less than current outstanding amount for the customer. Credit limit has to be atleast {0},Kufiri i ri i kredisë është më pak se shuma aktuale të papaguar për konsumatorin. kufiri i kreditit duhet të jetë atleast {0}
New invoices will be generated as per schedule even if current invoices are unpaid or past due date,Faturat e reja do të gjenerohen sipas orarit edhe nëse faturat aktuale janë të papaguara ose nuk kanë mbaruar data
New release date should be in the future,Data e re e lëshimit duhet të jetë në të ardhmen
New task,Detyra e re
New {0} pricing rules are created,Janë krijuar rregulla të reja {0} të çmimeve
Next,Tjetër
Next Depreciation Date,Zhvlerësimi Data Next
Next Due Date,Data e ardhshme e afatit
Next email will be sent on:,Email ardhshëm do të dërgohet në:
No,Jo
No Account matched these filters: {},Asnjë llogari nuk përputhet me këto filtra: {}
No Action,Asnjë veprim
No Customer found for Inter Company Transactions which represents company {0},Asnjë klient nuk u gjet për transaksionet ndër kompani që përfaqëson kompaninë {0}
No Data,Nuk ka të dhëna
No Delivery Note selected for Customer {},Nuk ka Shënim për Dorëzim të zgjedhur për Klientin {}
No Item with Barcode {0},Nuk ka artikull me Barkodi {0}
No Item with Serial No {0},Nuk ka artikull me Serial Nr {0}
No Items with Bill of Materials to Manufacture,Nuk Items me faturën e materialeve të Prodhimi
No Items with Bill of Materials.,Asnjë artikull me faturë të materialeve.
No Permission,Nuk ka leje
No Remarks,Asnjë vërejtje
No Supplier found for Inter Company Transactions which represents company {0},Asnjë furnizues nuk u gjet për transaksionet ndërmarrëse që përfaqëson kompaninë {0}
No accounting entries for the following warehouses,Nuk ka hyrje të kontabilitetit për magazinat e mëposhtme
No active BOM found for item {0}. Delivery by Serial No cannot be ensured,Nuk u gjet asnjë BOM aktiv për artikullin {0}. Dorëzimi me Nr Serial nuk mund të sigurohet
No contacts with email IDs found.,Nuk u gjet asnjë kontakt me ID-të e emailit.
No data for this period,Nuk ka të dhëna për këtë periudhë
No data to export,Nuk ka të dhëna për eksport
No description given,Nuk ka përshkrim dhënë
No failed logs,Asnjë regjistër i dështuar
No items found. Scan barcode again.,Nuk u gjet asnjë artikull. Skanoni përsëri barkodin.
No items to be received are overdue,Asnjë send që duhet pranuar nuk ka ardhur
No material request created,Asnjë kërkesë materiale nuk është krijuar
No of Interactions,Jo e ndërveprimeve
No of Requested SMS,Nr i SMS kërkuar
No of Sent SMS,Nr i SMS dërguar
No of Shares,Jo të aksioneve
No of Visits,Nr i vizitave
No outstanding invoices found,Nuk u gjetën fatura të pazgjidhura
No outstanding invoices require exchange rate revaluation,Asnjë faturë e papaguar nuk kërkon rivlerësim të kursit të këmbimit
No pending Material Requests found to link for the given items.,Nuk ka kërkesa materiale në pritje që lidhen për artikujt e dhënë.
No products found.,Nuk ka produkte gjet.
No record found,Nuk ka Record gjetur
No values,Nuk ka vlera
No {0} found for Inter Company Transactions.,Jo {0} u gjet për Transaksionet e Ndërmarrjeve Ndër.
Non Conformance,Pa pershtatje
Non Profit,Non Profit
Non stock items,Artikuj jo rezervë
None,Asnje
None of the items have any change in quantity or value.,Asnjë nga pikat ketë ndonjë ndryshim në sasi ose vlerë.
Nos,Nos
Not Allowed,Nuk lejohet
Not Applicable,Nuk aplikohet
Not Available,Not Available
Not Billed,Jo faturuar
Not Delivered,Jo Dorëzuar
Not Permitted,Nuk lejohet
Not Specified,E paspecifikuar
Not Started,Nuk ka filluar
Not active,Jo aktiv
Not allow to set alternative item for the item {0},Mos lejoni të vendosni elementin alternativ për artikullin {0}
Not allowed to create accounting dimension for {0},Nuk lejohet të krijojë dimensionin e kontabilitetit për {0
Not allowed to update stock transactions older than {0},Nuk lejohet të përtërini transaksioneve të aksioneve të vjetër se {0}
Not authorized to edit frozen Account {0},Nuk është i autorizuar për të redaktuar Llogari ngrirë {0}
Not authroized since {0} exceeds limits,Jo Authroized që nga {0} tejkalon kufijtë
Not in Stock,Jo në magazinë
Not in stock,Jo në gjendje
Not permitted,Nuk lejohet
Note,Shënim
Note: Email will not be sent to disabled users,Shënim: Email nuk do të dërgohet për përdoruesit me aftësi të kufizuara
Note: Item {0} added multiple times,Shënim: Artikulli {0} u shtua shumë herë
Note: Payment Entry will not be created since 'Cash or Bank Account' was not specified,Shënim: Pagesa Hyrja nuk do të jetë krijuar që nga &#39;Cash ose Llogarisë Bankare &quot;nuk ishte specifikuar
Note: This Cost Center is a Group. Cannot make accounting entries against groups.,Shënim: Ky Qendra Kosto është një grup. Nuk mund të bëjë shënimet e kontabilitetit kundër grupeve.
Note: {0},Shënim: {0}
Notes,Shënime
Notes: ,Shënime:
Nothing is included in gross,Asgjë nuk është përfshirë në bruto
Nothing more to show.,Asgjë më shumë për të treguar.
Notice (days),Njoftim (ditë)
Notify Customers via Email,Njoftoni Konsumatorët përmes Email-it
Notify Employee,Njoftoni punonjësin
Notify Other,Njoftoni Tjeter
Notify Supplier,Njoftoni Furnizuesin
Notify Via Email,Njoftoni përmes Email
Notify by Email on Creation of Automatic Material Request,Njoftoni me email për krijimin e kërkesës automatike të materialit
Notify customer and agent via email on the day of the appointment.,Njoftoni klientin dhe agjentin përmes postës elektronike në ditën e takimit.
Number of Columns,Numri i kolonave
Number of Concurrent Appointments,Numri i emërimeve të njëkohshme
Number of Interaction,Numri i bashkëveprimit
Number of Order,Numri i Rendit
Number of columns for this section. 3 cards will be shown per row if you select 3 columns.,Numri i kolonave për këtë seksion. 3 karta do të shfaqen për rresht nëse zgjidhni 3 kolona.
Number of days after invoice date has elapsed before canceling subscription or marking subscription as unpaid,Numri i ditëve pas datës së faturës ka kaluar para anulimit të abonimit ose shënimit të abonimit si të papaguar
Number of days appointments can be booked in advance,Numri i ditëve të emërimeve mund të prenotohet paraprakisht
Number of days that the subscriber has to pay invoices generated by this subscription,Numri i ditëve që Përdoruesi duhet të paguajë faturat e krijuara nga ky abonim
"Number of intervals for the interval field e.g if Interval is 'Days' and Billing Interval Count is 3, invoices will be generated every 3 days","Numri i intervaleve për fushën e intervalit p.sh. nëse Interval është &#39;Ditë&#39; dhe Numërimi i Intervale i Faturimit është 3, faturat do të gjenerohen çdo 3 ditë"
"Number of new Account, it will be included in the account name as a prefix","Numri i llogarisë së re, do të përfshihet në emrin e llogarisë si një prefiks"
"Number of new Cost Center, it will be included in the cost center name as a prefix","Numri i Qendrës së re të Kostove, do të përfshihet në emrin e qendrës së kostos si një prefiks"
Numeric Values,Vlerat numerike
Numero has not set in the XML file,Numero nuk është vendosur në skedarin XML
O+,O +
O-,O-
Objective,Objektiv
Objectives,Objektivat
Odometer Value (Last),Vlera rrugëmatës (i fundit)
Off,Nga
Offer Date,Oferta Data
Office Equipments,Zyra Pajisje
Office Maintenance Expenses,Shpenzimet Zyra Mirëmbajtja
Office Rent,Zyra Qira
Old Parent,Vjetër Parent
On Converting Opportunity,Mbi mundësinë e konvertimit
On Hold,Ne pritje
On Hold Since,Në pritje që prej
On Item Quantity,Në sasinë e sendit
On Net Total,On Net Total
On Previous Row Amount,Në Shuma Previous Row
On Previous Row Total,Në Previous Row Total
On Purchase Order Submission,Për dorëzimin e urdhrit të blerjes
On Sales Order Submission,Për dorëzimin e urdhrit të shitjeve
On Task Completion,Për përfundimin e detyrave
On {0} Creation,Në {0} Krijimi
On-machine press checks,Kontrolle shtypi në makinë
"Once set, this invoice will be on hold till the set date","Pasi të jetë caktuar, kjo faturë do të jetë në pritje deri në datën e caktuar"
One customer can be part of only single Loyalty Program.,Një klient mund të jetë pjesë e vetëm Programit të Besnikërisë.
Ongoing Job Cards,Kartat e Punës në vazhdim
Only leaf nodes are allowed in transaction,Vetëm nyjet fletë janë të lejuara në transaksion
Only show Customer of these Customer Groups,Trego vetëm Konsumatorin e këtyre Grupeve të Klientëve
Only show Items from these Item Groups,Trego vetëm Artikuj nga këto grupe artikujsh
Open,Hapur
Open BOM {0},Hapur BOM {0}
Open Contact,Kontakt i hapur
Open Form View,Hapni Pamjen e Formës
Open Issues,Çështjet e Hapura
Open Issues ,Çështjet e hapura
Open Item {0},Hapur Artikull {0}
Open Notifications,Njoftimet Hapur
Open Projects,Projekte të Hapura
Open Projects ,Projektet e Hapura
Open Quotations,Citimet e Hapura
Open To Do,Hapur për të bërë
Open To Do ,Hapur për të bërë
Open Work Orders,Urdhërat e Hapur të Punës
Open a new ticket,Hapni një biletë të re
Opening,Hapje
Opening (Cr),Hapja (Cr)
Opening (Dr),Hapja (Dr)
Opening Accumulated Depreciation,Hapja amortizimi i akumuluar
Opening Amount,Shuma e Hapjes
Opening Balance,Hapja e Bilancit
Opening Balance Details,Detajet e Bilancit të Hapjes
Opening Balance Equity,Hapja Bilanci ekuitetit
Opening Date,Hapja Data
Opening Entry,Hyrja Hapja
Opening Invoice Creation In Progress,Hapja e krijimit të faturave në progres
Opening Invoice Creation Tool,Hapja e Faturave të Faturës
Opening Invoice Creation Tool Item,Hapja e artikullit të krijimit të faturës
Opening Invoice Item,Çështja e hapjes së faturës
Opening Invoices,Hapja e faturave
Opening Invoices Summary,Përmbledhja e hapjes së faturave
Opening Qty,Hapja Qty
Opening Stock,Hapja Stoku
Opening Time,Koha e hapjes
Opening Value,Vlera e hapjes
Operating Cost,Kosto Operative
Operating Cost (Company Currency),Kosto Operative (Company Valuta)
Operating Cost as per Work Order / BOM,Kostoja e funksionimit sipas Urdhrit të Punës / BOM
Operating Cost(Company Currency),Kosto Operative (Company Valuta)
Operating Costs,Shpenzimet Operative
Operation,Operacion
Operation Cost,Operacioni Kosto
Operation Description,Operacioni Përshkrim
Operation ID,ID-ja e operacionit
Operation Id,Operacioni ID
Operation Row Number,Operacioni Numri i Rreshtit
Operation Time,Operacioni Koha
Operation Time must be greater than 0 for Operation {0},Operacioni Koha duhet të jetë më e madhe se 0 për Operacionin {0}
Operation completed for how many finished goods?,Operacioni përfundoi për mënyrën se si shumë mallra të gatshme?
Operation {0} added multiple times in the work order {1},Operacioni {0} u shtua shumë herë në rendin e punës {1}
Operation {0} does not belong to the work order {1},Operacioni {0} nuk i përket urdhrit të punës {1}
"Operation {0} longer than any available working hours in workstation {1}, break down the operation into multiple operations","Operacioni {0} gjatë se çdo orë në dispozicion të punës në workstation {1}, prishen operacionin në operacione të shumta"
Operations,Operacionet
Operations cannot be left blank,Operacionet nuk mund të lihet bosh
Operator,Operatori
Opp Count,Opp Count
Opp/Lead %,Opp / Lead%
Opportunities,Mundësitë
Opportunities by lead source,Mundësitë nga burimi i plumbit
Opportunity,Mundësi
Opportunity Amount,Shuma e Mundësive
Opportunity Date,Mundësi Data
Opportunity From,Opportunity Nga
Opportunity Item,Mundësi Item
Opportunity Lost Reason,Arsyeja e Humbur e Mundësisë
Opportunity Lost Reason Detail,Mundësi Arsyeja e Humbur Detaj
Opportunity Type,Mundësi Type
Opportunity {0} created,Mundësia {0} e krijuar
Optimize Route,Optimizo rrugën
"Optional. Sets company's default currency, if not specified.","Fakultative. Vë monedhë default kompanisë, nëse nuk është specifikuar."
Optional. This setting will be used to filter in various transactions.,Fakultative. Ky rregullim do të përdoret për të filtruar në transaksionet e ndryshme.
Options,Options
Orange,Portokalli
Order Amount,Shuma e porosisë
Order By,Urdhër nga
Order Confirmation Date,Data e konfirmimit të rendit
Order Confirmation No,Konfirmimi i Urdhrit Nr
Order Count,Rendit Count
Order Information,Informacione Rendit
Order Qty,Porosit Çmimin
Order Type,Rendit Type
Order Value,Vlera Order
"Order in which sections should appear. 0 is first, 1 is second and so on.","Rendit në të cilin seksionet duhet të paraqiten. 0 është e para, 1 është e dyta dhe kështu me radhë."
Order/Quot %,Order / Quot%
Ordered,Urdhërohet
Ordered Qty,Urdhërohet Qty
"Ordered Qty: Quantity ordered for purchase, but not received.","Urdhërohet Sasia: Sasia e porositur për blerje, por jo e marrë."
Ordered Quantity,Sasi të Urdhërohet
Orders,Urdhërat
Organization,Organizatë
Organization Name,Emri i Organizatës
Orientation,Orientim
Original Item,Origjinal
Other,Tjetër
Other Details,Detaje të tjera
Other Settings,Cilësimet tjera
Out Qty,Nga Qty
Out Value,Vlera out
Out of AMC,Nga AMC
Out of Order,Jashtë përdorimit
Out of Stock,Në stok
Out of Warranty,Nga Garanci
Outgoing,Largohet
Outgoing Rate,Largohet Rate
Outstanding,I shquar
Outstanding Amount,Shuma Outstanding
Outstanding Amt,Amt Outstanding
Outstanding Cheques and Deposits to clear,Çeqet e papaguara dhe Depozitat për të pastruar
Outstanding for {0} cannot be less than zero ({1}),Shquar për {0} nuk mund të jetë më pak se zero ({1})
Outward,Jashtë
Over Billing Allowance (%),Mbi lejimin e faturimit (%)
Over Delivery/Receipt Allowance (%),Dorëzimi / lejimi i pranimit (%)
Over Transfer Allowance (%),Mbi lejimin e transferit (%)
Overdue,I vonuar
Overdue Days,Ditët e Paguara
Overdue and Discounted,E vonuar dhe e zbritur
Overlap in scoring between {0} and {1},Mbivendosja në pikët midis {0} dhe {1}
Overlapping conditions found between:,Kushtet e mbivendosjes gjenden në mes:
Overproduction Percentage For Sales Order,Përqindja e mbivendosjes për porosinë e shitjeve
Overproduction Percentage For Work Order,Përqindja e mbivendosjes për rendin e punës
Overproduction for Sales and Work Order,Prodhim i tepërt për shitje dhe porosi pune
Owned,Pronësi
Owner,Pronar
PAN No,PAN Nr
PIN,GJILPËRË
PMO-,PMO-
PO Supplied Item,Artikulli i furnizuar nga PO
PO-JOB.#####,PO-punë. #####
POS,POS
POS Closing Entry,Hyrja Mbyllëse POS
POS Closing Entry Detail,Detaji i Hyrjes Mbyllëse POS
POS Closing Entry Taxes,Taksat e Hyrjes Mbyllëse POS
POS Customer Group,POS Group Customer
POS Field,Fusha POS
POS Invoice,Fatura POS
POS Invoice Item,Artikulli POS Faturë
POS Invoice Merge Log,Regjistri i bashkimit të faturave POS
POS Invoice Reference,Referenca e Faturës POS
POS Invoice isn't created by user {},Fatura POS nuk është krijuar nga përdoruesi {}
POS Invoices,Faturat POS
POS Item Group,POS Item Group
POS Opening Entry,Hyrja për Hapjen e POS-it
POS Opening Entry Detail,Detaji i Hyrjes së Hapjes POS
POS Payment Method,Mënyra e pagesës POS
POS Profile,POS Profilin
POS Profile User,Profili i POS-ut
POS Profile required to make POS Entry,POS Profilin nevojshme për të bërë POS Hyrja
POS Profile {} does not belongs to company {},Profili POS {} nuk i përket kompanisë {}
POS Register,Regjistrohu POS
POS Settings,POS Settings
POS Transactions,Transaksionet POS
POS invoice {0} created succesfully,Fatura POS {0} u krijua me sukses
POS-CLO-,POS-CLO-
PSOA Cost Center,Qendra e Kostove e PSOA
PSOA Project,Projekti PSOA
PU-SSP-.YYYY.-,PU-SSP-.YYYY.-
PUR-ORD-.YYYY.-,PUR-Ord-.YYYY.-
PUR-RFQ-.YYYY.-,PUR-KPK-.YYYY.-
PUR-SQTN-.YYYY.-,PUR-SQTN-.YYYY.-
Package Weight Details,Paketa Peshë Detajet
Packed Item,Item mbushur
Packed Items,Items të mbushura
Packing List,Lista paketim
Packing Slip,Shqip Paketimi
Packing Slip Item,Paketimi Shqip Item
Packing Slip(s) cancelled,Paketimi Shqip (s) anulluar
Packing Unit,Njësia e Paketimit
Page Break,Faqe Pushim
Page {0} of {1},Faqe {0} prej {1}
Paid,I paguar
Paid Amount,Paid Shuma
Paid Amount (Company Currency),Paid Shuma (Kompania Valuta)
Paid Amount cannot be greater than total negative outstanding amount {0},Shuma e paguar nuk mund të jetë më e madhe se shuma totale negative papaguar {0}
Paid Loan,Kredia e paguar
Paid amount + Write Off Amount can not be greater than Grand Total,Shuma e paguar + anullojë Shuma nuk mund të jetë më i madh se Grand Total
Parameter,Parametër
Parameter Name,Emri i parametrit
Parameters,Parametrat
Parent,Prind
Parent Account,Llogaria prind
Parent Batch,Batch Parent
Parent Company,Kompania e Prindërve
Parent Company must be a group company,Kompania mëmë duhet të jetë një kompani në grup
Parent Cost Center,Qendra prind Kosto
Parent Customer Group,Grupi prind Klientit
Parent Department,Departamenti i Prindërve
Parent Detail docname,Docname prind Detail
Parent Item,Item prind
Parent Item Group,Grupi prind Item
Parent Item {0} must not be a Stock Item,Prind Item {0} nuk duhet të jetë një Stoku Item
Parent Location,Vendndodhja e prindërve
Parent Procedure,Procedura e prindërve
Parent Sales Person,Shitjet prind Person
Parent Supplier Group,Grupi i Furnizuesit të Prindërve
Parent Task,Detyra e Prindit
Parent Territory,Territori prind
Parent Warehouse,Magazina Parent
Partial Success,Suksesi i pjesshëm
Partially Completed,Kompletuar Pjesërisht
Partially Depreciated,Amortizuar pjesërisht
Partially Fulfilled,Pjesërisht e Përmbushur
Partially Ordered,Urdhërohet pjesërisht
Partially Paid,Pjesërisht e paguar
Partially Received,Marrë pjesërisht
Partially ordered,Urdhërohet pjesërisht
Partly Billed,Faturuar Pjesërisht
Partly Delivered,Dorëzuar Pjesërisht
Partner Type,Lloji Partner
Partner website,Website partner
Party,Parti
Party Account,Llogaria Partia
Party Account Currency,Llogaria parti Valuta
Party Balance,Bilanci i Partisë
Party Bank Account,Llogari bankare e partisë
Party Details,Detajet e Partisë
Party Information,Informacione për partinë
Party Name,Emri Party
Party Type,Lloji Partia
Party Type and Party is mandatory for {0} account,Lloji i Partisë dhe Partia është i detyrueshëm për llogarinë {0}
Party Type is mandatory,Lloji Party është e detyrueshme
Party User,Përdoruesi i Partisë
Party is mandatory,Partia është e detyrueshme
Passed,Kaloi
Passport Number,Pasaporta Numri
Past Due Date,Data e Kaluar e Kaluar
Path,Rrugë
Pause,Pushim
Pause SLA On Status,Ndalo SLA mbi statusin
Pay,Kushtoj
Pay To / Recd From,Për të paguar / Recd Nga
Payable,Për t&#39;u paguar
Payable Account,Llogaria e pagueshme
Payables,Pagueshme
Payer Settings,Cilësimet paguesit
Payment,Pagesa
Payment Account,Llogaria e pagesës
Payment Amount,Shuma e pagesës
Payment Channel,Kanali i Pagesës
Payment Deductions or Loss,Zbritjet e pagesës ose Loss
Payment Document,Dokumenti pagesa
Payment Document Type,Lloji i dokumentit të pagesës
Payment Due Date,Afati i pageses
Payment Entries,Entries pagesës
Payment Entries {0} are un-linked,Entries pagesës {0} janë të pa-lidhur
Payment Entry,Pagesa Hyrja
Payment Entry Deduction,Pagesa Zbritja Hyrja
Payment Entry Reference,Pagesa Reference Hyrja
Payment Entry already exists,Pagesa Hyrja tashmë ekziston
Payment Entry has been modified after you pulled it. Please pull it again.,"Pagesa Hyrja është ndryshuar, pasi që ju nxorrën atë. Ju lutemi të tërheqë atë përsëri."
Payment Entry is already created,Pagesa Hyrja është krijuar tashmë
Payment Failed,Pagesa Dështoi
Payment From / To,Pagesa nga /
Payment Gateway,Gateway Pagesa
Payment Gateway Account,Pagesa Llogaria Gateway
"Payment Gateway Account not created, please create one manually.","Pagesa Gateway Llogaria nuk është krijuar, ju lutemi krijoni një të tillë me dorë."
Payment Gateway Details,Pagesa Gateway Details
Payment Method,Metoda e pagesës
Payment Methods,Menyra pagese
Payment Mode,Mode Pagesa
Payment Order,Urdhërpagesa
Payment Order Reference,Referenca e porosisë së pagesës
Payment Order Status,Statusi i porosisë së pagesës
Payment Order Type,Lloji i urdhrit të pagesës
Payment Ordered,Pagesa është urdhëruar
Payment Period Based On Invoice Date,Periudha e pagesës bazuar në datën Faturë
Payment Plan,Plani i Pagesës
Payment Receipt Note,Pagesa Pranimi Shënim
Payment Received,Pagesa e marrë
Payment Reconciliation,Pajtimi Pagesa
Payment Reconciliation Invoice,Pagesa Pajtimi Faturë
Payment Reconciliation Payment,Pajtimi Pagesa Pagesa
Payment Reference,Referenca e pagesës
Payment References,Referencat e pagesës
Payment Request,Kërkesë Pagesa
Payment Request Type,Lloji i Kërkesës së Pagesës
Payment Request for {0},Kërkesa për pagesë për {0}
Payment Schedule,Orari i pagesës
Payment Term,Kushtet e pagesës
Payment Term Name,Emri i Termit të Pagesës
Payment Terms,Kushtet e pagesës
Payment Terms Template,Modeli i kushteve të pagesës
Payment Terms Template Detail,Kushtet e Pagesës Detailin e Modelit
Payment Type,Lloji Pagesa
"Payment Type must be one of Receive, Pay and Internal Transfer","Pagesa Lloji duhet të jetë një nga Merre, të paguajë dhe Transfer të Brendshme"
Payment against {0} {1} cannot be greater than Outstanding Amount {2},Pagesës kundër {0} {1} nuk mund të jetë më i madh se Outstanding Sasia {2}
Payment amount cannot be less than or equal to 0,Shuma e pagesës nuk mund të jetë më e vogël ose e barabartë me 0
Payment methods are mandatory. Please add at least one payment method.,Metodat e pagesës janë të detyrueshme. Ju lutemi shtoni të paktën një mënyrë pagese.
Payment related to {0} is not completed,Pagesa në lidhje me {0} nuk ka përfunduar
Payments,Pagesat
Payroll Entry,Hyrja në listën e pagave
Payroll Payable,Payroll pagueshme
Payslip,Payslip
Pending,Në pritje të
Pending Activities,Aktivitetet në pritje
Pending Amount,Në pritje Shuma
Pending Qty,Në pritje Qty
Pending Quantity,Në pritje të sasisë
Pending Review,Në pritje Rishikimi
Pending SO Items For Purchase Request,Në pritje SO artikuj për Kërkesë Blerje
Pending Work Order,Urdhri i punës në pritje
Pending activities for today,Aktivitetet në pritje për sot
Per Month,Në muaj
Per Transferred,Per transferuar
Per Week,Në javë
Per Year,Në vit
Percentage,Përqindje
Percentage Allocation,Alokimi Përqindja
Percentage Allocation should be equal to 100%,Alokimi përqindje duhet të jetë e barabartë me 100%
Percentage you are allowed to transfer more against the quantity ordered. For example: If you have ordered 100 units. and your Allowance is 10% then you are allowed to transfer 110 units.,"Përqindja ju lejohet të transferoni më shumë kundër sasisë së porositur. Për shembull: Nëse keni porositur 100 njësi. dhe lejimi juaj është 10%, atëherë ju lejohet të transferoni 110 njësi."
Perception Analysis,Analiza e Perceptimit
Period,Periudhë
Period Based On,Periudha e bazuar në
Period Closing Voucher,Periudha Voucher Mbyllja
Period End Date,Data e përfundimit të periudhës
Period Name,Emri Periudha
Period Score,Vota e periudhës
Period Settings,Cilësimet e periudhës
Period Start Date,Periudha e fillimit të periudhës
Period based On,Periudha e bazuar në
Periodicity,Periodicitet
Permanent Address,Adresa e përhershme
Permanent Address Is,Adresa e përhershme është
Perpetual inventory required for the company {0} to view this report.,Inventari i përhershëm që kërkohet nga kompania {0} për të parë këtë raport.
Personal Details,Detajet personale
Personal Email,Personale Email
Petrol,Benzinë
Pharmaceutical,Farmaceutike
Phone,Telefon
Phone No,Telefoni Asnjë
Phone Number,Numri i telefonit
Pick List,Zgjidh listën
Pick List Item,Zgjidh artikullin e listës
Picked Qty,Zgjodhi sasi
Place of Issue,Vendi i lëshimit
Plaid Access Token,Shenjë e hyrjes në pllakë
Plaid Client ID,ID e Klientit të Pllakosur
Plaid Environment,Mjedisi i pllakosur
Plaid Secret,Sekreti i pllakosur
Plaid Settings,Cilësimet e pllaka
Plaid transactions sync error,Gabim në sinkronizimin e transaksioneve të planifikuar
Plan,Plan
Plan Name,Emri i Planit
Plan material for sub-assemblies,Materiali plan për nën-kuvendet
Plan operations X days in advance,Planifikoni operacionet X ditë më parë
Plan time logs outside Workstation working hours,Planifikoni regjistrat e kohës jashtë orarit të punës në Stacionin e Punës
Planned,Planifikuar
Planned End Date,Planifikuar Data e Përfundimit
Planned End Time,Planifikuar Fundi Koha
Planned Operating Cost,Planifikuar Kosto Operative
Planned Qty,Planifikuar Qty
"Planned Qty: Quantity, for which, Work Order has been raised, but is pending to be manufactured.","Sasia e planifikuar: Sasia, për të cilën, Urdhri i Punës është ngritur, por pritet të prodhohet."
Planned Quantity,Sasia e planifikuar
Planned Start Date,Planifikuar Data e Fillimit
Planned Start Time,Planifikuar Koha e fillimit
Planning,Planifikim
Plans,Planet
Plants and Machineries,Bimët dhe makineri
"Please Restock Items and Update the Pick List to continue. To discontinue, cancel the Pick List.","Ju lutemi ristrukturoni artikujt dhe azhurnoni listën e zgjedhjeve për të vazhduar. Për të ndërprerë, anuloni Listën e Zgjidh."
Please Select a Company,Ju lutemi Zgjidhni një kompani
Please Select a Company.,Ju lutemi Zgjidhni një kompani.
Please Select a Customer,Ju lutemi Zgjidhni një Klient
Please Select a Supplier,Ju lutemi Zgjidhni një Furnizues
Please Set Supplier Group in Buying Settings.,Konfiguro Grupin e Furnizuesit në Parametrat e Blerjes.
Please add Mode of payments and opening balance details.,Ju lutemi shtoni mënyrën e pagesave dhe detajet e bilancit të hapjes.
Please add a Temporary Opening account in Chart of Accounts,Ju lutemi të shtoni një llogari të Hapjes së Përkohshme në Kartën e Llogarive
Please add the account to root level Company - {},Ju lutemi shtoni llogarinë në nivelin e rrënjës Kompania - {}
Please check Multi Currency option to allow accounts with other currency,Ju lutem kontrolloni opsionin Multi Valuta për të lejuar llogaritë me valutë tjetër
Please check your Plaid client ID and secret values,Ju lutemi kontrolloni ID e klientit tuaj Plaid dhe vlerat sekrete
Please click on 'Generate Schedule',Ju lutem klikoni në &quot;Generate Listën &#39;
Please click on 'Generate Schedule' to fetch Serial No added for Item {0},Ju lutem klikoni në &quot;Generate&quot; Listën për të shkoj të marr Serial Asnjë shtuar për Item {0}
Please click on 'Generate Schedule' to get schedule,Ju lutem klikoni në &quot;Generate&quot; Listën për të marrë orarin
Please convert the parent account in corresponding child company to a group account.,Ju lutemi shndërroni llogarinë mëmë në kompaninë përkatëse të fëmijëve në një llogari grupi.
Please create Customer from Lead {0}.,Ju lutemi krijoni Klient nga Lead {0}.
Please create purchase receipt or purchase invoice for the item {0},Ju lutemi krijoni faturë blerjeje ose faturë blerjeje për artikullin {0}
Please do not create more than 500 items at a time,Ju lutemi mos krijoni më shumë se 500 artikuj njëherësh
Please enable Applicable on Booking Actual Expenses,Ju lutemi të aktivizoni Mundësitë për Shpenzimet Aktuale të Shpenzimeve
Please enable Applicable on Purchase Order and Applicable on Booking Actual Expenses,Ju lutemi të mundësoni Zbatimin në Urdhërblerje dhe të Zbatueshme për Shpenzimet Aktuale të Shpenzimeve
Please enable pop-ups,Ju lutem aktivizoni pop-ups
Please enter <b>Difference Account</b> or set default <b>Stock Adjustment Account</b> for company {0},Ju lutemi shkruani <b>Llogarinë e Diferencës</b> ose vendosni <b>Llogarinë e Rregullimit të Aksioneve</b> default për kompaninë company 0
Please enter Account for Change Amount,"Ju lutem, jepni llogari për Ndryshim Shuma"
Please enter Approving Role or Approving User,Ju lutemi shkruani Miratimi Roli ose Miratimi përdoruesin
Please enter Cost Center,Ju lutemi shkruani Qendra Kosto
Please enter Delivery Date,Ju lutemi shkruani datën e dorëzimit
Please enter Employee Id of this sales person,Ju lutemi shkruani punonjës Id i këtij personi të shitjes
Please enter Expense Account,Ju lutemi shkruani Llogari kurriz
Please enter Item Code to get Batch Number,Ju lutemi shkruani kodin Item për të marrë Numri i Serisë
Please enter Item Code to get batch no,Ju lutemi shkruani Kodin artikull për të marrë grumbull asnjë
Please enter Item first,Ju lutemi shkruani pika e parë
Please enter Maintaince Details first,Ju lutemi shkruani maintaince Detaje parë
Please enter Planned Qty for Item {0} at row {1},Ju lutem shkruani e planifikuar Qty për Item {0} në rresht {1}
Please enter Preferred Contact Email,Ju lutemi shkruani Preferred miqve
Please enter Production Item first,Ju lutemi shkruani Prodhimi pikën e parë
Please enter Purchase Receipt first,Ju lutemi shkruani vërtetim Blerje parë
Please enter Receipt Document,Ju lutemi shkruani Dokumenti Marrjes
Please enter Reference date,Ju lutem shkruani datën Reference
Please enter Reqd by Date,Ju lutemi shkruani Reqd by Date
Please enter Warehouse and Date,Ju lutemi shkruani Magazinën dhe datën
Please enter Write Off Account,"Ju lutem, jepini të anullojë Llogari"
Please enter company first,Ju lutemi shkruani kompani parë
Please enter company name first,Ju lutem shkruani emrin e kompanisë e parë
Please enter default currency in Company Master,Ju lutem shkruani monedhën parazgjedhje në kompaninë Master
Please enter message before sending,Ju lutem shkruani mesazhin para se të dërgonte
Please enter parent cost center,Ju lutemi shkruani qendra kosto prind
Please enter relieving date.,Ju lutemi të hyrë në lehtësimin datën.
Please enter the company name to confirm,Ju lutemi shkruani emrin e kompanisë për ta konfirmuar
Please enter the phone number first,Ju lutemi shkruani fillimisht numrin e telefonit
Please enter valid Financial Year Start and End Dates,Ju lutem shkruani Viti Financiar i vlefshëm Start dhe Datat Fundi
Please enter valid email address,Ju lutemi shkruani adresën vlefshme email
Please enter {0},Ju lutemi shkruani {0}
Please enter {0} first,Ju lutem shkruani {0} parë
Please fill the Material Requests table,Ju lutemi plotësoni tabelën e Kërkesave të Materialit
Please fill the Sales Orders table,Ju lutemi plotësoni tabelën e Urdhrave të Shitjes
Please make sure the employees above report to another Active employee.,Ju lutemi sigurohuni që punonjësit e mësipërm të raportojnë tek një punonjës tjetër Aktiv.
Please make sure you really want to delete all the transactions for this company. Your master data will remain as it is. This action cannot be undone.,Ju lutem sigurohuni që ju me të vërtetë dëshironi të fshini të gjitha transaksionet për këtë kompani. Të dhënat tuaja mjeshtër do të mbetet ashtu siç është. Ky veprim nuk mund të zhbëhet.
Please mention no of visits required,Ju lutemi përmendni i vizitave të kërkuara
Please pull items from Delivery Note,Ju lutemi të tërheqë sendet nga i dorëzimit Shënim
Please save first,Ju lutemi ruaj së pari
Please select <b>Template Type</b> to download template,Ju lutemi zgjidhni <b>Llojin e modelit</b> për të shkarkuar modelin
Please select Apply Discount On,"Ju lutem, përzgjidhni Aplikoni zbritje në"
Please select BOM against item {0},Ju lutem zgjidhni BOM kundër sendit {0}
Please select BOM for Item in Row {0},"Ju lutem, përzgjidhni bom për Item në rresht {0}"
Please select BOM in BOM field for Item {0},"Ju lutem, përzgjidhni bom në fushën BOM për Item {0}"
Please select Category first,Ju lutemi zgjidhni kategorinë e parë
Please select Charge Type first,"Ju lutem, përzgjidhni Ngarkesa Lloji i parë"
Please select Company,"Ju lutem, përzgjidhni Company"
Please select Company and Posting Date to getting entries,Ju lutemi zgjidhni Kompania dhe Data e Postimit për marrjen e shënimeve
Please select Company first,Ju lutemi zgjidhni kompania e parë
Please select Completion Date for Completed Asset Maintenance Log,Ju lutemi zgjidhni Datën e Përfundimit për Mirëmbajtjen e Mbaruar të Mirëmbajtjes së Aseteve
Please select Customer first,Ju lutemi zgjidhni së pari Konsumatorin
Please select Existing Company for creating Chart of Accounts,"Ju lutem, përzgjidhni kompanie ekzistuese për krijimin Skemën e Kontabilitetit"
Please select Item Code first,Ju lutemi zgjidhni së pari Kodin e Artikullit
Please select Maintenance Status as Completed or remove Completion Date,Ju lutem zgjidhni Statusin e Mirëmbajtjes si Komplet ose hiqni Datën e Përfundimit
Please select Party Type first,"Ju lutem, përzgjidhni Partisë Lloji i parë"
Please select Posting Date before selecting Party,"Ju lutem, përzgjidhni datën e postimit para se të zgjedhur Partinë"
Please select Posting Date first,"Ju lutem, përzgjidhni datën e postimit parë"
Please select Price List,"Ju lutem, përzgjidhni Lista e Çmimeve"
Please select Qty against item {0},Ju lutem zgjidhni Qty kundër sendit {0}
Please select Sample Retention Warehouse in Stock Settings first,Ju lutemi zgjidhni Sample Retention Warehouse në Stoku Settings për herë të parë
Please select Start Date and End Date for Item {0},"Ju lutem, përzgjidhni Data e Fillimit Data e Përfundimit Kohëzgjatja për Item {0}"
Please select a BOM,Ju lutem zgjidhni një BOM
Please select a Company,Ju lutem zgjidhni një Company
Please select a Company first.,Ju lutemi zgjidhni një kompani së pari.
Please select a Customer,Zgjidh një klient
Please select a Delivery Note,Ju lutemi zgjidhni një Shënim Dorëzimi
Please select a Supplier,Ju lutemi zgjidhni një Furnizues
Please select a default mode of payment,Ju lutemi zgjidhni një mënyrë të paracaktuar të pagesës
Please select a field to edit from numpad,Ju lutemi zgjidhni një fushë për të redaktuar nga numpad
Please select a value for {0} quotation_to {1},"Ju lutem, përzgjidhni një vlerë për {0} quotation_to {1}"
Please select correct account,"Ju lutem, përzgjidhni llogarinë e saktë"
Please select date,Ju lutemi zgjidhni data
Please select item code,Ju lutemi zgjidhni kodin pika
Please select the Company,Ju lutemi zgjidhni Kompaninë
Please select the Multiple Tier Program type for more than one collection rules.,Ju lutemi zgjidhni llojin e Programit Multiple Tier për më shumë se një rregulla mbledhjeje.
Please select the customer.,Ju lutemi zgjidhni klientin.
Please select the document type first,Ju lutem zgjidhni llojin e dokumentit të parë
Please select weekly off day,"Ju lutem, përzgjidhni ditë javore jashtë"
Please select {0},"Ju lutem, përzgjidhni {0}"
Please select {0} first,"Ju lutem, përzgjidhni {0} parë"
Please set 'Apply Additional Discount On',Ju lutemi të vendosur &#39;Aplikoni Discount shtesë në&#39;
Please set 'Asset Depreciation Cost Center' in Company {0},Ju lutemi të vendosur &#39;të mjeteve Qendra Amortizimi Kosto&#39; në Kompaninë {0}
Please set 'Gain/Loss Account on Asset Disposal' in Company {0},Ju lutemi të vendosur &#39;Gain llogari / humbje neto nga shitja aseteve&#39; në kompaninë {0}
Please set Account in Warehouse {0} or Default Inventory Account in Company {1},Ju lutemi vendosni llogarinë në magazinë {0} ose Llogarinë e inventarit të parazgjedhur në kompani {1}
Please set Company,Ju lutemi të vendosur Company
Please set Depreciation related Accounts in Asset Category {0} or Company {1},Ju lutemi të vendosur Llogaritë zhvlerësimit lidhur në Kategorinë Aseteve {0} ose kompanisë {1}
Please set Unrealized Exchange Gain/Loss Account in Company {0},Ju lutemi përcaktoni Llogarinë e Realizuar të Fitimit / Shpërdorimit në Shoqëri {0}
Please set a Company,Ju lutemi vendosni një kompani
Please set a Supplier against the Items to be considered in the Purchase Order.,Ju lutemi vendosni një Furnizues kundër Artikujve që do të konsiderohen në Urdhrin e Blerjes.
Please set a default Holiday List for Employee {0} or Company {1},Ju lutemi të vendosur një default Holiday Lista për punonjësit {0} ose Company {1}
Please set account in Warehouse {0},Vendosni llogarinë në Depo {0}
Please set an email id for the Lead {0},Ju lutemi vendosni një id email për Lead {0
Please set at least one row in the Taxes and Charges Table,Ju lutemi vendosni të paktën një rresht në Tabelën e Taksave dhe Tarifave
Please set default Cash or Bank account in Mode of Payment {0},Ju lutemi të vendosur Cash parazgjedhur apo llogari bankare në mënyra e pagesës {0}
Please set default Cash or Bank account in Mode of Payment {},Ju lutemi vendosni para të gatshme ose llogari bankare në mënyrën e pagesës {}
Please set default Cash or Bank account in Mode of Payments {},Ju lutemi vendosni para të gatshme ose llogari bankare në mënyrën e pagesave {}
Please set default UOM in Stock Settings,Ju lutemi vendosni UOM-in e paracaktuar në Parametrat e aksioneve
Please set default {0} in Company {1},Ju lutemi të vendosur parazgjedhur {0} në Kompaninë {1}
Please set filter based on Item or Warehouse,Ju lutemi të vendosur filtër në bazë të artikullit ose Magazina
Please set filters,Ju lutemi të vendosur filtra
Please set recurring after saving,Ju lutemi të vendosur përsëritur pas kursimit
Please set the Customer Address,Ju lutemi vendosni Adresën e Konsumatorit
Please set the Default Cost Center in {0} company.,Vendosni Qendrën e Kostos së Parazgjedhur në {0} kompani.
Please set the Item Code first,Ju lutemi të vendosni fillimisht Kodin e Artikullit
Please set up the Campaign Schedule in the Campaign {0},Ju lutemi vendosni Programin e Fushatës në Fushatë {0}
Please set {0},Ju lutemi të vendosur {0}
"Please set {0} for Batched Item {1}, which is used to set {2} on Submit.","Ju lutemi vendosni {0} për Artikullin e Serisë {1}, i cili përdoret për të vendosur {2} në Dorëzimin."
Please set {0} for address {1},Ju lutem vendosni {0} për adresën {1}
Please specify,Ju lutem specifikoni
Please specify Company,Ju lutem specifikoni Company
Please specify Company to proceed,Ju lutemi specifikoni kompanisë për të vazhduar
Please specify a valid Row ID for row {0} in table {1},Ju lutem specifikoni një ID te vlefshme Row për rresht {0} në tryezë {1}
Please specify at least one attribute in the Attributes table,Ju lutem specifikoni të paktën një atribut në tabelë Atributet
Please specify either Quantity or Valuation Rate or both,Ju lutem specifikoni ose Sasia apo vlerësimin Vlerësoni apo të dyja
Please specify from/to range,Ju lutemi specifikoni nga / në varg
Please supply the specified items at the best possible rates,Ju lutemi të furnizimit me artikuj të specifikuara në normat më të mirë të mundshme
Point Of Sale,Pika e shitjes
Point of Sale,Pika e shitjes
Policy No,Politika No
Policy number,Numri i politikave
Portal,Portal
Portrait,Portret
Possible Supplier,Mundur Furnizuesi
Post Description Key,Shkruani Çelësin e Përshkrimi
Post Graduate,Post diplomuar
Post Route Key,Çështja e rrugës së postës
Post Route Key List,Lista e Çelësave të Linjes së Postës
Post Route String,Shkruaj rrugën String
Post Title Key,Titulli i Titullit Postar
Postal Code,Kodi Postar
Postal Expenses,Shpenzimet postare
Posting Date,Posting Data
Posting Date cannot be future date,Posting Data nuk mund të jetë data e ardhmja
Posting Time,Posting Koha
Posting date and posting time is mandatory,Postimi datën dhe postimi kohë është i detyrueshëm
Posting timestamp must be after {0},Timestamp postimi duhet të jetë pas {0}
Potential Sales Deal,Shitjet e mundshme marrëveshjen
Pre Sales,Sales para
Prefered Contact Email,I preferuar Kontaktoni Email
Prefered Email,I preferuar Email
Preference,Preferencë
Prevdoc DocType,Prevdoc DOCTYPE
Prevent POs,Parandalimi i ZP-ve
Prevent Purchase Orders,Parandalimi i urdhrave të blerjes
Prevent RFQs,Parandalimi i RFQ-ve
Preventive,Parandalues
Preventive Action,Veprimi parandalues
Preventive Maintenance,Mirëmbajtje parandaluese
Preview,Preview
Preview Email,Shikoni emailin
Previous Financial Year is not closed,Previous Viti financiar nuk është e mbyllur
Previous Work Experience,Përvoja e mëparshme e punës
Price,Çmim
Price Discount Scheme,Skema e Zbritjes së mimeve
Price Discount Slabs,Pllakat e zbritjes së çmimeve
Price List,Tarifë
Price List Country,Lista e Çmimeve Vendi
Price List Currency,Lista e Çmimeve Valuta
Price List Currency not selected,Lista e Çmimeve Valuta nuk zgjidhet
Price List Exchange Rate,Lista e Çmimeve Exchange Rate
Price List Name,Lista e Çmimeve Emri
Price List Rate,Lista e Çmimeve Rate
Price List Rate (Company Currency),Lista e Çmimeve Rate (Kompania Valuta)
Price List must be applicable for Buying or Selling,Lista çmimi duhet të jetë i zbatueshëm për blerjen ose shitjen e
Price List {0} is disabled or does not exist,Lista e Çmimeve {0} është me aftësi të kufizuara ose nuk ekziston
Price Not UOM Dependent,Pricemimi jo i varur nga UOM
Price not found for item {0} in price list {1},Pricemimi nuk u gjet për artikullin {0} në listën e çmimeve {1}
Price or Product Discount,Pricemimi ose zbritja e produkteve
Price or product discount slabs are required,Kërkohen pllaka zbritje çmimi ose produkti
Price per Unit (Stock UOM),Çmimi për njësi (Stoku UOM)
Pricing,Çmimi
Pricing Rule,Rregulla e Çmimeve
Pricing Rule Brand,Rregulli i rregullës së çmimeve
Pricing Rule Detail,Detaji i rregullit të çmimeve
Pricing Rule Help,Rregulla e Çmimeve Ndihmë
Pricing Rule Item Code,Kodi i Rregullit të icingmimeve
Pricing Rule Item Group,Grupi i Rregullave të mimeve
"Pricing Rule is first selected based on 'Apply On' field, which can be Item, Item Group or Brand.","Rregulla e Çmimeve është zgjedhur për herë të parë në bazë të &quot;Apliko në &#39;fushë, të cilat mund të jenë të artikullit, Grupi i artikullit ose markë."
"Pricing Rule is made to overwrite Price List / define discount percentage, based on some criteria.","Rregulla e Çmimeve është bërë për të prishësh LISTA E ÇMIMEVE / definojnë përqindje zbritje, në bazë të disa kritereve."
Pricing Rule {0} is updated,Rregulla e çmimeve {0} është azhurnuar
Pricing Rules,Rregullat e çmimeve
Pricing Rules are further filtered based on quantity.,Rregullat e Çmimeve të filtruar më tej në bazë të sasisë.
Primary Address,Adresa Primare
Primary Address Details,Detajet e Fillores
Primary Contact Details,Detajet e Fillimit të Kontaktit
Primary Contact Email,Emaili kryesor i kontaktit
Primary Settings,Parametrat kryesore
Print,Shtyp
Print Format,Format Print
Print Heading,Printo Kreu
Print IRS 1099 Forms,Shtypni formularët IRS 1099
Print Language,Print Gjuha
Print Preferences,Preferencat e printimit
Print Receipt,Fatura e printimit
Print Settings,Print Cilësimet
Print UOM after Quantity,Shtypni UOM pas Sasisë
Print Without Amount,Print Pa Shuma
Print and Stationery,Print dhe Stationery
Print settings updated in respective print format,Cilësimet e printimit përditësuar në format përkatëse të shtypura
Print taxes with zero amount,Printoni taksat me shumën zero
Printed On ,Shtypur në
Printing Details,Shtypi Detajet
Printing Settings,Printime Cilësimet
Priorities,Prioritetet
Priority,Prioritet
Priority has been changed to {0}.,Prioriteti është ndryshuar në {0.
Priority {0} has been repeated.,Prioriteti {0} është përsëritur.
Probability (%),Probabiliteti (%)
Problem,Problemi
Procedure,Procedurë
Process Deferred Accounting,Procesi i Kontabilitetit të Shtyrë
Process Description,Përshkrimi i procesit
Process Owner,Pronari i procesit
Process Owner Full Name,Emri i plotë i pronarit të procesit
Process Statement Of Accounts,Deklarata e Procesit të Llogarive
Process Statement Of Accounts Customer,Deklarata e Procesit të Klientit të Llogarive
Processes,Proceset
Processing XML Files,Përpunimi i skedarëve XML
Procurement,Prokurimit
Procurement Tracker,Ndjekësi i prokurimit
Produce Qty,Prodhoni shumën
Produced,Prodhuar
Produced Qty,Prodhuar Qty
Produced Quantity,Sasia e prodhuar
Product,Produkt
Product Bundle,Bundle produkt
Product Bundle Balance,Bilanci i Paketave të Produkteve
Product Bundle Help,Produkt Bundle Ndihmë
Product Bundle Item,Produkt Bundle Item
Product Discount Scheme,Skema e Zbritjes së Produkteve
Product Discount Slabs,Pllakat e zbritjes së produkteve
Product Enquiry,Produkt Enquiry
Production,Prodhim
Production Analytics,Analytics prodhimit
Production Item,Prodhimi Item
Production Plan,Plani i prodhimit
Production Plan Item,Prodhimit Plani i artikullit
Production Plan Material Request,Prodhimi Plan Material Request
Production Plan Material Request Warehouse,Plani i Prodhimit Depo për Kërkesë Materiali
Production Plan Sales Order,Prodhimit Plani Rendit Sales
Production Planning Report,Raporti i Planifikimit të Prodhimit
Products,Produkte
Profit & Loss,Fitimi dhe Humbja
Profit This Year,Fitimi këtë vit
Profit and Loss,Fitimi dhe Humbja
Profit and Loss Statement,Fitimi dhe Humbja Deklarata
Profit for the year,Fitimi për vitin
Profitability Analysis,Analiza e profitabilitetit
Progress,Progres
Progress % for a task cannot be more than 100.,Progresi% për një detyrë nuk mund të jetë më shumë se 100.
Project,Projekt
Project Billing Summary,Përmbledhja e faturimit të projektit
Project Collaboration Invitation,Bashkëpunimi Project Ftesë
Project Id,Projekti Id
Project Name,Emri i Projektit
Project Start Date,Projekti Data e Fillimit
Project Status,Statusi i Projektit
Project Summary,Përmbledhje e projektit
Project Summary for {0},Përmbledhje e projektit për {0}
Project Template,Modeli i projektit
Project Template Task,Detyrë modeli i projektit
Project Type,Lloji i projektit
Project Update,Përditësimi i projektit
Project Update.,Përditësimi i projektit.
Project User,User Project
Project Value,Vlera e Projektit
Project activity / task.,Aktiviteti i projekt / detyra.
Project master.,Mjeshtër projekt.
Project will be accessible on the website to these users,Projekti do të jetë në dispozicion në faqen e internetit të këtyre përdoruesve
Project wise Stock Tracking,Projekti është i mençur për Ndjekjen e Aksioneve
Project-wise data is not available for Quotation,Të dhënat Project-i mençur nuk është në dispozicion për Kuotim
Projected,Projektuar
Projected Qty,Qtyra e parashikuar
Projected Quantity,Sasia e parashikuar
Projected Quantity Formula,Formula e sasisë së parashikuar
Projected Quantity as Source,Sasia e parashikuar si Burimi
Projected qty,Projektuar Qty
Projects,Projektet
Projects Manager,Projektet Menaxher
Projects Settings,Projekte Cilësimet
Projects User,Projektet i përdoruesit
Promotional,Promotional
Promotional Scheme,Skema promovuese
Promotional Scheme Id,Id e skemës promovuese
Promotional Scheme Price Discount,Zbritje e çmimit të skemës promovuese
Promotional Scheme Product Discount,Zbritje e produkteve për skemën promovuese
Proposal Writing,Propozimi Shkrimi
Proposal/Price Quote,Propozimi / Cmimi i çmimit
Prorate,Prorate
Prospecting,Kërkimet
Prospects Engaged But Not Converted,Perspektivat angazhuar Por Jo konvertuar
Provide Email Address registered in company,Sigurojë Adresa Email i regjistruar në kompaninë
Provider,Provider
Providing,Sigurimi
Provisional Profit / Loss (Credit),Fitimi / Humbja e Përkohshme (Credit)
Publications,Publikime
Publish Date,Data e publikimit
Published Date,Data e Publikimit
Purchase,Blerje
Purchase Amount,Shuma Blerje
Purchase Analytics,Analytics Blerje
Purchase Date,Blerje Date
Purchase Defaults,Parazgjedhje Blerje
Purchase Details,Detajet e Blerjes
Purchase Invoice,Blerje Faturë
Purchase Invoice Advance,Blerje Faturë Advance
Purchase Invoice Item,Blerje Item Faturë
Purchase Invoice Trends,Blerje Trendet Faturë
Purchase Invoice cannot be made against an existing asset {0},Fatura e blerjes nuk mund të bëhet kundër një aktivi ekzistues {0
Purchase Invoice {0} is already submitted,Blerje Fatura {0} është dorëzuar tashmë
Purchase Invoices,Blerje Fatura
Purchase Manager,Menaxher Blerje
Purchase Master Manager,Blerje Master Menaxher
Purchase Order,Rendit Blerje
Purchase Order Amount,Shuma e porosisë së blerjes
Purchase Order Amount(Company Currency),Shuma e porosisë së blerjes (Valuta e Kompanisë)
Purchase Order Analysis,Analiza e urdhrit të blerjes
Purchase Order Date,Data e porosisë së blerjes
Purchase Order Item,Rendit Blerje Item
Purchase Order Item Supplied,Blerje Rendit Item furnizuar
Purchase Order Items not received on time,Artikujt e Rendit Blerje nuk janë marrë në kohë
Purchase Order Pricing Rule,Rregulli i çmimit të porosisë së blerjes
Purchase Order Required,Blerje urdhër që nevojitet
Purchase Order Required for item {},Kërkohet porosia e blerjes për artikullin {}
Purchase Order Trends,Rendit Blerje Trendet
Purchase Order already created for all Sales Order items,Urdhri i Blerjes i krijuar tashmë për të gjithë artikujt e Urdhrit të Shitjes
Purchase Order number required for Item {0},Blerje numrin urdhër që nevojitet për artikullit {0}
Purchase Order {0} is not submitted,Blerje Rendit {0} nuk është dorëzuar
Purchase Orders,Urdhrat e blerjes
Purchase Orders Items Overdue,Artikujt e porosive të blerjes janë vonuar
Purchase Orders are not allowed for {0} due to a scorecard standing of {1}.,Urdhërat e blerjes nuk janë të lejuara për {0} për shkak të një pozicioni të rezultateve të {1}.
Purchase Orders to Bill,Blerje urdhëron të Bill
Purchase Orders to Receive,Urdhërat e blerjes për të marrë
Purchase Price List,Blerje Lista e Çmimeve
Purchase Receipt,Pranimi Blerje
Purchase Receipt Detail,Detaji i Marrjes së Blerjes
Purchase Receipt Item,Blerje Pranimi i artikullit
Purchase Receipt Item Supplied,Fatura Blerje Item furnizuar
Purchase Receipt Items,Items Receipt Blerje
Purchase Receipt No,Pranimi Blerje Asnjë
Purchase Receipt Required,Pranimi Blerje kërkuar
Purchase Receipt Required for item {},Kërkohet fatura e blerjes për artikullin {}
Purchase Receipt Trends,Trendet Receipt Blerje
Purchase Receipt doesn't have any Item for which Retain Sample is enabled.,Pranimi i Blerjes nuk ka ndonjë artikull për të cilin është aktivizuar Shembulli i Mbajtjes.
Purchase Receipt {0} is not submitted,Blerje Pranimi {0} nuk është dorëzuar
Purchase Receipts,Pranimet Blerje
Purchase Register,Blerje Regjistrohu
Purchase Return,Kthimi Blerje
Purchase Tax Template,Blerje Template Tatimore
Purchase Taxes and Charges,Blerje taksat dhe tatimet
Purchase Taxes and Charges Template,Blerje taksat dhe tatimet Template
Purchase User,Blerje User
Purchase orders help you plan and follow up on your purchases,Urdhrat e blerjes t&#39;ju ndihmuar të planit dhe të ndjekin deri në blerjet tuaja
Purchased,Blerë
Purchasing,Blerje
Purple,Vjollcë
Purpose,Qëllim
Purpose must be one of {0},Qëllimi duhet të jetë një nga {0}
Purposes,Qëllimet
Qty,Qty
Qty Consumed Per Unit,Qty konsumuar për njësi
Qty To Manufacture,Qty Për Prodhimi
Qty as per Stock UOM,Qty sipas Stoku UOM
Qty for {0},Qty për {0}
Qty of Finished Goods Item,Sasia e artikullit të mallrave të përfunduar
Qty of raw materials will be decided based on the qty of the Finished Goods Item,Sasia e lëndëve të para do të vendoset bazuar në sasinë e artikullit të mallrave të përfunduar
Qty to Bill,Sa për Bill
Qty to Deliver,Qty të Dorëzojë
Qty to Manufacture,Qty Për Prodhimi
Qty to Order,Qty të Rendit
Qty to Receive,Qty të marrin
Qty to Transfer,Qty të transferojë
Qualification,Kualifikim
Quality,Cilësi
Quality Action,Veprimi cilësor
Quality Action Resolution,Rezoluta e veprimit cilësor
Quality Feedback,Reagime cilësore
Quality Feedback Parameter,Parametri i reagimit të cilësisë
Quality Feedback Template,Modeli i reagimit të cilësisë
Quality Feedback Template Parameter,Parametri i shablloneve për reagime cilësore
Quality Goal,Qëllimi i cilësisë
Quality Goal Objective,Objektivi i qëllimit të cilësisë
Quality Inspection,Cilësia Inspektimi
Quality Inspection Analysis,Analiza e Inspektimit të Cilësisë
Quality Inspection Reading,Inspektimi Leximi Cilësia
Quality Inspection Required,Kërkohet inspektimi i cilësisë
Quality Inspection Summary,Përmbledhje e inspektimit të cilësisë
Quality Inspection Template,Modeli i Inspektimit të Cilësisë
Quality Inspection Template Name,Emri i modelit të inspektimit të cilësisë
Quality Management,Menaxhimit të Cilësisë
Quality Manager,Menaxheri Cilësia
Quality Meeting,Takim cilësor
Quality Meeting Agenda,Agjenda e Takimit të Cilësisë
Quality Meeting Minutes,Minutat e Takimit të Cilësisë
Quality Procedure,Procedura e Cilësisë
Quality Procedure Process,Procesi i procedurës së cilësisë
Quality Review,Rishikimi i Cilësisë
Quality Review Objective,Objektivi i rishikimit të cilësisë
Quantity,Sasi
Quantity  that must be bought or sold per UOM,Sasia që duhet të blihet ose të shitet për UOM
Quantity & Stock,Sasia dhe aksionet
Quantity Difference,Sasia Diferenca
Quantity and Amount,Sasia dhe Shuma
Quantity and Description,Sasia dhe Përshkrimi
Quantity and Rate,Sasia dhe Rate
Quantity and Warehouse,Sasia dhe Magazina
Quantity must not be more than {0},Sasia nuk duhet të jetë më shumë se {0}
Quantity of item obtained after manufacturing / repacking from given quantities of raw materials,Sasia e sendit të marra pas prodhimit / ripaketimin nga sasi të caktuara të lëndëve të para
Quantity required for Item {0} in row {1},Sasia e nevojshme për Item {0} në rresht {1}
Quantity should be greater than 0,Sasia duhet të jetë më e madhe se 0
Quantity to Make,Sasia për të bërë
Quantity to Manufacture,Sasia e Prodhimit
Quantity to Manufacture can not be zero for the operation {0},Sasia e Prodhimit nuk mund të jetë zero për operacionin {0
Quantity to Manufacture must be greater than 0.,Sasi të Prodhimi duhet të jetë më e madhe se 0.
Quantity to Produce,Sasia për të prodhuar
Quarterly,Tremujor
Query Options,Query Options
Query Route String,Kërkoj String Strip
Queued,Queued
Quick Entry,Hyrja shpejtë
Quick Journal Entry,Quick Journal Hyrja
Quick Stock Balance,Bilanci i Shitjes së Shpejtë
Quot Count,Quot Count
Quot/Lead %,Quot /% Lead
Quotation,Citat
Quotation Amount,Shuma e kuotimit
Quotation Item,Citat Item
Quotation Lost Reason,Citat Humbur Arsyeja
Quotation Lost Reason Detail,Citim Hollësi për arsyen e humbur
Quotation To,Citat Për
Quotation Trends,Kuotimit Trendet
Quotation {0} is cancelled,Citat {0} është anuluar
Quotation {0} not of type {1},Citat {0} nuk e tipit {1}
Quotations,Citate
"Quotations are proposals, bids you have sent to your customers","Citate janë propozimet, ofertat keni dërguar për klientët tuaj"
Quotations: ,Citate:
Quote Status,Statusi i citatit
RFQs are not allowed for {0} due to a scorecard standing of {1},Kerkesat e kerkesave nuk lejohen per {0} per shkak te nje standarti te rezultateve te {1}
Raise Material Request When Stock Reaches Re-order Level,Ngritni Kërkesën e Materialit Kur Aksioni Arrin Nivelin e Ri-porositjes
Raised By,Ngritur nga
Raised By (Email),Ngritur nga (Email)
Random,E rastësishme
Range,Varg
Rate,Normë
Rate & Amount,Rate &amp; Shuma
Rate (Company Currency),Shkalla (Kompania Valuta)
Rate Of Materials Based On,Shkalla e materialeve në bazë të
Rate Of TDS As Per Certificate,Shkalla e TDS sipas Certifikatës
Rate With Margin,Shkalla me diferencë
Rate With Margin (Company Currency),Shkalla me margjinë (Valuta e kompanisë)
Rate and Amount,Shkalla dhe Shuma
Rate at which Customer Currency is converted to customer's base currency,Shkalla në të cilën Valuta Customer është konvertuar në bazë monedhën klientit
Rate at which Price list currency is converted to company's base currency,Shkalla në të cilën listë Çmimi monedhës është konvertuar në monedhën bazë kompanisë
Rate at which Price list currency is converted to customer's base currency,Shkalla në të cilën listë Çmimi monedhës është konvertuar në bazë monedhën klientit
Rate at which customer's currency is converted to company's base currency,Shkalla në të cilën konsumatori e valutës është e konvertuar në monedhën bazë kompanisë
Rate at which supplier's currency is converted to company's base currency,Shkalla në të cilën furnizuesit e valutës është e konvertuar në monedhën bazë kompanisë
Rate at which this tax is applied,Shkalla në të cilën kjo taksë aplikohet
Rate of Depreciation,Shkalla e amortizimit
Rate of Interest (%) Yearly,Norma e interesit (%) vjetore
Rate or Discount,Rate ose zbritje
Rate or Discount is required for the price discount.,Norma ose Zbritja kërkohet për zbritje të çmimit.
Rates,Çmimet
Rating,Vlerësim
Raw Material,Raw Material
Raw Material Code,Kodi i Lëndës së Parë
Raw Material Cost,Raw Material Kosto
Raw Material Cost (Company Currency),Kostoja e lëndës së parë (monedha e kompanisë)
Raw Material Item Code,Raw Material Item Code
Raw Material Name,Emri i lëndës së parë
Raw Material Warehouse,Magazina e lëndës së parë
Raw Materials,"Lende e pare, lende e paperpunuar"
Raw Materials Consumed,Lëndët e para të konsumuara
Raw Materials Supplied,Lëndëve të para furnizuar
Raw Materials Supplied Cost,Kosto të lëndëve të para furnizuar
Raw Materials cannot be blank.,Lëndëve të para nuk mund të jetë bosh.
Re-open,Ri-hapur
Re-order Level,Re-Rendit nivel
Re-order Qty,Re-Rendit Qty
Read Only,Lexoni Vetëm
Read blog,Lexoni blogun
Reading 1,Leximi 1
Reading 10,Leximi 10
Reading 2,Leximi 2
Reading 3,Leximi 3
Reading 4,Leximi 4
Reading 5,Leximi 5
Reading 6,Leximi 6
Reading 7,Leximi 7
Reading 8,Leximi 8
Reading 9,Leximi 9
Readings,Lexime
Reason,Arsye
Reason For Putting On Hold,Arsyeja për të vendosur
Reason for Hold,Arsyeja e mbajtjes
Reason for Leaving,Arsyeja e largimit
Receipt,Faturë
Receipt Document,Dokumenti Receipt
Receipt Document Type,Pranimi Lloji Document
Receivable,Arkëtueshme
Receivable / Payable Account,Arkëtueshme / pagueshme Llogaria
Receivable Account,Llogaria e arkëtueshme
Receivables,Arkëtueshme
Receive,Merre
Received,Marrë
Received Amount,Shuma e marrë
Received Amount (Company Currency),Shuma e marrë (Company Valuta)
Received From,Marrë nga
Received Items To Be Billed,Items marra Për të faturohet
Received On,Marrë më
Received Qty,Marrë Qty
Received Qty Amount,Mori shumën sasi
Received Quantity,Mori sasinë
Received Stock Entries,Mori hyrje të aksioneve
Received and Accepted,Marrë dhe pranuar
Receiver List,Marresit Lista
Receiver List is empty. Please create Receiver List,Marresit Lista është e zbrazët. Ju lutem krijoni Marresit Lista
Receiving,Marrja e
Recipient,Marrës
Recipient Message And Payment Details,Marrësi Message Dhe Detajet e pagesës
Recipients,Marrësit
Reconcile,Pajtojë
Reconcile Entries,Hyrjet e pajtimit
Reconciled,Pajtuar
Recording URL,URL e regjistrimit
Red,I kuq
Redeem Against,Shëlboni Kundër
Redeem Loyalty Points,Zbritni pikat e besnikërisë
Redeemed Points,Pikët e reduktuara
Redemption,Shpengim
Redemption Account,Llogaria e Shpërblimit
Redemption Cost Center,Qendra e Kostos së Shlyerjes
Redemption Date,Data e riblerjes
Ref Code,Kodi ref
Ref Date,Ref Data
Reference,Referim
Reference #{0} dated {1},Referenca # {0} datë {1}
Reference Date,Referenca Data
Reference Detail No,Nr. I Detajit të Referencës
Reference DocType,Doktipi i referencës
Reference Doctype,DOCTYPE Referenca
Reference Doctype must be one of {0},Referenca DOCTYPE duhet të jetë një nga {0}
Reference Document,Dokumenti Referenca
Reference Document Name,Emri i Dokumentit të Referencës
Reference Document Type,Referenca Document Type
Reference Due Date,Data e duhur e referimit
Reference Name,Emri i Referencës
Reference No & Reference Date is required for {0},Referenca Nuk &amp; Referenca Data është e nevojshme për {0}
Reference No and Reference Date is mandatory for Bank transaction,I Referencës dhe Referenca Date është e detyrueshme për transaksion Bank
Reference No is mandatory if you entered Reference Date,"Referenca Nuk është e detyrueshme, nëse keni hyrë Reference Data"
Reference No.,Nr. I referencës
Reference Number,Numri i referencës
Reference Purchase Receipt,Pranimi i Blerjes së Referencës
Reference Row,Reference Row
Reference Row #,Referenca Row #
Reference Type,Referenca Type
"Reference: {0}, Item Code: {1} and Customer: {2}",Referenca: {0} Artikull Code: {1} dhe klientit: {2}
References,Referencat
Referral Code,Kodi i Referimit
Referral Sales Partner,Partner Shitje Referimi
Refresh,Freskoj
Refresh Google Sheet,Rifresko fletën e Google
"Regards,","Të fala,"
Regional,Rajonal
Registration Details,Detajet e regjistrimit
Regular,I rregullt
Rejected,Refuzuar
Rejected Qty,Refuzuar Qty
Rejected Quantity,Sasi të refuzuar
Rejected Serial No,Refuzuar Nuk Serial
Rejected Warehouse,Magazina refuzuar
Related,I lidhur
Relation,Lidhje
Release Date,Data e lëshimit
Release date must be in the future,Data e lëshimit duhet të jetë në të ardhmen
Relieving Date,Lehtësimin Data
Reload,Rifresko
Remaining,Mbetur
Remaining Balance,Bilanci i mbetur
Remark,Vërejtje
Remarks,Vërejtje
Remove item if charges is not applicable to that item,Hiq pika në qoftë se akuza nuk është i zbatueshëm për këtë artikull
Removed items with no change in quantity or value.,Artikuj hequr me asnjë ndryshim në sasi ose në vlerë.
Rename,Riemërtoj
Rename Attribute Value in Item Attribute.,Riemërto vlerën e atributit në atributin e elementit
Rename Log,Rename Kyçu
Rename Not Allowed,Riemërtimi nuk lejohet
Rename Tool,Rename Tool
"Renaming it is only allowed via parent company {0}, to avoid mismatch.","Riemërtimi i tij lejohet vetëm përmes kompanisë mëmë {0}, për të shmangur mospërputhjen."
Rent Cost,Qira Kosto
Rented,Me qira
Reopen,Rihap
Reorder Level,Reorder Niveli
Reorder Qty,Reorder Qty
Reorder level based on Warehouse,Niveli Reorder bazuar në Magazina
Repack,Ripaketoi
Repair Cost,Kostoja e riparimit
Repair Status,Gjendja e Riparimit
Repeat Customer Revenue,Përsëriteni ardhurat Klientit
Repeat Customers,Konsumatorët të përsëritur
Replace,Zëvendësoj
Replace BOM,Replace BOM
Replied,U përgjigj
Report,Raport
Report Date,Raporti Data
Report Filters,Raporti Filters
Report Type,Raporti Type
Report Type is mandatory,Raporti Lloji është i detyrueshëm
Reports,Raportet
Reports to,Raportet për
Represents Company,Përfaqëson kompaninë
Reqd By Date,Reqd By Date
Reqd by date,Reqd nga data
Request For Quotation,Kërkesa për kuotim
Request Type,Kërkesë Type
Request for,Kërkesë për
Request for Information,Kërkesë për Informacion
Request for Quotation,Kërkesa për kuotim
Request for Quotation Item,Kërkesë për Kuotim Item
Request for Quotation Supplier,Kërkesë për Kuotim Furnizuesit
Request for Raw Materials,Kërkesë për lëndë të parë
Requested,Kërkuar
Requested Items To Be Transferred,Items kërkuar të transferohet
Requested Items to Order and Receive,Artikujt e kërkuar për të porositur dhe marrë
Requested Numbers,Numrat kërkuara
Requested Qty,Kërkohet Qty
"Requested Qty: Quantity requested for purchase, but not ordered.","Sasia e kërkuar: Sasia e kërkuar për blerje, por jo e porositur."
Requesting Site,Kërkimi i Faqes
Requestor,Kërkuesi
Required By,Kërkohet nga
Required Date,Data e nevojshme
Required Items,Items kërkuara
Required On,Kerkohet Në
Required Qty,Kerkohet Qty
Required Quantity,Sasia e kërkuar
Requirement,Kërkesë
Requires Fulfilment,Kërkon Përmbushjen
Research,Hulumtim
Research & Development,Hulumtim dhe Zhvillim
"Reselect, if the chosen address is edited after save","Reselect, nëse adresa e zgjedhur është redaktuar pas ruajtjes"
"Reselect, if the chosen contact is edited after save","Reselect, nëse kontakti i zgjedhur është redaktuar pas ruajtjes"
Resend Payment Email,Ridergo Pagesa Email
Reserve Warehouse,Magazina Rezervë
Reserved,I rezervuar
Reserved Qty,Qty rezervuara
Reserved Qty for Production,Rezervuar Qty për Prodhimin
Reserved Qty for Production: Raw materials quantity to make manufacturing items.,Sasia e Rezervuar për Prodhim: Sasia e lëndëve të para për të bërë artikuj prodhues.
Reserved Qty for Subcontract: Raw materials quantity to make subcontracted items.,Sasia e rezervuar për nënkontrakt: Sasia e lëndëve të para për të bërë artikuj nënkontraktues.
"Reserved Qty: Quantity ordered for sale, but not delivered.","Sasia e rezervuar: Sasia e porositur për shitje, por nuk dorëzohet."
Reserved Quantity,Sasia e rezervuara
Reserved Quantity for Production,Sasia e rezervuar për prodhim
Reserved for manufacturing,Rezervuar për prodhimin
Reserved for sale,Rezervuar për shitje
Reserved for sub contracting,Rezervuar për nën-kontraktim
Reset,Reset
Reset Service Level Agreement,Rivendosni Marrëveshjen e Nivelit të Shërbimit
Resetting Service Level Agreement.,Rivendosja e Marrëveshjes së Nivelit të Shërbimit.
Resignation Letter Date,Dorëheqja Letër Data
Resolution,Zgjidhje
Resolution By,Rezoluta Nga
Resolution Date,Rezoluta Data
Resolution Details,Rezoluta Detajet
Resolution Time,Koha e rezolucionit
Resolutions,Rezolutat
Resolve,Zgjidh
Resolved,Zgjidhet
Resolved By,Zgjidhen nga
Response By,Përgjigja Nga
Response Details,Detajet e përgjigjes
Response Key List,Lista kryesore e përgjigjeve
Response Options,Opsionet e Përgjigjes
Response Result Key Path,Pergjigja e rezultatit Rruga kyçe
Response Time for {0} priority in row {1} can't be greater than Resolution Time.,Koha e përgjigjes për {0} përparësinë në rresht {1} nuk mund të jetë më e madhe se Koha e Rezolucionit.
Responsible,I përgjegjshëm
Rest Of The World,Pjesa tjeter e botes
Restart Subscription,Rinis abonim
Restrict to Countries,Kufizo vendet
Result Preview Field,Fusha Pamjeje e Rezultatit
Result Route Field,Fusha e Rrugës së Rezultatit
Result Title Field,Fusha e titullit të rezultatit
Resume,Vazhdoj
Retain Sample,Mbajeni mostër
Retained Earnings,Fitime të mbajtura
Retention Stock Entry,Regjistrimi i aksioneve mbajtëse
Retention Stock Entry already created or Sample Quantity not provided,Regjistrimi i aksioneve të mbajtjes tashmë të krijuar ose Sasia e mostrës nuk është dhënë
Retry,Rigjykoj
Return,Kthimi
Return / Credit Note,Kthimi / Credit Note
Return / Debit Note,Kthimi / Debiti Note
Return Against Delivery Note,Kthehu Kundër dorëzimit Shënim
Return Against Purchase Invoice,Kthehu kundër Blerje Faturë
Return Against Purchase Receipt,Kthehu përkundrejt marrjes Blerje
Returned Amount,Shuma e kthyer
Returned Qty,U kthye Qty
Returns,Kthim
Reverse Journal Entry,Hyrja Reverse Journal
Review,Rishikim
Review Date,Data shqyrtim
Reviews,Shqyrtime
Rgt,Rgt
Right Index,Indeksi i duhur
Ringing,Kumbues
Role Allowed to Edit Frozen Stock,Roli lejohet të redaktojë stokun e ngrirë
Role Allowed to Set Frozen Accounts and Edit Frozen Entries,Roli lejohet të caktojë llogaritë e ngrira dhe të redaktoni shënimet e ngrira
Root Company,Kompania Root
Root Type,Root Type
Root Type is mandatory,Root Lloji është i detyrueshëm
Root cannot be edited.,Rrënjë nuk mund të redaktohen.
Root cannot have a parent cost center,Rrënjë nuk mund të ketë një qendër me kosto prind
Round Off,Rrumbullohem
Round Off Account,Rrumbullakët Off Llogari
Round Off Cost Center,Rrumbullakët Off Qendra Kosto
Rounded Total,Rrumbullakuar Total
Rounded Total (Company Currency),Harmonishëm Total (Kompania Valuta)
Rounding Adjustment,Rregullimi i rrumbullakosjes
Rounding Adjustment (Company Currency,Rregullimi i rrumbullakosjes (Valuta e kompanisë
Rounding Adjustment (Company Currency),Rregullimi i Llogaritjeve (Valuta e Kompanisë)
Route,Rrugë
Routing,Kurs
Routing Name,Emri i Routing
Row #,Rreshti #
Row # {0}: Cannot return more than {1} for Item {2},Row # {0}: nuk mund të kthehet më shumë se {1} për Item {2}
Row # {0}: Rate cannot be greater than the rate used in {1} {2},Row # {0}: norma nuk mund të jetë më e madhe se norma e përdorur në {1} {2}
Row # {0}: Returned Item {1} does not exist in {2} {3},Rreshti # {0}: Artikulli i kthyer {1} nuk ekziston në {2} {3}
Row #{0} (Payment Table): Amount must be negative,Rreshti # {0} (Tabela e Pagesës): Shuma duhet të jetë negative
Row #{0} (Payment Table): Amount must be positive,Rreshti # {0} (Tabela e Pagesës): Shuma duhet të jetë pozitive
Row #{0}: Accepted Warehouse and Supplier Warehouse cannot be same,Rreshti # {0}: Magazina e Pranuar dhe Magazina e Furnizuesit nuk mund të jenë të njëjta
Row #{0}: Account {1} does not belong to company {2},Rreshti # {0}: Llogaria {1} nuk i përket kompanisë {2}
Row #{0}: Allocated Amount cannot be greater than outstanding amount.,Row # {0}: Shuma e ndarë nuk mund të jetë më e madhe se shuma e papaguar.
"Row #{0}: Asset {1} cannot be submitted, it is already {2}","Row # {0}: Asset {1} nuk mund të paraqitet, ajo është tashmë {2}"
Row #{0}: Cannot delete item {1} which has already been billed.,Rreshti # {0}: Nuk mund të fshihet artikulli {1} i cili tashmë është faturuar.
Row #{0}: Cannot delete item {1} which has already been delivered,Rreshti # {0}: Nuk mund të fshihet artikulli {1} i cili tashmë është dorëzuar
Row #{0}: Cannot delete item {1} which has already been received,Rreshti # {0}: Nuk mund të fshihet artikulli {1} i cili tashmë është marrë
Row #{0}: Cannot delete item {1} which has work order assigned to it.,Rreshti # {0}: Nuk mund të fshihet artikulli {1} i cili i është caktuar urdhri i punës.
Row #{0}: Cannot delete item {1} which is assigned to customer's purchase order.,Rreshti # {0}: Nuk mund të fshijë artikullin {1} i cili i është caktuar urdhrit të blerjes së klientit.
Row #{0}: Cannot select Supplier Warehouse while suppling raw materials to subcontractor,Row # {0}: Nuk mund të zgjedh Magazin e Furnizuesit ndërsa furnizon me lëndë të parë nënkontraktorin
Row #{0}: Child Item should not be a Product Bundle. Please remove Item {1} and Save,Rreshti # {0}: Artikulli i Fëmijëve nuk duhet të jetë Pako e Produktit. Ju lutemi hiqni Artikullin {1} dhe Ruajeni
Row #{0}: Cost Center {1} does not belong to company {2},Rreshti # {0}: Qendra e Kostos {1} nuk i përket kompanisë {2
Row #{0}: Duplicate entry in References {1} {2},Rresht # {0}: Dublikoje hyrja në Referencat {1} {2}
Row #{0}: Expected Delivery Date cannot be before Purchase Order Date,Rreshti # {0}: Data e pritshme e dorëzimit nuk mund të jetë para datës së porosisë së blerjes
Row #{0}: Item added,Rreshti # {0}: Artikujt e shtuar
Row #{0}: Item {1} is not a Serialized/Batched Item. It cannot have a Serial No/Batch No against it.,Rreshti # {0}: Artikulli {1} nuk është një artikull i serializuar / i mbushur. Nuk mund të ketë një Serial Nr / Batch No kundër tij.
Row #{0}: Journal Entry {1} does not have account {2} or already matched against another voucher,Row # {0}: Ditari Hyrja {1} nuk ka llogari {2} ose tashmë krahasohen kundër një kupon
Row #{0}: Not allowed to change Supplier as Purchase Order already exists,Row # {0}: Nuk lejohet të ndryshojë Furnizuesit si Urdhër Blerje tashmë ekziston
Row #{0}: Operation {1} is not completed for {2} qty of finished goods in Work Order {3}. Please update operation status via Job Card {4}.,Rreshti # {0}: Operacioni {1} nuk është përfunduar për 2 {sasi të mallrave të gatshëm në Rendin e Punës {3. Ju lutemi azhurnoni statusin e funksionimit përmes Kartës së Punës {4.
Row #{0}: Payment document is required to complete the transaction,Rreshti # {0}: Dokumenti i pagesës kërkohet për të përfunduar transaksionin
Row #{0}: Please set reorder quantity,Row # {0}: Ju lutemi të vendosur sasinë Reorder
Row #{0}: Quantity for Item {1} cannot be zero.,Rreshti # {0}: Sasia e sendit {1} nuk mund të jetë zero.
"Row #{0}: Reference Document Type must be one of Purchase Order, Purchase Invoice or Journal Entry","Row # {0}: Reference Lloji i dokumentit duhet të jetë një e Rendit Blerje, Blerje Faturë ose Journal Entry"
"Row #{0}: Reference Document Type must be one of Sales Order, Sales Invoice, Journal Entry or Dunning","Rreshti # {0}: Lloji i dokumentit të referencës duhet të jetë një nga porositë e shitjes, fatura e shitjeve, hyrja në ditar ose zënia"
Row #{0}: Rejected Qty can not be entered in Purchase Return,Row # {0}: Refuzuar Qty nuk mund të futen në Blerje Kthim
Row #{0}: Reqd by Date cannot be before Transaction Date,Rreshti # {0}: Reqd by Date nuk mund të jetë para datës së transaksionit
Row #{0}: Serial No {1} does not belong to Batch {2},Rreshti # {0}: Seriali Nr {1} nuk i përket Batch {2
Row #{0}: Service End Date cannot be before Invoice Posting Date,Rreshti # {0}: Data e mbarimit të shërbimit nuk mund të jetë përpara datës së postimit të faturës
Row #{0}: Service Start Date cannot be greater than Service End Date,Rreshti # {0}: Data e fillimit të shërbimit nuk mund të jetë më e madhe se data e përfundimit të shërbimit
Row #{0}: Service Start and End Date is required for deferred accounting,Rreshti # {0}: Data e fillimit dhe mbarimit të shërbimit kërkohet për llogaritjen e shtyrë
Row #{0}: Set Supplier for item {1},Row # {0}: Furnizuesi Set për pika {1}
Row #{0}: Status must be {1} for Invoice Discounting {2},Rreshti # {0}: Statusi duhet të jetë {1} për Zbritjen e Faturave {2}
Row #{0}: The batch {1} has already expired.,Rreshti # {0}: Grupi {1} tashmë ka skaduar.
Row #{0}: Timings conflicts with row {1},Row # {0}: konfliktet timings me radhë {1}
Row #{0}: {1} can not be negative for item {2},Row # {0}: {1} nuk mund të jetë negative për artikull {2}
Row #{0}: {1} is required to create the Opening {2} Invoices,Rreshti # {0}: Kërkohet {1} për të krijuar Faturat e Hapjes {2}
Row #{}: Currency of {} - {} doesn't matches company currency.,Rreshti # {}: Monedha e {} - {} nuk përputhet me monedhën e kompanisë.
Row #{}: Item Code: {} is not available under warehouse {}.,Rreshti # {}: Kodi i artikullit: {} nuk është i disponueshëm në depo {}.
Row #{}: POS Invoice {} has been {},Rreshti # {}: Fatura POS {} ka qenë {}
Row #{}: POS Invoice {} is not against customer {},Rreshti # {}: Fatura POS {} nuk është kundër klientit {}
Row #{}: POS Invoice {} is not submitted yet,Rreshti # {}: Fatura POS {} nuk është dorëzuar ende
Row #{}: Please asign task to a member.,Rreshti # {}: Jepni detyrë një anëtari.
Row #{}: Serial No {} cannot be returned since it was not transacted in original invoice {},Rreshti # {}: Jo Seriali {} nuk mund të kthehet pasi nuk është transaksionuar në faturën origjinale {}
Row #{}: You cannot add postive quantities in a return invoice. Please remove item {} to complete the return.,Rreshti # {}: Ju nuk mund të shtoni sasi pozitive në një faturë kthyese. Ju lutemi hiqni artikullin {} për të përfunduar kthimin.
Row #{}: {},Rreshti # {}: {}
Row #{}: {} {} does not exist.,Rreshti # {}: {} {} nuk ekziston.
Row Number,Numri i rreshtit
Row {0},Rresht {0
Row {0} : Operation is required against the raw material item {1},Rreshti {0}: Funksionimi kërkohet kundrejt artikullit të lëndës së parë {1}
Row {0}: Activity Type is mandatory.,Row {0}: Aktiviteti lloji është i detyrueshëm.
Row {0}: Advance against Customer must be credit,Row {0}: Advance kundër Customer duhet të jetë krediti
Row {0}: Advance against Supplier must be debit,Row {0}: Advance kundër Furnizuesit duhet të debiti
Row {0}: Bill of Materials not found for the Item {1},Row {0}: Bill e materialeve nuk u gjet për pika {1}
Row {0}: Conversion Factor is mandatory,Row {0}: Konvertimi Faktori është e detyrueshme
Row {0}: Cost center is required for an item {1},Rresht {0}: Qendra kosto është e nevojshme për një artikull {1}
Row {0}: Credit entry can not be linked with a {1},Row {0}: Hyrja e kredisë nuk mund të jetë i lidhur me një {1}
Row {0}: Currency of the BOM #{1} should be equal to the selected currency {2},Row {0}: Valuta e BOM # {1} duhet të jetë e barabartë me monedhën e zgjedhur {2}
Row {0}: Debit entry can not be linked with a {1},Row {0}: debiti hyrja nuk mund të jetë i lidhur me një {1}
Row {0}: Delivery Warehouse ({1}) and Customer Warehouse ({2}) can not be same,Rreshti {0}: Depoja e Dorëzimit ({1}) dhe Depoja e Konsumatorëve ({2}) nuk mund të jenë të njëjta
Row {0}: Depreciation Start Date is required,Rreshti {0}: Data e Fillimit të Zhvlerësimit kërkohet
Row {0}: Due Date in the Payment Terms table cannot be before Posting Date,Rreshti {0}: Data e Afatit në tabelën Kushtet e Pagesës nuk mund të jetë para datës së postimit
Row {0}: Enter location for the asset item {1},Rresht {0}: Vendosni vendndodhjen për sendin e aktivit {1}
Row {0}: Exchange Rate is mandatory,Row {0}: Exchange Rate është i detyrueshëm
Row {0}: Expected Value After Useful Life must be less than Gross Purchase Amount,Rresht {0}: Vlera e pritshme pas Jetës së dobishme duhet të jetë më e vogël se Shuma e Blerjes Bruto
"Row {0}: For Supplier {1}, Email Address is Required to send an email","Rreshti {0}: Për furnitorin {1}, kërkohet adresa e postës elektronike për të dërguar një email"
Row {0}: From Time and To Time is mandatory.,Row {0}: Nga koha dhe në kohë është i detyrueshëm.
Row {0}: From Time and To Time of {1} is overlapping with {2},Row {0}: Nga kohë dhe për kohën e {1} është mbivendosje me {2}
Row {0}: From time must be less than to time,Rreshti {0}: Nga koha duhet të jetë më pak se në kohë
Row {0}: Hours value must be greater than zero.,Row {0}: Hours Vlera duhet të jetë më e madhe se zero.
Row {0}: Invalid reference {1},Row {0}: referencë Invalid {1}
Row {0}: Party / Account does not match with {1} / {2} in {3} {4},Row {0}: Partia / Llogaria nuk përputhet me {1} / {2} në {3} {4}
Row {0}: Party Type and Party is required for Receivable / Payable account {1},Row {0}: Partia Lloji dhe Partia është e nevojshme për arkëtueshme / pagueshme llogari {1}
Row {0}: Payment against Sales/Purchase Order should always be marked as advance,Row {0}: Pagesa kundër Sales / Rendit Blerje gjithmonë duhet të shënohet si më parë
Row {0}: Please check 'Is Advance' against Account {1} if this is an advance entry.,Row {0}: Ju lutem kontrolloni &#39;A Advance&#39; kundër llogaria {1} në qoftë se kjo është një hyrje paraprakisht.
Row {0}: Please set at Tax Exemption Reason in Sales Taxes and Charges,Rreshti {0}: Ju lutemi vendosni arsyen e përjashtimit nga taksat në taksat dhe tarifat e shitjeve
Row {0}: Please set the Mode of Payment in Payment Schedule,Rreshti {0}: Ju lutemi vendosni Mënyrën e Pagesës në Programin e Pagesave
Row {0}: Please set the correct code on Mode of Payment {1},Rresht {0}: Ju lutemi vendosni kodin e saktë në mënyrën e pagesës {1}
Row {0}: Quantity not available for {4} in warehouse {1} at posting time of the entry ({2} {3}),Rreshti {0}: Sasia nuk është e disponueshme për {4} në depo {1} në kohën e postimit të hyrjes ({2} {3})
Row {0}: Subcontracted Item is mandatory for the raw material {1},Rreshti {0}: Artikulli i nënkontraktuar është i detyrueshëm për lëndën e parë {1}
"Row {0}: The item {1}, quantity must be positive number","Rreshti {0}: Artikulli {1}, sasia duhet të jetë numër pozitiv"
Row {0}: UOM Conversion Factor is mandatory,Row {0}: UOM Konvertimi Faktori është i detyrueshëm
Row {0}: user has not applied the rule {1} on the item {2},Rresht {0}: përdoruesi nuk ka zbatuar rregullin {1} për artikullin {2
Row {0}: {1} must be greater than 0,Rreshti {0}: {1} duhet të jetë më i madh se 0
Row {0}: {1} {2} does not match with {3},Row {0}: {1} {2} nuk përputhet me {3}
"Row {1}: Quantity ({0}) cannot be a fraction. To allow this, disable '{2}' in UOM {3}.","Rreshti {1}: Sasia ({0}) nuk mund të jetë thyesë. Për ta lejuar këtë, çaktivizo &quot;{2}&quot; në UOM {3}."
Row {}: Asset Naming Series is mandatory for the auto creation for item {},Rreshti {}: Seria e Emërtimit të Pasurive është e detyrueshme për krijimin automatik për artikullin {}
Row({0}): {1} is already discounted in {2},Rreshti ({0}): {1} është zbritur tashmë në {2
Rows Added in {0},Rreshtat e shtuar në {0
Rows Removed in {0},Rreshtat hiqen në {0
Rows with duplicate due dates in other rows were found: {0},Rreshtat me datat e dyfishta të gjetjeve në rreshta të tjerë u gjetën: {0}
Rule Applied,Rregulli i zbatuar
Rule Description,Përshkrimi i rregullës
S.O. No.,SO Nr
SAL-CAM-.YYYY.-,SAL-CAM-.YYYY.-
SAL-ORD-.YYYY.-,SAL-Ord-.YYYY.-
SAL-QTN-.YYYY.-,SAL-QTN-.YYYY.-
SER-WRN-.YYYY.-,SER-WRN-.YYYY.-
SLA is on hold since {0},SLA është në pritje që nga {0}
SMS Center,SMS Center
SMS Log,SMS Identifikohu
SO Qty,SO Qty
STO-ITEM-.YYYY.-,STO-ITEM-.YYYY.-
STO-PICK-.YYYY.-,STO-Pick-.YYYY.-
SUP-.YYYY.-,SUP-.YYYY.-
SWIFT Number,Numri SWIFT
SWIFT number,Numri SWIFT
Safety Stock,Siguria Stoku
Salary,Rrogë
Salary Mode,Mode paga
Sales,Shitjet
Sales Account,Llogaria e Shitjes
Sales Analytics,Sales Analytics
Sales Contributions and Incentives,Kontributet dhe stimujt e shitjeve
Sales Defaults,Default Defaults
Sales Expenses,Shitjet Shpenzimet
Sales Funnel,Gyp Sales
Sales Invoice,Shitjet Faturë
Sales Invoice Advance,Shitjet Faturë Advance
Sales Invoice Item,Item Shitjet Faturë
Sales Invoice No,Shitjet Faturë Asnjë
Sales Invoice Payment,Sales Pagesa e faturave
Sales Invoice Timesheet,Sales Fatura pasqyrë e mungesave
Sales Invoice Trends,Shitjet Trendet faturave
Sales Invoice {0} has already been submitted,Shitjet Faturë {0} tashmë është dorëzuar
Sales Manager,Sales Manager
Sales Master Manager,Sales Master Menaxher
Sales Monthly History,Historia mujore e shitjeve
Sales Order,Sales Order
Sales Order Analysis,Analiza e Rendit të Shitjes
Sales Order Date,Sales Order Data
Sales Order Item,Sales Rendit Item
Sales Order Trends,Sales Rendit Trendet
Sales Order required for Item {0},Rendit Shitjet e nevojshme për Item {0}
Sales Order {0} is not submitted,Sales Order {0} nuk është dorëzuar
Sales Order {0} is not valid,Sales Order {0} nuk është e vlefshme
Sales Order {0} is {1},Sales Order {0} është {1}
Sales Orders,Sales Urdhërat
Sales Orders Required,Kërkohen porositë e shitjeve
Sales Orders to Bill,Urdhëron shitjet në Bill
Sales Orders to Deliver,Urdhëron shitjet për të dorëzuar
Sales Partner,Sales Partner
Sales Partner Commission Summary,Përmbledhje e komisionit të partnerëve të shitjeve
Sales Partner Name,Emri Sales Partner
Sales Partner Target,Sales Partner Target
Sales Partner Target Variance based on Item Group,Varianti i synuar i partnerit të shitjeve bazuar në Artikuj Grupi
Sales Partner Transaction Summary,Përmbledhje e transaksioneve të partnerëve të shitjeve
Sales Partner Type,Lloji i partnerit të shitjes
Sales Partners Commission,Shitjet Partnerët Komisioni
Sales Payment Summary,Përmbledhje e Shitjeve të Pagesave
Sales Person,Personi i shitjeve
Sales Person Commission Summary,Përmbledhje e Komisionit të Shitjes
Sales Person Name,Sales Person Emri
Sales Person Target Variance Based On Item Group,Varianti i synuar i personit të shitjeve bazuar në grupin e artikujve
Sales Person Targets,Synimet Sales Person
Sales Person-wise Transaction Summary,Sales Person-i mençur Përmbledhje Transaction
Sales Pipeline,Sales tubacionit
Sales Price List,Lista Sales Çmimi
Sales Register,Shitjet Regjistrohu
Sales Return,Shitjet Kthehu
Sales Stage,Faza e shitjeve
Sales Summary,Përmbledhje e shitjeve
Sales Tax Template,Template Sales Tax
Sales Taxes and Charges,Shitjet Taksat dhe Tarifat
Sales Taxes and Charges Template,Shitjet Taksat dhe Tarifat Stampa
Sales Team,Sales Ekipi
Sales User,Sales i përdoruesit
Sales and Returns,Shitjet dhe Kthimet
Sales orders are not available for production,Urdhrat e shitjes nuk janë në dispozicion për prodhim
Salutation,Përshëndetje
Same Company is entered more than once,Njëjta kompani është futur më shumë se një herë
Same Item,I njëjti artikull
Same item cannot be entered multiple times.,Same artikull nuk mund të futen shumë herë.
Same supplier has been entered multiple times,Same furnizuesi është lidhur shumë herë
Sample Quantity,Sasia e mostrës
Sample Retention Warehouse,Depoja e mbajtjes së mostrës
Sample Size,Shembull Madhësi
Sample quantity {0} cannot be more than received quantity {1},Sasia e mostrës {0} nuk mund të jetë më e madhe sesa {1}
Sanctioned,Sanksionuar
Saturday,E shtunë
Save,Ruaj
Save as Draft,Ruaj si draft
Scan Barcode,Skanoni barkodin
Scanned Cheque,Skanuar çek
Schedule,Orar
Schedule Date,Orari Data
Scheduled,Planifikuar
Scheduled Date,Data e planifikuar
Scheduled Time,Koha e planifikuar
Scheduler Inactive,Programuesi joaktiv
Scheduler is inactive. Cannot import data.,Programuesi është joaktiv. Nuk mund të importohen të dhënat.
Schedules,Oraret
School/University,Shkolla / Universiteti
Score,Rezultat
Scorecard Actions,Veprimet Scorecard
Scorecards,Scorecards
Scoring Criteria,Kriteret e shënimit
Scoring Setup,Vendosja e programit
Scoring Standings,Renditja e rezultateve
Scrap Items,Items skrap
Scrap Material Cost,Scrap Material Kosto
Scrap Material Cost(Company Currency),Kosto skrap Material (Company Valuta)
Scrap Warehouse,Scrap Magazina
Scrapped,Braktiset
Search,Kërkim
Search APIs,Kërko në API
Search Sub Assemblies,Kuvendet Kërko Nën
Search Term Param Name,Kërko Term Param Name
"Search by customer name, phone, email.","Kërkoni sipas emrit të klientit, telefonit, postës elektronike."
Search by invoice id or customer name,Kërkoni me ID të faturës ose emrin e klientit
Second Email,Emaili i dytë
Section,Seksioni
Section Based On,Seksioni i bazuar në
Section Cards,Kartat e seksionit
Section Code,Kodi i Seksionit
Section HTML,Seksioni HTML
Section Order,Urdhri i seksionit
Secured Loans,Kredi të siguruara
Securities and Deposits,Të letrave me vlerë dhe depozita
See All Articles,Shiko të gjitha artikujt
See all open tickets,Shihni të gjitha biletat e hapura
Select,Përzgjedh
Select Alternate Item,Zgjidh artikullin alternativ
Select Attribute Values,Zgjidhni vlerat e atributeve
Select BOM,Zgjidh BOM
Select BOM and Qty for Production,Zgjidhni bom dhe Qty për Prodhimin
"Select BOM, Qty and For Warehouse","Zgjidhni BOM, Qty dhe For Depo"
Select Billing Address,Zgjidhni Adresën e Faturimit
Select Brand...,Zgjidh Markë ...
Select Company,Zgjidh kompanisë
Select Customers By,Zgjidhni Klientët Nga
Select Default Supplier,Zgjidh Default Furnizuesi
Select Difference Account,Zgjidhni Llogarinë e Diferencës
Select DocType,Zgjidh DOCTYPE
Select Employees,Zgjidhni Punonjësit
Select Items,Zgjidhni Artikujt
Select Items based on Delivery Date,Zgjedhni artikujt bazuar në Datën e Dorëzimit
Select Items to Manufacture,Zgjidhni Items të Prodhimi
Select Loyalty Program,Zgjidh programin e besnikërisë
Select Possible Supplier,Zgjidhni mundshëm Furnizuesi
Select Quantity,Zgjidh Sasia
Select Shipping Address,Zgjidh Shipping Adresa
Select Supplier Address,Zgjidh Furnizuesi Adresa
Select Target Warehouse,Zgjidhni Target Magazina
Select Warehouse...,Zgjidh Magazina ...
Select a Company,Zgjidhni një kompani
Select a Default Priority.,Zgjidhni një përparësi të paracaktuar.
Select a Supplier,Zgjidhni një furnizues
"Select a Supplier from the Default Suppliers of the items below. On selection, a Purchase Order will be made against items belonging to the selected Supplier only.","Zgjidhni një furnitor nga furnitorët e parazgjedhur të artikujve më poshtë. Gjatë zgjedhjes, një Urdhër Blerje do të bëhet vetëm kundër artikujve që i përkasin vetëm Furnizuesit të zgjedhur."
Select a company,Zgjidhni një kompani
Select an account to print in account currency,Zgjidh një llogari për të shtypur në monedhën e llogarisë
Select at least one value from each of the attributes.,Zgjidhni të paktën një vlerë nga secili prej atributeve.
Select change amount account,Llogaria Shuma Zgjidh ndryshim
Select company first,Zgjidhni kompaninë e parë
Select company name first.,Përzgjidh kompani emri i parë.
Select finance book for the item {0} at row {1},Zgjidhni librin e financave për artikullin {0} në rresht {1
Select item group,Zgjidhni grupin e artikujve
Select template item,Zgjidhni artikullin e modelit
Select the Bank Account to reconcile.,Zgjidhni Llogarinë Bankare për tu pajtuar.
Select the customer or supplier.,Zgjidhni konsumatorin ose furnizuesin.
Select variant item code for the template item {0},Zgjidhni kodin e artikullit të variantit për artikullin e modelit {0}
"Select, to make the customer searchable with these fields","Përzgjidhni, për ta bërë konsumatorin të kërkueshëm me këto fusha"
Selected POS Opening Entry should be open.,Hyrja e zgjedhur për hapjen e POS duhet të jetë e hapur.
Selected Price List should have buying and selling fields checked.,Lista e Çmimeve të Zgjedhura duhet të ketë fushat e blerjes dhe shitjes së kontrolluar.
Sell,Shes
Selling,Shitja
Selling Amount,Shuma Shitja
Selling Price List,Lista e Çmimeve të Shitjes
Selling Rate,Shitja e normës
Selling Settings,Shitja Settings
"Selling must be checked, if Applicable For is selected as {0}","Shitja duhet të kontrollohet, nëse është e aplikueshme për të është zgjedhur si {0}"
Send,Dërgoj
Send After (days),Dërgoni Pas (ditësh)
Send Email,Dërgo Email
Send Emails to Suppliers,Dërgoni email tek furnitorët
Send Now,Dërgo Tani
Send SMS,Dërgo SMS
Send To,Send To
Send To Primary Contact,Dërgoni tek Kontakti Primar
Send regular summary reports via Email.,Dërgo raporte të rregullta përmbledhje nëpërmjet Email.
Send to Subcontractor,Dërgoni Nënkontraktuesit
Send with Attachment,Dërgo me Shtojcën
Sender,Dërgues
Sender Name,Sender Emri
Sending,Dërgim
Sent,Dërguar
Sent On,Dërguar në
Sent To,Dërguar në
Sequence ID,ID-ja e sekuencës
Sequence Id,Rendi Id
Serial No,Serial Asnjë
Serial No / Batch,Serial No / Batch
Serial No Count,Pa numërim serial
Serial No Service Contract Expiry,Serial Asnjë Shërbimit Kontratë Expiry
Serial No Status,Serial Asnjë Statusi
Serial No Warranty Expiry,Serial No Garanci Expiry
Serial No and Batch,Pa serial dhe Batch
Serial No is mandatory for Item {0},Asnjë Serial është i detyrueshëm për Item {0}
Serial No {0} does not belong to Delivery Note {1},Serial Asnjë {0} nuk i përket dorëzimit Shënim {1}
Serial No {0} does not belong to Item {1},Serial Asnjë {0} nuk i përkasin Item {1}
Serial No {0} does not exist,Serial Asnjë {0} nuk ekziston
Serial No {0} is under maintenance contract upto {1},Serial Asnjë {0} është nën kontratë të mirëmbajtjes upto {1}
Serial No {0} is under warranty upto {1},Serial Asnjë {0} është nën garanci upto {1}
Serial No {0} not found,Serial Asnjë {0} nuk u gjet
Serial No: {0} has already been transacted into another POS Invoice.,Nr serial: {0} është transaksionuar tashmë në një Faturë tjetër POS.
Serial Nos and Batches,Serial Nr dhe Batches
Serial Number Series,Serial Number Series
Serial number {0} entered more than once,Numri serik {0} hyrë më shumë se një herë
Serial numbers unavailable for Item {0} under warehouse {1}. Please try changing warehouse.,Numrat serialë të padisponueshëm për Artikullin {0} nën depo {1}. Ju lutemi provoni të ndryshoni magazinën.
Series,Seri
Series for Asset Depreciation Entry (Journal Entry),Seria për Shënimin e Zhvlerësimit të Aseteve (Hyrja e Gazetës)
Series is mandatory,Seria është i detyrueshëm
Service,Shërbim
Service Address,Shërbimi Adresa
Service Day,Dita e Shërbimit
Service End Date,Data e Përfundimit të Shërbimit
Service Level Agreement,Marrëveshja e nivelit të shërbimit
Service Level Agreement Creation,Krijimi i Marrëveshjes së Nivelit të Shërbimit
Service Level Agreement Details,Detajet e Marrëveshjes së Nivelit të Shërbimit
Service Level Agreement Status,Statusi i Marrëveshjes së Nivelit të Shërbimit
Service Level Agreement has been changed to {0}.,Marrëveshja e nivelit të shërbimit është ndryshuar në {0.
Service Level Agreement was reset.,Marrëveshja e nivelit të shërbimit u rivendos.
Service Level Agreements,Marrëveshjet e nivelit të shërbimit
Service Level Priority,Prioriteti i nivelit të shërbimit
Service Received But Not Billed,Shërbimi i Marrë Por Jo i Faturuar
Service Start Date,Data e Fillimit të Shërbimit
Service Stop Date,Data e ndalimit të shërbimit
Service Stop Date cannot be after Service End Date,Data e ndalimit të shërbimit nuk mund të jetë pas datës së përfundimit të shërbimit
Service Stop Date cannot be before Service Start Date,Data e ndalimit të shërbimit nuk mund të jetë para datës së fillimit të shërbimit
Services,Sherbime
Session Defaults,Default Seanca
Set Accepted Warehouse,Vendosni Magazinë e Pranuar
Set Advances and Allocate (FIFO),Cakto avancimet dhe alokimin (FIFO)
Set Basic Rate Manually,Vendosni Vlerësimin Bazë manualisht
Set Item Group-wise budgets on this Territory. You can also include seasonality by setting the Distribution.,Set Item buxhetet Grupi-i mençur në këtë territor. Ju gjithashtu mund të përfshijë sezonalitetin duke vendosur të Shpërndarjes.
Set Meta Tags,Vendosni Etiketat Meta
Set New Release Date,Vendos datën e ri të lëshimit
Set Posting Date,Vendosni datën e postimit
Set Project and all Tasks to status {0}?,Vendosni projektin dhe të gjitha detyrat në status {0}?
Set Quantity,Sasia e përcaktuar
Set Reserve Warehouse,Vendosni Magazinë Rezervë
Set Source Warehouse,Vendosni Magazinë e Burimit
Set Target Warehouse,Vendosni Magazinë e synuar
Set as Closed,Bëje si Mbyllur
Set as Completed,Vendos si e plotësuar
Set as Lost,Bëje si Lost
Set as Open,Bëje si Open
Set default inventory account for perpetual inventory,Bëje llogari inventarit parazgjedhur për inventarit të përhershëm
Set rate of sub-assembly item based on BOM,Cakto shkallën e artikullit të nën-montimit bazuar në BOM
Set targets Item Group-wise for this Sales Person.,Caqet e përcaktuara Item Grupi-mençur për këtë person të shitjes.
Set this if the customer is a Public Administration company.,Vendoseni këtë nëse klienti është një kompani e Administratës Publike.
Set {0} in asset category {1} or company {2},Set {0} në kategorinë e aseteve {1} ose kompani {2}
Set {0} in company {1},Vendosni {0 në kompani {1
Sets 'Source Warehouse' in each row of the items table.,Vendos &quot;Magazinën e Burimit&quot; në secilën rresht të tabelës së artikujve.
Sets 'Target Warehouse' in each row of the items table.,Vendos &#39;Magazina e synuar&#39; në secilën rresht të tabelës së artikujve.
Sets 'Warehouse' in each row of the Items table.,Vendos &#39;Magazinë&#39; në secilën rresht të tabelës Artikuj.
Setting Account Type helps in selecting this Account in transactions.,Vendosja Tipi Llogarisë ndihmon në zgjedhjen e kësaj llogarie në transaksionet.
"Setting Events to {0}, since the Employee attached to the below Sales Persons does not have a User ID{1}","Vendosja Ngjarje për {0}, pasi që punonjësit e bashkangjitur më poshtë Personave Sales nuk ka një ID User {1}"
Setting defaults,Vendosja e parazgjedhjeve
Setting up company,Vendosja e kompanisë
Settings,Cilësimet
Settings for Selling Module,Cilësimet për shitjen Module
Settled,Vendosën
Setup,Setup
Share Balance,Bilanci i aksioneve
Share Ledger,Libri i aksioneve
Share Transfer,Transferimi i aksioneve
Share Type,Lloji i aksioneve
Shareholder,Aksionari
Shelf Life In Days,Jeta në skarë në ditë
Shipments,Dërgesat
Shipping Account,Llogaria anijeve
Shipping Address,Transporti Adresa
Shipping Address Name,Transporti Adresa Emri
"Shipping Address does not have country, which is required for this Shipping Rule","Adresa e transportit nuk ka vend, i cili kërkohet për këtë Rregull të Transportit"
Shipping Amount,Shuma e anijeve
Shipping City,Shipping Qyteti
Shipping Country,Shipping Vendi
Shipping County,Shipping County
Shipping Rule,Rregulla anijeve
Shipping Rule Condition,Rregulla Transporti Kushti
Shipping Rule Conditions,Shipping Rregulla Kushte
Shipping Rule Country,Rregulla Shipping Vendi
Shipping Rule Label,Rregulla Transporti Label
Shipping Rule Type,Lloji Rregullave të Transportit
Shipping State,Shteti Shipping
Shipping Zipcode,Afishimi Zipcode
Shipping rule not applicable for country {0} in Shipping Address,Rregulli i transportit nuk zbatohet për vendin {0} në Adresën e Transportit
Shipping rule only applicable for Buying,Rregullimi i transportit është i zbatueshëm vetëm për Blerjen
Shipping rule only applicable for Selling,Rregullat e transportit të aplikueshme vetëm për shitjen
Shopping Cart,Karrocat
Short Name,Emri i shkurtër
Short Term Loan Account,Llogaria e huasë afatshkurtër
Short biography for website and other publications.,Biografia e shkurtër për faqen e internetit dhe botime të tjera.
Shortage Qty,Mungesa Qty
Show Cancelled Entries,Shfaq hyrjet e anuluara
Show Completed,Shfaqja e përfunduar
Show Cumulative Amount,Trego Shuma Kumulative
Show Failed Logs,Shfaqni Shkrimet e Dështuara
Show Future Payments,Trego Pagesat e Ardhme
Show In Website,Shfaq Në Website
Show Inclusive Tax in Print,Trego Taksën Përfshirëse në Shtyp
Show Items,Shfaq Items
Show Latest Forum Posts,Trego postimet e fundit në forum
Show Linked Delivery Notes,Shfaq shënimet e dorëzimit të lidhura
Show Open,Trego të hapur
Show Opening Entries,Trego hyrjet hapëse
Show Operations,Shfaq Operacionet
Show Payment Details,Shfaq Detajet e Pagesës
Show Payment Schedule in Print,Trego orarin e pagesës në Print
Show Return Entries,Trego hyrjet e kthimit
Show Sales Person,Shfaq personin e shitjeve
Show Stock Ageing Data,Shfaq të dhënat e plakjes së aksioneve
Show Traceback,Shfaq gjurmimin
Show Variant Attributes,Trego atributet e variantit
Show Variants,Shfaq Variantet
Show Warehouse-wise Stock,Trego Stoku-i mençur me shumicë
Show exploded view,Shfaq pamje të eksploduar
Show in Website,Shfaq në Uebfaqe
Show only POS,Trego vetëm POS
Show unclosed fiscal year's P&L balances,Trego P &amp; L bilancet pambyllur vitit fiskal
Show zero values,Trego zero vlerat
Show {0},Trego {0}
Signatory Position,Pozita nënshkruese
Signed,Nënshkruar
Signed By (Company),Nënshkruar nga (Kompania)
Signed On,Nënshkruar
Signee,Blertë
Signee (Company),Regjistruesi (Kompania)
Signee Details,Detajet e shënimit
"Simple Python Expression, Example: territory != 'All Territories'","Shprehje e thjeshtë Python, Shembull: territor! = &#39;Të gjitha territoret&#39;"
Single,I vetëm
Single Tier Program,Programi Single Tier
Single Transaction Threshold,Pragu Single Transaction Pragu
Single Variant,Varianti i vetëm
Size,Madhësi
Skip Delivery Note,Kalo Shënimin e Dorëzimit
Skip Material Transfer to WIP Warehouse,Kalo Transferimin e Materialit në Magazin WIP
Skype ID,ID e Skype
Slideshow,Slideshow
Small,I vogël
Smoothing Constant,Zbutja e vazhdueshme
Softwares,Programe
Sold,I shitur
"Sorry, this coupon code is no longer valid","Na vjen keq, ky kod i kuponit nuk është më i vlefshëm"
"Sorry, this coupon code's validity has expired","Na vjen keq, vlefshmëria e këtij kodi kupon ka skaduar"
"Sorry, this coupon code's validity has not started","Na vjen keq, vlefshmëria e këtij kodi kupon nuk ka filluar"
Source,Burim
Source DocType,Burimi i DocType
Source Document Name,Dokumenti Burimi Emri
Source Document Type,Burimi Lloji i dokumentit
Source Location,Burimi Vendndodhja
Source Name,Burimi Emri
Source Type,Lloji i Burimit
Source Warehouse,Burimi Magazina
Source Warehouse Address,Adresa e Burimeve të Burimeve
Source and Target Location cannot be same,Burimi dhe vendndodhja e synuar nuk mund të jenë të njëjta
Source and target warehouse cannot be same for row {0},Burimi dhe depo objektiv nuk mund të jetë i njëjtë për të rresht {0}
Source and target warehouse must be different,Burimi dhe depo objektiv duhet të jetë i ndryshëm
Source of Funds (Liabilities),Burimi i Fondeve (obligimeve) të papaguara
Source warehouse is mandatory for row {0},Depo Burimi është i detyrueshëm për rresht {0}
Sourced by Supplier,Me burim nga Furnizuesi
Specify Exchange Rate to convert one currency into another,Specifikoni Exchange Rate për të kthyer një monedhë në një tjetër
Specify conditions to calculate shipping amount,Specifikoni kushtet për të llogaritur shumën e anijeve
Split,Ndarje
Split Batch,Batch Split
Split Issue,Split Çështja
Sr,Sr
Stage Name,Emri i fazës
Stale Days,Ditët Stale
Standard Buying,Blerja Standard
Standard Selling,Shitja Standard
Standard Selling Rate,Standard Shitja Vlerësoni
Standard Template,Template standard
Standing Name,Emri i Përhershëm
Start,Fillim
Start Date,Data e Fillimit
Start Date cannot be before the current date,Data e fillimit nuk mund të jetë para datës aktuale
Start Import,Filloni Importin
Start Time,Koha e fillimit
Start Year,Fillimi Year
Start Year and End Year are mandatory,Viti i Fillimit dhe Viti i Fundit janë të detyrueshëm
Start and End Dates,Filloni dhe Fundi Datat
Start date of current invoice's period,Data e fillimit të periudhës së fatura aktual
Start date should be less than end date for Item {0},Data e fillimit duhet të jetë më pak se data përfundimtare e artikullit {0}
Start date should be less than end date for task {0},Data e fillimit duhet të jetë më pak se data e përfundimit të detyrës {0}
Started,Started
Started Time,Koha e filluar
Starting location from left edge,Duke filluar vend nga buzë e majtë
Starting position from top edge,Pozicion nga buzë të lartë duke filluar
State/Province,Shteti / Provinca
Statement of Account,Deklarata e llogarisë
Status,Gjendje
Status must be Cancelled or Completed,Statusi duhet të anulohet ose të përfundojë
Status must be one of {0},Statusi duhet të jetë një nga {0}
Statutory info and other general information about your Supplier,Info Statutore dhe informacione të tjera të përgjithshme në lidhje me furnizuesit tuaj
Stock,Stoku
Stock Adjustment,Stoku Rregullimit
Stock Adjustment Account,Llogaria aksioneve Rregullimit
Stock Ageing,Stoku plakjen
Stock Analytics,Stoku Analytics
Stock Assets,Pasuritë e aksioneve
Stock Available,Në dispozicion
Stock Balance,Stoku Bilanci
Stock Balance Report,Raporti i Bilancit të Aksioneve
Stock Details,Stoku Detajet
Stock Entry,Stoku Hyrja
Stock Entry (Outward GIT),Hyrja në aksione (GIT i jashtëm)
Stock Entry Child,Fëmija i hyrjes së aksioneve
Stock Entry Detail,Stoku Hyrja Detail
Stock Entry Type,Lloji i hyrjes së aksioneve
Stock Entry has been already created against this Pick List,Hyrja në aksione është krijuar tashmë kundër kësaj liste të zgjedhjeve
Stock Entry {0} created,Stoku Hyrja {0} krijuar
Stock Entry {0} is not submitted,Stoku Hyrja {0} nuk është dorëzuar
Stock Expenses,Stoku Shpenzimet
Stock Frozen Upto,Stoku ngrira Upto
Stock In Hand,Stoku In Hand
Stock Items,Stoku Items
Stock Ledger,Stoku Ledger
Stock Ledger Entries and GL Entries are reposted for the selected Purchase Receipts,Stoku Ledger Hyrje dhe GL Entries janë reposted për Pranimeve zgjedhura Blerje
Stock Ledger Entry,Stoku Ledger Hyrja
Stock Ledger ID,ID e Librit të aksioneve
Stock Levels,Nivelet e aksioneve
Stock Liabilities,Stoku Detyrimet
Stock Manager,Stoku Menaxher
Stock Projected Qty,Stoku Projektuar Qty
Stock Qty,Stoku Qty
Stock Qty vs Serial No Count,Numri i aksioneve vs Seriali Pa numërim
Stock Received But Not Billed,Stoku Marrë Por Jo faturuar
Stock Reconciliation,Stoku Pajtimit
Stock Reconciliation Item,Stoku Pajtimi Item
Stock Reconciliations,Pajtimet e aksioneve
Stock Settings,Stoku Cilësimet
Stock Summary,Stoku Përmbledhje
Stock UOM,Stoku UOM
Stock Uom,Stoku UOM
Stock User,Stoku User
Stock Value,Stoku Vlera
Stock and Account Value Comparison,Krahasimi i vlerës së aksioneve dhe llogarisë
Stock cannot be updated against Delivery Note {0},Stoku nuk mund të rifreskohet kundër dorëzimit Shënim {0}
Stock cannot be updated against Purchase Receipt {0},Stoku nuk mund të rifreskohet kundër marrjes Blerje {0}
Stock transactions before {0} are frozen,Transaksionet e aksioneve para {0} janë të ngrira
Stop,Stop
Stop Reason,Ndaloni arsyen
Stopped,U ndal
"Stopped Work Order cannot be cancelled, Unstop it first to cancel","Ndalohet Rendi i Punës nuk mund të anulohet, të anullohet së pari të anulohet"
Stores,Dyqane
Straight Line,Vijë e drejtë
Sub Assemblies,Kuvendet Nën
Sub Procedure,Nën procedura
Sub-assembly BOM Count,Nën-kuvendi Numërimi i BOM
Sub-contracting,Nënkontraktimi
Subcontract,Nënkontratë
Subcontracted Item,Artikuj nënkontraktuar
Subcontracted Item To Be Received,Artikulli i nënkontraktuar që do të merret
Subcontracted Raw Materials To Be Transferred,Lëndët e para nënkontraktuara për t&#39;u transferuar
Subject,Subjekt
Submit,Paraqes
Submit After Import,Paraqisni pas importit
Submit Journal Entries,Paraqisni shënimet në ditar
Submit this Work Order for further processing.,Dorëzoni këtë Urdhër të Punës për përpunim të mëtejshëm.
Submitted,Dërguar
Subscription,Abonim
Subscription End Date,Data e përfundimit të pajtimit
Subscription End Date is mandatory to follow calendar months,Data e përfundimit të pajtimit është e detyrueshme për të ndjekur muajt kalendarikë
Subscription End Date must be after {0} as per the subscription plan,Data e mbarimit të pajtimit duhet të jetë pas {0} sipas planit të pajtimit
Subscription Invoice,Fatura e abonimit
Subscription Period,Periudha e abonimit
Subscription Plan,Plani i abonimit
Subscription Plan Detail,Detaji i Planit të Abonimit
Subscription Plans,Planet e abonimit
Subscription Price Based On,Çmimi i pajtimit bazuar në
Subscription Section,Seksioni i abonimit
Subscription Settings,Parametrat e pajtimit
Subscription Start Date,Data e nisjes së abonimit
Subscriptions,Abonimet
Subtitle,Nëntitull
Success,Sukses
Success Redirect URL,URL e përcjelljes së suksesit
Success Settings,Cilësimet e suksesit
Successful,E suksesshme
Successfully Reconciled,Harmonizuar me sukses
Successfully Set Supplier,Vendosni me sukses Furnizuesin
"Successfully imported {0} record out of {1}. Click on Export Errored Rows, fix the errors and import again.","Importuar me sukses {0} rekord nga {1}. Klikoni në Eksporto Rreshtat e Gabuar, rregullo gabimet dhe importo përsëri."
Successfully imported {0} record.,Rekordi i importuar me sukses {0.
"Successfully imported {0} records out of {1}. Click on Export Errored Rows, fix the errors and import again.","U importuan me sukses {0} rekorde nga {1}. Klikoni në Eksporto Rreshtat e Gabuar, rregullo gabimet dhe importo përsëri."
Successfully imported {0} records.,Të dhënat e importuara me sukses {0}.
"Successfully updated {0} record out of {1}. Click on Export Errored Rows, fix the errors and import again.","{0} Regjistrimi u përditësua me sukses nga {1}. Klikoni në Eksporto Rreshtat e Gabuar, rregullo gabimet dhe importo përsëri."
Successfully updated {0} record.,Rekordohet me sukses rekord {0.
"Successfully updated {0} records out of {1}. Click on Export Errored Rows, fix the errors and import again.","{0} Rekordet u azhurnuan me sukses nga {1}. Klikoni në Eksporto Rreshtat e Gabuar, rregullo gabimet dhe importo përsëri."
Successfully updated {0} records.,Të dhënat e azhurnuara me sukses {0.
Suggestions,Sugjerime
Summary,Përmbledhje
Summary for this month and pending activities,Përmbledhje për këtë muaj dhe aktivitetet në pritje
Summary for this week and pending activities,Përmbledhje për këtë javë dhe aktivitete në pritje
Sunday,E diel
Supplied Items,Artikujve të furnizuara
Supplied Qty,Furnizuar Qty
Supplier,Furnizuesi
Supplier > Supplier Type,Furnizuesi&gt; Lloji i furnizuesit
Supplier Address,Furnizuesi Adresa
Supplier Delivery Note,Shënimi i dorëzimit të furnitorit
Supplier Details,Detajet Furnizuesi
Supplier Group,Grupi Furnizues
Supplier Group Name,Emri i grupit të furnitorit
Supplier Invoice Date,Furnizuesi Data e faturës
Supplier Invoice Date cannot be greater than Posting Date,Furnizuesi Data e faturës nuk mund të jetë më i madh se mbi postimet Data
Supplier Invoice No,Furnizuesi Fatura Asnjë
Supplier Invoice No exists in Purchase Invoice {0},Furnizuesi Fatura Nuk ekziston në Blerje Faturë {0}
Supplier Items,Items Furnizuesi
Supplier Lead Time (days),Koha e furnizimit të furnizuesit (ditë)
Supplier Ledger Summary,Përmbledhje e udhëheqësit të furnizuesit
Supplier Name,Furnizuesi Emri
Supplier Naming By,Furnizuesi Emërtimi By
Supplier Part No,Furnizuesi Part No
Supplier Part Number,Furnizuesi Pjesa Numër
Supplier Quotation,Furnizuesi Citat
Supplier Quotation Comparison,Krahasimi i Kuotimit të Furnizuesit
Supplier Quotation Item,Citat Furnizuesi Item
Supplier Quotation {0} Created,Citati i furnitorit {0} Krijuar
Supplier Score,Rezultati i Furnizuesit
Supplier Scorecard,Nota e Furnizuesit
Supplier Scorecard Criteria,Kriteret e Scorecard Furnizuesit
Supplier Scorecard Period,Periudha e rezultateve të furnitorit
Supplier Scorecard Scoring Criteria,Kriteret e Shënimit të Rezultatit të Furnizuesit
Supplier Scorecard Scoring Standing,Rezultati i rezultatit të furnitorit
Supplier Scorecard Scoring Variable,Rezultati i rezultatit të furnitorit që shënon variablën
Supplier Scorecard Setup,Vendosja e Scorecard Furnizues
Supplier Scorecard Standing,Përputhësi i rezultatit të furnitorit
Supplier Scorecard Variable,Vleresimi i rezultateve te furnitorit
Supplier Type,Furnizuesi Type
Supplier Warehouse,Furnizuesi Magazina
Supplier delivers to Customer,Furnizuesi jep Klientit
Supplier of Goods or Services.,Furnizuesi i mallrave ose shërbimeve.
Supplier {0} not found in {1},Furnizuesi {0} nuk gjendet në {1}
Supplier(s),Furnizuesi (s)
Supplier-Wise Sales Analytics,Furnizuesi-i mençur Sales Analytics
Suppliers,Furnizuesit
Supply Raw Materials for Purchase,Furnizimit të lëndëve të para për Blerje
Support,Mbështetje
Support Hour Distribution,Shpërndarja e orëve të mbështetjes
Support Portal,Mbështetje Portal
Support Search Source,Kërkoni burimin e kërkimit
Support Settings,Cilësimet mbështetje
Support Team,Mbështetje Ekipi
Support Tickets,Biletat Mbështetëse
Suspended,Pezulluar
Switch Between Payment Modes,Kaloni midis mënyrave të pagesës
Synchronize all accounts every hour,Sinkronizoni të gjitha llogaritë çdo orë
System Manager,Sistemi Menaxher
"System User (login) ID. If set, it will become default for all HR forms.","Përdoruesi i Sistemit (login) ID. Nëse vendosur, ajo do të bëhet e parazgjedhur për të gjitha format e burimeve njerëzore."
System will fetch all the entries if limit value is zero.,Sistemi do të tërheq të gjitha shënimet nëse vlera limit është zero.
System will notify to increase or decrease quantity or amount ,Sistemi do të njoftojë për të rritur ose ulur sasinë ose sasinë
TDS Computation Summary,Përmbledhja e llogaritjes së TDS
TDS Rate %,Rate TDS%
TS-.YYYY.-,TS-YYYY.-
Table for Item that will be shown in Web Site,Tabela për çështje që do të shfaqet në Web Site
Tag,Etiketë
Tag Line,Tag Line
Target,Objektiv
Target  Amount,Target Shuma
Target ({}),Synimi ({})
Target Detail,Detail Target
Target Details,Detaje të synuara
Target Distribution,Shpërndarja Target
Target Location,Vendndodhja e synuar
Target On,Target Në
Target Qty,Target Qty
Target Warehouse,Target Magazina
Target Warehouse Address,Adresën e Objektit të Objektit
Target warehouse is mandatory for row {0},Depo objektiv është i detyrueshëm për rresht {0}
Targets,Synimet
Tariff Number,Numri Tarifa
Task,Detyrë
Task Completion,Task Përfundimi
Task Depends On,Detyra varet
Task Description,Përshkrimi i detyrës
Task Name,Task Emri
Task Progress,Task Progress
Task Type,Lloji i detyrës
Task Weight,Task Pesha
Tasks,Detyrat
Tasks Completed,Detyrat e përfunduara
Tasks Overdue,Detyrat e vonuara
Tax,Tatim
Tax Account,Llogaria Tatimore
Tax Amount After Discount Amount,Shuma e taksave Pas Shuma ulje
Tax Amount After Discount Amount (Company Currency),Shuma e taksave Pas Shuma ulje (Kompania Valuta)
Tax Assets,Pasuritë Tatimore
Tax Breakup,Breakup Tax
Tax Category,Kategoria e Taksave
"Tax Category has been changed to ""Total"" because all the Items are non-stock items","Tax Category ka ndryshuar për të &quot;Total&quot;, sepse të gjitha sendet janë artikuj jo-aksioneve"
Tax ID,ID e taksave
Tax Id,Identiteti i taksave
Tax Id: ,Identiteti i taksave:
Tax Rate,Shkalla e tatimit
Tax Rates,Mimet e taksave
Tax Rule,Rregulla Tatimore
Tax Rule Conflicts with {0},Konfliktet Rregulla tatimor me {0}
Tax Template is mandatory.,Template tatimi është i detyrueshëm.
Tax Total,Totali i Taksave
Tax Type,Lloji Tatimore
Tax Withholding Account,Llogaria e Mbajtjes së Tatimit
Tax Withholding Category,Kategori e Mbajtjes së Tatimit
Tax Withholding Rate,Norma e Mbajtjes së Tatimit
Tax Withholding Rates,Normat e Mbajtjes së Tatimit
Taxable Amount,Shuma e tatueshme
Taxes,Tatimet
Taxes and Charges,Taksat dhe Tarifat
Taxes and Charges Added,Taksat dhe Tarifat Shtuar
Taxes and Charges Added (Company Currency),Taksat dhe Tarifat Shtuar (Kompania Valuta)
Taxes and Charges Calculation,Taksat dhe Tarifat Llogaritja
Taxes and Charges Deducted,Taksat dhe Tarifat zbritet
Taxes and Charges Deducted (Company Currency),Taksat dhe Tarifat zbritet (Kompania Valuta)
Team Member,Anëtar i ekipit
Telephone Expenses,Shpenzimet telefonike
Template,Shabllon
Template Item,Artikulli i modelit
Template Name,Emri template
Template Options,Opsionet e shablloneve
Template Title,Titulli i shabllonit
Template Warnings,Paralajmërimet e shablloneve
Temporarily on Hold,Përkohësisht në pritje
Temporary,I përkohshëm
Temporary Accounts,Llogaritë e përkohshme
Temporary Opening,Hapja e përkohshme
Temporary Opening Account,Llogaria e hapjes së përkohshme
Term Details,Detajet Term
Terms,Kushtet
Terms and Conditions,Termat dhe Kushtet
Terms and Conditions Content,Termat dhe Kushtet Përmbajtja
Terms and Conditions Details,Termat dhe Kushtet Detajet
Terms and Conditions Help,Termat dhe Kushtet Ndihmë
Territory,Territor
Territory Manager,Territori Menaxher
Territory Name,Territori Emri
Territory Target Variance Based On Item Group,Varianti i synimit të territorit bazuar në grupin e artikujve
Territory Targets,Synimet Territory
Territory-wise Sales,Shitje të mençura të territorit
The 'From Package No.' field must neither be empty nor it's value less than 1.,&#39;Nga Paketa Nr&#39; fusha nuk duhet të jetë as bosh as vlera e saj më e vogël se 1.
"The Access to Request for Quotation From Portal is Disabled. To Allow Access, Enable it in Portal Settings.","Hyrja në kërkesë për kuotim nga Portali është e Çaktivizuar. Për të lejuar hyrjen, aktivizojeni atë në Cilësimet e Portalit."
The BOM which will be replaced,BOM i cili do të zëvendësohet
The Campaign '{0}' already exists for the {1} '{2}',Fushata &#39;{0}&#39; tashmë ekziston për {1} &#39;{2}&#39;
The Condition '{0}' is invalid,Kushti &#39;{0}&#39; është i pavlefshëm
The Loyalty Program isn't valid for the selected company,Programi i Besnikërisë nuk është i vlefshëm për kompaninë e përzgjedhur
The Payment Term at row {0} is possibly a duplicate.,Termi i pagesës në rresht {0} është ndoshta një kopje.
"The Stock Entry of type 'Manufacture' is known as backflush. Raw materials being consumed to manufacture finished goods is known as backflushing. <br><br> When creating Manufacture Entry, raw-material items are backflushed based on BOM of production item. If you want raw-material items to be backflushed based on Material Transfer entry made against that Work Order instead, then you can set it under this field.","Regjistrimi i aksioneve i tipit &#39;Prodhim&#39; njihet si rimbushja e pasme. Lëndët e para që konsumohen për të prodhuar mallra të gatshme njihen si pastrimi i pasme.<br><br> Kur krijoni Hyrjen e Prodhimit, artikujt e lëndës së parë kthehen prapa bazuar në BOM të artikullit të prodhimit. Nëse dëshironi që artikujt e lëndës së parë të zbardhen, bazuar në hyrjen e Transferimit të Materialit, të bërë kundrejt këtij Urdhri të Punës, atëherë mund ta vendosni nën këtë fushë."
"The account head under Liability or Equity, in which Profit/Loss will be booked","Kreu Llogaria nën pasiv ose kapital, në të cilën Fitimi / Humbja do të jetë e rezervuar"
The amount of {0} set in this payment request is different from the calculated amount of all payment plans: {1}. Make sure this is correct before submitting the document.,Shuma e {0} e vendosur në këtë kërkesë pagese është e ndryshme nga shuma e llogaritur e të gjitha planeve të pagesave: {1}. Sigurohuni që kjo të jetë e saktë para paraqitjes së dokumentit.
The difference between from time and To Time must be a multiple of Appointment,Diferenca ndërmjet kohës dhe tjetrit duhet të jetë një shumëfish i emërimeve
The field Asset Account cannot be blank,Llogaria e Pasurisë në terren nuk mund të jetë bosh
The field Equity/Liability Account cannot be blank,Fusha e llogarisë së kapitalit / detyrimit nuk mund të jetë bosh
The field From Shareholder cannot be blank,Fusha Nga Aksionari nuk mund të jetë bosh
The field To Shareholder cannot be blank,Fusha Për Aksionarin nuk mund të jetë bosh
The fields From Shareholder and To Shareholder cannot be blank,Fushat Nga Aksionari dhe Aksionari nuk mund të jenë të zbrazëta
The folio numbers are not matching,Numrat e folio nuk përputhen
The following deleted attributes exist in Variants but not in the Template. You can either delete the Variants or keep the attribute(s) in template.,Atributet e mëposhtme të fshira ekzistojnë në Variantet por jo në Model. Mund të fshini Variantet ose t&#39;i mbani atributet në model.
The following employees are currently still reporting to {0}:,Punonjësit e mëposhtëm aktualisht janë ende duke raportuar te {0}:
The following {0} were created: {1},{0} E mëposhtme u krijuan: {1}
The gross weight of the package. Usually net weight + packaging material weight. (for print),Pesha bruto e paketës. Zakonisht pesha neto + paketimin pesha materiale. (Për shtyp)
The holiday on {0} is not between From Date and To Date,Festa në {0} nuk është në mes Nga Data dhe To Date
The net weight of this package. (calculated automatically as sum of net weight of items),Pesha neto i kësaj pakete. (Llogaritet automatikisht si shumë të peshës neto të artikujve)
The new BOM after replacement,BOM ri pas zëvendësimit
The number of shares and the share numbers are inconsistent,Numri i aksioneve dhe numri i aksioneve nuk janë në përputhje
The parent account {0} does not exists in the uploaded template,Llogaria e prindërve {0} nuk ekziston në modelin e ngarkuar
The payment gateway account in plan {0} is different from the payment gateway account in this payment request,Llogaria e portës së pagesës në planin {0} ndryshon nga llogaria e portës së pagesës në këtë kërkesë pagese
"The percentage you are allowed to bill more against the amount ordered. For example, if the order value is $100 for an item and tolerance is set as 10%, then you are allowed to bill up to $110 ","Përqindja që ju lejohet të faturoni më shumë kundrejt shumës së porositur. Për shembull, nëse vlera e porosisë është 100 $ për një artikull dhe toleranca përcaktohet si 10%, atëherë ju lejohet të faturoni deri në 110 $"
"The percentage you are allowed to receive or deliver more against the quantity ordered. For example, if you have ordered 100 units, and your Allowance is 10%, then you are allowed to receive 110 units.","Përqindja që ju lejohet të merrni ose të dorëzoni më shumë përkundrejt sasisë së porositur. Për shembull, nëse keni porositur 100 njësi dhe Shtesa juaj është 10%, atëherë ju lejohet të merrni 110 njësi."
The root account {0} must be a group,Llogaria kryesore {0} duhet të jetë një grup
The selected BOMs are not for the same item,Të BOM përzgjedhur nuk janë për të njëjtin artikull
The selected change account {} doesn't belongs to Company {}.,Llogaria e përzgjedhur e ndryshimit {} nuk i përket Kompanisë {}.
The selected item cannot have Batch,Elementi i përzgjedhur nuk mund të ketë Serisë
The seller and the buyer cannot be the same,Shitësi dhe blerësi nuk mund të jenë të njëjta
The serial no {0} does not belong to item {1},Nr serial {0} nuk i përket artikullit {1}
The shareholder does not belong to this company,Aksioneri nuk i përket kësaj kompanie
The shares already exist,Aksionet tashmë ekzistojnë
The shares don't exist with the {0},Aksionet nuk ekzistojnë me {0}
"The task has been enqueued as a background job. In case there is any issue on processing in background, the system will add a comment about the error on this Stock Reconciliation and revert to the Draft stage","Detyra është përmbledhur si një punë në sfond. Në rast se ka ndonjë çështje në përpunimin në sfond, sistemi do të shtojë një koment në lidhje me gabimin në këtë pajtim të aksioneve dhe të kthehet në fazën e Projektit"
The value of {0} differs between Items {1} and {2},Vlera e {0} ndryshon midis Artikujve {1} dhe {2}
The value {0} is already assigned to an existing Item {1}.,Vlera {0} i është caktuar tashmë një Artikulli ekzistues {1}.
The {0} ({1}) must be equal to {2} ({3}),{0} ({1}) Duhet të jetë e barabartë me {2} ({3})
The {0} {1} created sucessfully,{0} {1} Krijuar me sukses
"Then Pricing Rules are filtered out based on Customer, Customer Group, Territory, Supplier, Supplier Type, Campaign, Sales Partner etc.","Pastaj Çmimeve Rregullat janë filtruar në bazë të konsumatorëve, Grupi Customer, Territorit, Furnizuesin, Furnizuesi Lloji, fushatën, Sales Partner etj"
There are active maintenance or repairs against the asset. You must complete all of them before cancelling the asset.,Ka mirëmbajtje ose riparime aktive kundër pasurisë. Duhet t&#39;i plotësoni të gjitha përpara se të anuloni pasurinë.
"There are inconsistencies between the rate, no of shares and the amount calculated","Ka mospërputhje në mes të normës, jo të aksioneve dhe shumës së llogaritur"
There can be multiple tiered collection factor based on the total spent. But the conversion factor for redemption will always be same for all the tier.,Nuk mund të jetë faktor i shumëfishuar i grumbullimit bazuar në totalin e shpenzuar. Por faktori i konvertimit për shpengim do të jetë gjithmonë i njëjtë për të gjithë grupin.
There can only be 1 Account per Company in {0} {1},Nuk mund të jetë vetëm 1 Llogaria për Kompaninë në {0} {1}
"There can only be one Shipping Rule Condition with 0 or blank value for ""To Value""",Nuk mund të jetë vetëm një Transporti Rregulla Kushti me 0 ose vlerë bosh për &quot;vlerës&quot;
There is no batch found against the {0}: {1},Nuk është gjetur asnjë grup kundër {0}: {1}
There is nothing to edit.,Nuk ka asgjë për të redaktuar.
There was an error saving the document.,Pati një gabim në ruajtjen e dokumentit.
There were errors while sending email. Please try again.,Ka pasur gabime ndërsa dërguar një email. Ju lutemi provoni përsëri.
This Item is a Template and cannot be used in transactions. Item attributes will be copied over into the variants unless 'No Copy' is set,Ky artikull është një Template dhe nuk mund të përdoret në transaksionet. Atribute pika do të kopjohet gjatë në variantet nëse nuk është vendosur &quot;Jo Copy &#39;
This Item is a Variant of {0} (Template).,Ky Artikull është një variant i {0} (Shabllon).
This Month's Summary,Përmbledhje këtij muaji
This Warehouse will be auto-updated in the Target Warehouse field of Work Order.,Kjo Depo do të azhurnohet automatikisht në fushën e Magazinës së synuar të Rendit të Punës.
This Warehouse will be auto-updated in the Work In Progress Warehouse field of Work Orders.,Kjo Magazinë do të azhurnohet automatikisht në fushën e Porosive të Punës në Magazinën në Punë.
This Week's Summary,Përmbledhja e kësaj jave
This action will stop future billing. Are you sure you want to cancel this subscription?,Ky veprim do të ndalojë faturimin e ardhshëm. Je i sigurt që dëshiron ta anulosh këtë abonim?
This action will unlink this account from any external service integrating ERPNext with your bank accounts. It cannot be undone. Are you certain ?,Ky veprim do të zhbllokojë këtë llogari nga çdo shërbim i jashtëm që integron ERPNext me llogaritë tuaja bankare. Nuk mund të zhbëhet. A jeni i sigurt?
This covers all scorecards tied to this Setup,Kjo mbulon të gjitha tabelat e rezultateve të lidhura me këtë Setup
This document is over limit by {0} {1} for item {4}. Are you making another {3} against the same {2}?,Ky dokument është mbi kufirin nga {0} {1} për pika {4}. A jeni duke bërë një tjetër {3} kundër të njëjtit {2}?
This is a location where final product stored.,Ky është një vend ku ruhet produkti përfundimtar.
This is a location where operations are executed.,Ky është një vend ku ekzekutohen operacionet.
This is a location where raw materials are available.,Ky është një vend ku materialet e papërpunuara janë në dispozicion.
This is a location where scraped materials are stored.,Ky është një vend ku ruhen materialet e hedhura.
This is a root account and cannot be edited.,Kjo është një llogari rrënjë dhe nuk mund të redaktohen.
This is a root customer group and cannot be edited.,Ky është një grup të konsumatorëve rrënjë dhe nuk mund të redaktohen.
This is a root department and cannot be edited.,Ky është një departament rrënjë dhe nuk mund të redaktohet.
This is a root item group and cannot be edited.,Ky është një grup artikull rrënjë dhe nuk mund të redaktohen.
This is a root sales person and cannot be edited.,Ky është një person i shitjes rrënjë dhe nuk mund të redaktohen.
This is a root supplier group and cannot be edited.,Ky është një grup furnizues rrënjor dhe nuk mund të redaktohet.
This is a root territory and cannot be edited.,Kjo është një territor rrënjë dhe nuk mund të redaktohen.
This is an example website auto-generated from ERPNext,Kjo është një website shembull auto-generated nga ERPNext
This is based on stock movement. See {0} for details,Kjo është e bazuar në lëvizjen e aksioneve. Shih {0} për detaje
This is based on the Time Sheets created against this project,Kjo është e bazuar në Fletët Koha krijuara kundër këtij projekti
This is based on transactions against this Sales Person. See timeline below for details,Kjo bazohet në transaksione kundër këtij Shitësi. Shiko detajet më poshtë për detaje
This is done to handle accounting for cases when Purchase Receipt is created after Purchase Invoice,Kjo është bërë për të trajtuar kontabilitetin për rastet kur Fatura e Blerjes krijohet pas Faturës së Blerjes
"This section allows the user to set the Body and Closing text of the Dunning Letter for the Dunning Type based on language, which can be used in Print.","Ky seksion lejon përdoruesin të vendosë tekstin Trupi dhe Mbyllja të Letrës Dunning për Llojin Dunning bazuar në gjuhën, e cila mund të përdoret në Shtyp."
This tool helps you to update or fix the quantity and valuation of stock in the system. It is typically used to synchronise the system values and what actually exists in your warehouses.,Ky mjet ju ndihmon për të rinovuar ose të rregulluar sasinë dhe vlerësimin e aksioneve në sistemin. Ajo është përdorur zakonisht për të sinkronizuar vlerat e sistemit dhe çfarë në të vërtetë ekziston në depo tuaj.
"This will be appended to the Item Code of the variant. For example, if your abbreviation is ""SM"", and the item code is ""T-SHIRT"", the item code of the variant will be ""T-SHIRT-SM""","Kjo do t&#39;i bashkëngjitet Kodit Pika e variant. Për shembull, në qoftë se shkurtim juaj është &quot;SM&quot;, dhe kodin pika është &quot;T-shirt&quot;, kodi pika e variantit do të jetë &quot;T-shirt-SM&quot;"
This will restrict user access to other employee records,Kjo do të kufizojë qasjen e përdoruesit në të dhënat e punonjësve të tjerë
Threshold for Suggestion,Pragu për Sugjerim
Thumbnail,Thumbnail
Thursday,E enjte
Tier Name,Emri i grupit
Time,Kohë
Time (In Mins),Koha (në mendje)
Time Between Operations (Mins),Koha ndërmjet operacioneve (minat)
Time In Mins,Koha në Mins
Time Logs,Koha Shkrime
Time Required (In Mins),Koha e kërkuar (brenda minutave)
Time Sheet,Koha Sheet
Time Sheet List,Ora Lista Sheet
Time Sheets,Sheets Koha
Time Tracking,Koha Tracking
Time at which materials were received,Koha në të cilën janë pranuar materialet e
Time logs are required for {0} {1},Regjistrat kohorë kërkohen për {0} {1}
Time(in mins),Koha (në minuta)
Timeline,Timeline
Timer,Kohëmatës
Timer exceeded the given hours.,Timer tejkalonte orët e dhëna.
Timesheet,Pasqyrë e mungesave
Timesheet Detail,Detail pasqyrë e mungesave
Timesheet for tasks.,Pasqyrë e mungesave për detyra.
Timesheet {0} is already completed or cancelled,Pasqyrë e mungesave {0} është përfunduar tashmë ose anuluar
Timesheets,Timesheets
"Timesheets help keep track of time, cost and billing for activites done by your team","Timesheets ndihmojë për të mbajtur gjurmët e kohës, kostos dhe faturimit për Aktivitetet e kryera nga ekipi juaj"
Timeslots,Timeslots
Title,Titull
To,Në
To Bill,Për Bill
To Currency,Për të Valuta
To Date,Deri më sot
To Date cannot be before From Date,Deri më sot nuk mund të jetë e para nga data e
To Date cannot be before From Date.,To Date nuk mund të jetë para From Date.
To Date cannot be less than From Date,Data nuk mund të jetë më pak se Data
To Date must be greater than From Date,Deri më sot duhet të jetë më i madh se nga data
To Date should be within the Fiscal Year. Assuming To Date = {0},Deri më sot duhet të jetë brenda vitit fiskal. Duke supozuar në datën = {0}
To Datetime,Për Datetime
To Deliver,Për të ofruar
To Deliver and Bill,Për të ofruar dhe Bill
To Employee,Për punonjësit
To Fiscal Year,Për vitin fiskal
To Folio No,Për Folio Nr
To Invoice Date,Në faturën Date
To No,Për Nr
To Package No.,Për paketën Nr
To Posting Date,Deri në datën e postimit
To Produce,Për të prodhuar
To Range,Në rang
To Receive,Për të marrë
To Receive and Bill,Për të marrë dhe Bill
To Rename,Për ta riemëruar
To Shareholder,Për Aksionarin
To Time,Për Koha
To Track inbound purchase,Për të ndjekur blerjen hyrëse
To Value,Të vlerës
To Warehouse,Për Magazina
To Warehouse (Optional),Për Magazina (Fakultativ)
"To allow over billing, update ""Over Billing Allowance"" in Accounts Settings or the Item.","Për të lejuar faturimin, azhurnoni &quot;Mbi lejimin e faturimit&quot; në Cilësimet e Llogarive ose Artikullit."
"To allow over receipt / delivery, update ""Over Receipt/Delivery Allowance"" in Stock Settings or the Item.","Për të lejuar marrjen / dorëzimin, azhurnoni &quot;Mbi lejimin / dorëzimin e lejimit&quot; në Cilësimet e Aksioneve ose Artikullit."
To create a Payment Request reference document is required,Për të krijuar një kërkesë për pagesë dokument reference është e nevojshme
To date cannot be before from date,Data nuk mund të jetë më parë nga data
"To include tax in row {0} in Item rate, taxes in rows {1} must also be included","Të përfshijnë tatimin në rresht {0} në shkallën Item, taksat në rreshtat {1} duhet të përfshihen edhe"
"To merge, following properties must be same for both items","Të bashkojë, pronat e mëposhtme duhet të jenë të njëjta për të dy artikujve"
"To not apply Pricing Rule in a particular transaction, all applicable Pricing Rules should be disabled.","Për të nuk zbatohet Rregulla e Çmimeve në një transaksion të caktuar, të gjitha rregullat e aplikueshme çmimeve duhet të jetë me aftësi të kufizuara."
"To overrule this, enable '{0}' in company {1}","Për ta mbivendosur këtë, aktivizo &quot;{0}&quot; në kompaninë {1}"
"To still proceed with editing this Attribute Value, enable {0} in Item Variant Settings.","Për të vazhduar akoma me redaktimin e kësaj Vlere të Atributit, aktivizo {0} në Cilësimet e Variantit të Artikullit."
Toggle Recent Orders,Aktivizo porositë e fundit
Too many columns. Export the report and print it using a spreadsheet application.,Shumë kolona. Eksportit raportin dhe të shtypura duke përdorur një aplikim spreadsheet.
Tools,Mjete
Total,Total
Total (Company Currency),Total (Kompania Valuta)
Total (Credit),Total (Credit)
Total (Without Tax),Totali (Pa Tatimore)
Total Achieved,Gjithsej Arritur
Total Actual,Gjithsej aktuale
Total Additional Costs,Gjithsej kosto shtesë
Total Advance,Advance Total
Total Allocated Amount,Shuma totale e alokuar
Total Allocated Amount (Company Currency),Gjithsej shuma e akorduar (Company Valuta)
Total Amount,Shuma totale
Total Amount Currency,Total Shuma Valuta
Total Amount in Words,Shuma totale në fjalë
Total Applicable Charges in Purchase Receipt Items table must be same as Total Taxes and Charges,Akuzat totale të zbatueshme në Blerje tryezë Receipt artikujt duhet të jetë i njëjtë si Total taksat dhe tarifat
Total Assets,Totali i aktiveve
Total Billable Amount,Shuma totale billable
Total Billable Amount (via Timesheet),Shuma totale e faturimit (përmes Timesheets)
Total Billable Hours,Gjithsej orëve billable
Total Billed Amount,Shuma totale e faturuar
Total Billed Amount (via Sales Invoice),Shuma Totale e Faturuar (përmes Faturat e Shitjes)
Total Billed Hours,Orët totale faturuara
Total Billing Amount,Shuma totale Faturimi
Total Budget,Buxheti Total
Total Characters,Totali Figurë
Total Commission,Komisioni i përgjithshëm
Total Completed Qty,Sasia totale e përfunduar
Total Consumed Material Cost (via Stock Entry),Kostoja totale e materialit të konsumuar (nëpërmjet regjistrimit të stoqeve)
Total Cost,Kostoja Totale
Total Cost (Company Currency),Kostoja totale (Valuta e Kompanisë)
Total Costing Amount,Total Shuma kushton
Total Costing Amount (via Timesheet),Shuma totale e kostos (përmes Timesheets)
Total Credit,Gjithsej Credit
Total Credit/ Debit Amount should be same as linked Journal Entry,Shuma totale e kredisë / debitit duhet të jetë e njëjtë me regjistrimin e lidhur me ditarin
Total Debit,Debiti i përgjithshëm
Total Debit must be equal to Total Credit. The difference is {0},Debiti i përgjithshëm duhet të jetë e barabartë me totalin e kredisë. Dallimi është {0}
Total Delivered Amount,Shuma totale e dorëzuar
Total Demand (Past Data),Kërkesa totale (të dhënat e kaluara)
Total Estimated Distance,Distanca totale e vlerësuar
Total Expense,Shpenzimi total
Total Expense This Year,Shpenzimet totale këtë vit
Total Experience,Përvoja Total
Total Forecast (Future Data),Parashikimi total (të dhënat e së ardhmes)
Total Forecast (Past Data),Parashikimi total (të dhënat e kaluara)
Total Gain/Loss,Totali i Fitimit / Humbjes
Total Hold Time,Koha totale e mbajtjes
Total Holidays,Pushimet Totale
Total Income,Të ardhurat totale
Total Income This Year,Të ardhurat totale këtë vit
Total Invoiced Amount,Shuma totale e faturuar
Total Message(s),Përgjithshme mesazh (s)
Total Monthly Sales,Shitjet mujore totale
Total Net Weight,Pesha totale neto
Total Number of Depreciations,Numri i përgjithshëm i nënçmime
Total Operating Cost,Gjithsej Kosto Operative
Total Order Considered,Rendit Gjithsej konsideruar
Total Order Value,Vlera Totale Rendit
Total Outgoing,Largohet Total
Total Outstanding,Gjithsej Outstanding
Total Outstanding Amount,Shuma totale Outstanding
Total Paid Amount,Gjithsej shuma e paguar
Total Payment Amount in Payment Schedule must be equal to Grand / Rounded Total,Shuma totale e pagesës në orarin e pagesës duhet të jetë e barabartë me grandin / totalin e rrumbullakët
Total Payment Request amount cannot be greater than {0} amount,Shuma totale e kërkesës për pagesa nuk mund të jetë më e madhe se shuma {0
Total Payments,Pagesat totale
Total Planned Qty,Totali i planifikuar
Total Produced Qty,Totali i Prodhimit
Total Projected Qty,Total projektuar Qty
Total Purchase Cost (via Purchase Invoice),Gjithsej Kosto Blerje (nëpërmjet Blerje Faturës)
Total Qty,Gjithsej Qty
Total Quantity,Sasia totale
Total Received Amount,Shuma totale e pranuar
Total Revenue,Të ardhurat totale
Total Sales Amount (via Sales Order),Shuma totale e shitjeve (me anë të shitjes)
Total Stock Summary,Total Stoku Përmbledhje
Total Target,Target Total
Total Tasks,Detyrat totale
Total Tax,Tatimi Total
Total Taxes and Charges,Totali Taksat dhe Tarifat
Total Taxes and Charges (Company Currency),Totali Taksat dhe Tarifat (Kompania Valuta)
Total Time in Mins,Koha totale në minj
Total Unpaid: {0},Total papaguar: {0}
Total Variance,Ndryshimi Total
Total Weight,Pesha Totale
Total Working Hours,Gjithsej Orari i punës
Total allocated percentage for sales team should be 100,Gjithsej përqindje ndarë për shitjet e ekipit duhet të jetë 100
Total contribution percentage should be equal to 100,Përqindja totale e kontributit duhet të jetë e barabartë me 100
Total hours: {0},Gjithsej orë: {0}
Total payments amount can't be greater than {},Shuma totale e pagesave nuk mund të jetë më e madhe se {}
Total {0} ({1}),Total {0} ({1})
"Total {0} for all items is zero, may be you should change 'Distribute Charges Based On'","Total {0} për të gjitha sendet është zero, mund të jetë që ju duhet të ndryshojë &quot;Shpërndani akuzat Bazuar On &#39;"
Total(Amt),Gjithsej (Amt)
Total(Qty),Gjithsej (Qty)
Totals,Totalet
Traceability,Gjurmimi
Track Service Level Agreement,Marrëveshja për nivelin e shërbimit
Track separate Income and Expense for product verticals or divisions.,Track ardhurat veçantë dhe shpenzimet për verticals produkt apo ndarjet.
Transaction,Transaksion
Transaction Currency,Transaction Valuta
Transaction Date,Transaksioni Data
Transaction Details,Detajet e Transaksionit
Transaction ID,ID Transaction
Transaction Type,Lloji i transaksionit
Transaction currency must be same as Payment Gateway currency,Monedha transaksion duhet të jetë i njëjtë si pagesë Gateway valutë
Transaction not allowed against stopped Work Order {0},Transaksioni nuk lejohet kundër urdhrit të ndaluar të punës {0}
Transaction reference no {0} dated {1},Reference Transaction asnjë {0} datë {1}
Transactions,Transaksionet
Transactions Annual History,Transaksionet Historia Vjetore
Transfer,Transferim
Transfer Material Against,Transferoni Materialin Kundër
Transfer Materials For Warehouse {0},Transferimi i materialeve për magazinën {0}
Transfer Status,Statusi i transferimit
Transfer Type,Lloji i transferimit
Transfered,Transferuar
Transferred,Transferuar
Transferred Qty,Transferuar Qty
Transferred Quantity,Sasia e transferuar
Transport Receipt Date,Data e pranimit të transportit
Transport Receipt No,Pranimi i transportit nr
Transporter,Transportues
Transporter Details,Detajet Transporter
Transporter Info,Transporter Informacion
Transporter Name,Transporter Emri
Travel Expenses,Shpenzimet e udhëtimit
Tree Details,Tree Details
Tree Type,Tree Type
Trial Balance,Bilanci gjyqi
Trial Balance (Simple),Bilanci gjyqësor (i thjeshtë)
Trial Balance for Party,Bilanci gjyqi për Partinë
Trial Period End Date,Data e përfundimit të periudhës së gjykimit
Trial Period End Date Cannot be before Trial Period Start Date,Data e përfundimit të periudhës së gjykimit nuk mund të jetë përpara datës së fillimit të periudhës së gjykimit
Trial Period Start Date,Data e fillimit të periudhës së gjykimit
Trial Period Start date cannot be after Subscription Start Date,Periudha Provuese Data e fillimit nuk mund të jetë pas datës së fillimit të pajtimit
Trialling,Trialling
Tuesday,E martë
Twice Daily,Dy here ne dite
Two-way,Me dy kalime
Type,Lloj
Type of Payment,Lloji i Pagesës
Type of document to rename.,Lloji i dokumentit për të riemërtoni.
Types of activities for Time Logs,Llojet e aktiviteteve për Koha Shkrime
UOM,UOM
UOM Category,Kategoria UOM
UOM Conversion Detail,UOM Konvertimi Detail
UOM Conversion Factor,UOM Konvertimi Faktori
UOM Conversion factor ({0} -> {1}) not found for item: {2},Faktori konvertimit i UOM ({0} -&gt; {1}) nuk u gjet për artikullin: {2
UOM Conversion factor is required in row {0},Faktori UOM Konvertimi është e nevojshme në rresht {0}
UOM Name,Emri UOM
UOMs,UOMs
UPC-A,UPC-A
URL,URL
URL can only be a string,URL mund të jetë vetëm një varg
Unable to find exchange rate for {0} to {1} for key date {2}. Please create a Currency Exchange record manually,Në pamundësi për të gjetur kursin e këmbimit për {0} në {1} për datën kyçe {2}. Ju lutem të krijuar një rekord Currency Exchange dorë
Unable to find score starting at {0}. You need to have standing scores covering 0 to 100,Nuk mund të gjej rezultatin duke filluar nga {0}. Duhet të kesh pikët e qendrës që mbulojnë 0 deri në 100
Unallocated Amount,Shuma pashpërndarë
Unblock Invoice,Zhbllokoje faturën
Unclosed Fiscal Years Profit / Loss (Credit),Pambyllur fiskale Years Fitimi / Humbja (Credit)
Under AMC,Sipas AMC
Under Graduate,Nën diplomuar
Under Warranty,Nën garanci
Unfulfilled,I paplotësuar
Unit of Measure,Njësia e Masës
Unit of Measure {0} has been entered more than once in Conversion Factor Table,Njësia e masës {0} ka hyrë më shumë se një herë në Konvertimi Faktori Tabelën
Units of Measure,Njësitë e masës
Unknown,I panjohur
Unknown Caller,Thirrësi i panjohur
Unlink Advance Payment on Cancellation of Order,Shkëputni Pagesën e Paradhënies për Anulimin e Porosisë
Unlink Payment on Cancellation of Invoice,Shkëput Pagesa mbi anulimin e Faturë
Unlink external integrations,Shkëput integrimet e jashtme
Unpaid,I papaguar
Unpaid and Discounted,Të papaguar dhe të zbritur
Unplanned machine maintenance,Mirëmbajtja e paplanifikuar e makinës
Unrealized Exchange Gain/Loss Account,Llogaria e parealizuar e fitimit / humbjes së këmbimit
Unreconciled,Pabarazuar
Unresolved,E pazgjidhur
Unscheduled,Paplanifikuar
Unsecured Loans,Kredi pasiguruar
Unsigned,I panënshkruar
Unsubscribe from this Email Digest,Çabonoheni nga ky Dërgoje Digest
Unsubscribed,Unsubscribed
Until,Deri
Unverified,I pavërtetuar
Unverified Webhook Data,Të dhënat e verifikuara të Webhook
Upcoming Calendar Events,Ngjarjet e ardhshme të kalendarit
Upcoming Calendar Events ,Ardhshme Ngjarje Kalendari
Update,Update
Update Account Name / Number,Përditëso emrin / numrin e llogarisë
Update Account Number / Name,Përditëso numrin / emrin e llogarisë
Update Auto Repeat Reference,Përditëso referencën e përsëritjes automatike
Update BOM Cost Automatically,Përditëso Kostoja e BOM-it automatikisht
"Update BOM cost automatically via scheduler, based on the latest Valuation Rate/Price List Rate/Last Purchase Rate of raw materials","Azhurnoni koston e BOM automatikisht përmes skeduluesit, bazuar në normën e fundit të vlerësimit / tarifën e listës së çmimeve / normën e fundit të blerjes së lëndëve të para"
Update Billed Amount in Sales Order,Përditësoni shumën e faturuar në Urdhërin e shitjes
Update Clearance Date,Update Pastrimi Data
Update Consumed Material Cost In Project,Azhurnoni koston e konsumuar të materialit në projekt
Update Cost,Update Kosto
Update Cost Center Name / Number,Azhurnoni emrin / numrin e qendrës së kostove
Update Current Stock,Azhurnoni aksionet aktuale
Update Existing Records,Azhurnoni rekordet ekzistuese
Update Items,Përditësoni artikujt
Update Print Format,Update Print Format
Update Rate and Availability,Update Vlerësoni dhe Disponueshmëria
Update Stock,Update Stoku
Update Type,Lloji i azhurnimit
Update latest price in all BOMs,Përditësoni çmimin e fundit në të gjitha BOM-et
Updating Variants...,Përditësimi i varianteve ...
"Updating {0} of {1}, {2}","Përditësimi i {0} nga {1}, {2"
Upload XML Invoices,Ngarko faturat XML
Upper Income,Të ardhurat e sipërme
Urgent,Urgjent
Use Google Maps Direction API to calculate estimated arrival times,Përdorni API për Drejtimin e Hartave Google për të llogaritur kohën e vlerësuar të mbërritjes
Use Google Maps Direction API to optimize route,Përdorni API për Drejtimin e Hartave Google për të optimizuar rrugën
Use Multi-Level BOM,Përdorni Multi-Level bom
Use a name that is different from previous project name,Përdorni një emër që është i ndryshëm nga emri i mëparshëm i projektit
Use for Shopping Cart,Përdorni për Shopping Cart
Use this field to render any custom HTML in the section.,Përdorni këtë fushë për të dhënë çdo HTML të personalizuar në seksion.
Used,Të përdorura
Used for Production Plan,Përdoret për Planin e prodhimit
User,Përdorues
User Details,Detajet e Përdoruesit
User ID,User ID
User ID not set for Employee {0},Përdoruesi ID nuk është caktuar për punonjësit {0}
User Remark,Përdoruesi Vërejtje
User Resolution Time,Koha e zgjidhjes së përdoruesit
User has not applied rule on the invoice {0},Përdoruesi nuk ka aplikuar rregull në faturën {0}
User {0} does not exist,Përdoruesi {0} nuk ekziston
User {0} doesn't have any default POS Profile. Check Default at Row {1} for this User.,Përdoruesi {0} nuk ka ndonjë Profil POS të parazgjedhur. Kontrolloni Default në Row {1} për këtë Përdorues.
User {0} is already assigned to Employee {1},Përdoruesi {0} është caktuar tashmë për punonjësit {1}
User {0} is disabled,Përdoruesi {0} është me aftësi të kufizuara
User {} is disabled. Please select valid user/cashier,Përdoruesi {} është çaktivizuar. Ju lutemi zgjidhni përdoruesin / arkëtarin e vlefshëm
Users,Përdoruesit
Users with this role are allowed to set frozen accounts and create / modify accounting entries against frozen accounts,Përdoruesit me këtë rol janë të lejuara për të ngritur llogaritë ngrirë dhe për të krijuar / modifikuar shënimet e kontabilitetit kundrejt llogarive të ngrira
Utilities,Shërbime komunale
Utility Expenses,Shpenzimet komunale
Valid From,Vlefshme nga
Valid From date not in Fiscal Year {0},E vlefshme nga data jo në vitin fiskal {0}
Valid Till,E vlefshme deri
Valid Upto,I vlefshëm
Valid Upto date cannot be before Valid From date,Data e vlefshme deri në datën nuk mund të jetë para datës së vlefshme
Valid Upto date not in Fiscal Year {0},Data e vlefshme deri në vitin fiskal {0}
Valid for Countries,I vlefshëm për vendet
Valid from and valid upto fields are mandatory for the cumulative,Fushat e vlefshme nga dhe ato të sipërme janë të detyrueshme për kumulativ
Valid till Date cannot be before Transaction Date,E vlefshme deri në datën nuk mund të jetë para datës së transaksionit
Valid till date cannot be before transaction date,E vlefshme deri në datën nuk mund të jetë para datës së transaksionit
Validate Applied Rule,Vleresoni rregullin e aplikuar
Validate Selling Price for Item Against Purchase Rate or Valuation Rate,Vlerësoni Çmimin e Shitjes për Artikullin Kundër Vlerësimit të Blerjes ose Vlerësimit
Validity,Vlefshmëri
Validity Details,Detajet e vlefshmërisë
Validity and Usage,Vlefshmëria dhe përdorimi
Validity in Days,Vlefshmëria në Ditët
Validity period of this quotation has ended.,Periudha e vlefshmërisë së këtij citati ka përfunduar.
Valuation,Vlerësim
Valuation Method,Vlerësimi Metoda
Valuation Rate,Vlerësimi Rate
Valuation Rate Missing,Shkalla e Vlerësimit Mungon
"Valuation Rate for the Item {0}, is required to do accounting entries for {1} {2}.","Vlerësimi i vlerësimit për Artikullin {0}, kërkohet të bëjë regjistrime të kontabilitetit për {1} {2}."
Valuation Rate is mandatory if Opening Stock entered,Vlerësimi Vlerësoni është i detyrueshëm në qoftë Hapja Stoku hyrë
Valuation Rate required for Item {0} at row {1},Shkalla e vlerësimit e kërkuar për artikullin {0} në rreshtin {1
Valuation and Total,Vlerësimi dhe Total
Valuation type charges can not be marked as Inclusive,Tarifat e llojit të vlerësimit nuk mund të shënohen si Përfshirëse
Valuation type charges can not marked as Inclusive,Akuzat lloj vlerësimi nuk mund të shënuar si gjithëpërfshirës
Value,Vlerë
Value After Depreciation,Vlera Pas Zhvlerësimi
Value Change,Vlera Ndryshimi
Value Or Qty,Vlera ose Qty
Value Proposition,Vlereso parafjalen
Value for Attribute {0} must be within the range of {1} to {2} in the increments of {3} for Item {4},Vlera për atribut {0} duhet të jetë brenda intervalit {1} të {2} në increments e {3} për Item {4}
Value or Qty,Vlera ose Qty
Values Changed,Vlerat Ndryshuar
Variable Name,Emri i ndryshueshëm
Variables,Variablat
Variance,Grindje
Variance ({}),Varianca ({})
Variant,Variant
Variant Attribute Error,Gabim i Atributit të Variantit
Variant Attributes,Atributet variant
Variant BOM,Varianti BOM
Variant Based On,Variant i bazuar në
Variant Based On cannot be changed,Varianti i bazuar në nuk mund të ndryshohet
Variant Details Report,Raportet e variantit
Variant Field,Fusha e variantit
Variant Item,Artikulli i variantit
Variant Items,Artikujt e variantit
Variant Of,Varianti i
Variant creation has been queued.,Krijimi i variantit ka qenë në radhë.
Variants,Variantet
Vehicle,Automjet
Vehicle Date,Data e Automjeteve
Vehicle No,Automjeteve Nuk ka
Vehicle Number,Numri i Automjeteve
Vehicle Value,Vlera automjeteve
Vendor Name,Emri i shitësit
Verified By,Verifikuar nga
Verify Email,Verifiko emailin
Version,Version
Via Customer Portal,Nëpërmjet portalit të klientëve
Video,Video
Video Settings,Cilësimet e videos
View,Pikëpamje
View Chart of Accounts,Shiko tabelën e llogarive
View Leads,Shiko kryeson
View Ledger,Shiko Ledger
View Now,Shiko tani
View Type,Lloji i pamjes
View Website,Shikoni faqen e internetit
View attachments,Shiko bashkëngjitjet
View call log,Shikoni regjistrin e thirrjeve
Views,Pikëpamjet
Vimeo,Vimeo
Visit the forums,Vizito forumet
Visited,Vizituar
Voice,Zë
Voucher #,Kupon #
Voucher Detail No,Voucher Detail Asnjë
Voucher No,Voucher Asnjë
Voucher Type,Voucher Type
Vouchers,Kupona
WIP Warehouse,WIP Magazina
Wages,Pagat
Wages per hour,Rrogat në orë
Warehouse,Depo
Warehouse Contact Info,Magazina Kontaktimit
Warehouse Detail,Magazina Detail
Warehouse Name,Magazina Emri
Warehouse Type,Lloji i depove
Warehouse and Reference,Magazina dhe Referenca
Warehouse can not be deleted as stock ledger entry exists for this warehouse.,Depo nuk mund të fshihet si ekziston hyrja aksioneve librit për këtë depo.
Warehouse cannot be changed for Serial No.,Depo nuk mund të ndryshohet për të Serial Nr
Warehouse is mandatory,Magazina është e detyrueshme
Warehouse not found against the account {0},Magazina nuk u gjet kundër llogarisë {0
Warehouse not found in the system,Magazina nuk gjendet në sistem
Warehouse required for stock Item {0},Magazina e nevojshme për aksioneve Item {0}
Warehouse wise Item Balance Age and Value,Magazina e mençur Item Balance Age and Value
Warehouse {0} can not be deleted as quantity exists for Item {1},Magazina {0} nuk mund të fshihet si ekziston sasia e artikullit {1}
Warehouse {0} does not belong to company {1},Magazina {0} nuk i përkasin kompanisë {1}
Warehouse: {0} does not belong to {1},Magazina: {0} nuk i përket {1}
Warehouses,Depot
Warehouses with child nodes cannot be converted to ledger,Depot me nyjet e fëmijëve nuk mund të konvertohet në Ledger
Warehouses with existing transaction can not be converted to group.,Depot me transaksion ekzistues nuk mund të konvertohet në grup.
Warehouses with existing transaction can not be converted to ledger.,Depot me transaksion ekzistues nuk mund të konvertohet në librin.
Warn,Paralajmëroj
Warn POs,Paralajmëro në PS
Warn Purchase Orders,Paralajmëroni Urdhërat e Blerjes
Warn RFQs,Paralajmëroj RFQ-të
Warn for new Purchase Orders,Paralajmëroni për Urdhërat e reja të Blerjes
Warn for new Request for Quotations,Paralajmëroni për Kërkesë të re për Kuotime
Warning,Paralajmërim
Warning: Another {0} # {1} exists against stock entry {2},Warning: Një tjetër {0} # {1} ekziston kundër hyrjes aksioneve {2}
Warning: Material Requested Qty is less than Minimum Order Qty,Warning: Materiali kërkuar Qty është më pak se minimale Rendit Qty
Warning: Sales Order {0} already exists against Customer's Purchase Order {1},Kujdes: Sales Order {0} ekziston kundër Rendit Blerje Klientit {1}
Warranty / AMC Details,Garanci / AMC Detajet
Warranty / AMC Status,Garanci / AMC Statusi
Warranty Claim,Garanci Claim
Warranty Expiry Date,Garanci Data e skadimit
Warranty Period (Days),Garanci Periudha (ditë)
Warranty Period (in days),Garanci Periudha (në ditë)
Watch Video,Shiko Videon
We're here to help!,Ne jemi këtu për t&#39;ju ndihmuar!
Website,Faqja kryesore
Website Attribute,Atributi i faqes në internet
Website Description,Website Përshkrim
Website Filter Field,Fusha e Filterit në Uebfaqe
Website Image,Imazhi i faqes në internet
Website Item Group,Faqja kryesore Item Grupi
Website Manager,Website Menaxher
Website Specifications,Specifikimet Website
Wednesday,E mërkurë
Week,Javë
Weekday,Ditë jave
Weekly,Javor
Weekly Off,Weekly Off
Weight,Peshë
Weight Per Unit,Pesha për njësi
Weight UOM,Pesha UOM
Weighting Function,Funksioni i peshimit
Welcome email sent,Mirë se vini email dërguar
Welcome to {0},Mirëpritur tek {0}
What do you need help with?,Çfarë keni nevojë për ndihmë me?
WhatsApp,WhatsApp
Wheels,Rrota
"While creating account for Child Company {0}, parent account {1} found as a ledger account.","Ndërsa krijoni llogari për Child Company {0}, llogaria prindërore {1} u gjet si një llogari e librit kryesor."
"While creating account for Child Company {0}, parent account {1} not found. Please create the parent account in corresponding COA","Ndërsa krijoni llogari për Kompaninë e Fëmijëve {0}, llogaria prindërore {1} nuk u gjet. Ju lutemi krijoni llogarinë mëmë në COA përkatëse"
White,E bardhë
Widowed,Ve
Width of amount in word,Gjerësia e shumës në fjalë
Will also apply for variants,Gjithashtu do të aplikojë për variantet
Will also apply for variants unless overrridden,Gjithashtu do të aplikojë për variantet nëse overrridden
Wire Transfer,Wire Transfer
With Operations,Me Operacioneve
Work Done,Punën e bërë
Work In Progress,Punë në vazhdim
Work In Progress Warehouse,Magazina në Punë Në Progres
Work Order,Rradhe pune
Work Order Analysis,Analiza e rendit të punës
Work Order Item,Artikulli i Renditjes së Punës
Work Order Operation,Operacioni i Rendit të Punës
Work Order Qty,Rendi i Punës Qty
Work Order Qty Analysis,Analiza e sasisë së rendit të punës
Work Order Stock Report,Raporti i Renditjes së Rendit të Punës
Work Order Summary,Përmbledhje e urdhrave të punës
Work Order cannot be created for following reason: <br> {0},Urdhri i punës nuk mund të krijohet për arsyen e mëposhtme:<br> {0}
Work Order cannot be raised against a Item Template,Rendi i punës nuk mund të ngrihet kundër një modeli artikull
Work Order has been {0},Rendi i punës ka qenë {0}
Work Order not created,Rendi i Punës nuk është krijuar
Work Order {0}: Job Card not found for the operation {1},Renditja e punës {0: Karta e punës nuk u gjet për operacionin {1}
Work Orders,Urdhërat e punës
Work Orders Created: {0},Rendi i punës i krijuar: {0}
Work Orders in Progress,Rendi i punës në vazhdim
Work in Progress,Punë në vazhdim
Work-in-Progress Warehouse,Puna në progres Magazina
Work-in-Progress Warehouse is required before Submit,Puna në progres Magazina është e nevojshme para se të Submit
Workday,Ditë pune
Workday {0} has been repeated.,Dita e punës {0} është përsëritur.
Working,Punës
Working Hours,Orari i punës
Workstation,Workstation
Workstation / Machine,Stacioni i punës / Makineria
Workstation Name,Workstation Emri
Workstation Working Hour,Workstation orë pune
Workstation is closed on the following dates as per Holiday List: {0},Workstation është i mbyllur në datat e mëposhtme sipas Holiday Lista: {0}
Wrapping up,Mbarimi
Write Off,Shkruani Off
Write Off Account,Shkruani Off Llogari
Write Off Amount,Shkruaj shumën
Write Off Amount (Company Currency),Shkruaj Off Shuma (Kompania Valuta)
Write Off Based On,Shkruani Off bazuar në
Write Off Cost Center,Shkruani Off Qendra Kosto
Write Off Difference Amount,Shkruaj Off Diferenca Shuma
Write Off Entry,Shkruani Off Hyrja
Write Off Outstanding Amount,Shkruani Off Outstanding Shuma
Writeoff,Writeoff
Written Down Value,Vlera e shkruar poshtë
Wrong Password,Gabuar Fjalëkalimi
XML Files Processed,File të përpunuara XML
Year,Vit
Year End Date,Viti End Date
Year Name,Viti Emri
Year Start Date,Viti Data e Fillimit
Year of Passing,Viti i kalimit
Year start date or end date is overlapping with {0}. To avoid please set company,Viti data e fillimit ose data fundi mbivendosje me {0}. Për të shmangur ju lutem kompaninë vendosur
Yearly,Vjetor
Yellow,E verdhe
Yes,Po
You are not allowed to update as per the conditions set in {} Workflow.,Nuk ju lejohet të azhurnoni sipas kushteve të vendosura në {} Rrjedhën e punës.
You are not authorized to add or update entries before {0},Ju nuk jeni i autorizuar për të shtuar ose shënimet e para përditësim {0}
You are not authorized to set Frozen value,Ju nuk jeni i autorizuar për të vendosur vlerën e ngrira
You can also copy-paste this link in your browser,Ju gjithashtu mund të kopjoni-ngjisni këtë lidhje në shfletuesin tuaj
You can also set default CWIP account in Company {},Mund të caktoni gjithashtu llogarinë e paracaktuar CWIP në Kompaninë {}
You can change the parent account to a Balance Sheet account or select a different account.,Ju mund ta ndryshoni llogarinë mëmë në një llogari të Bilancit ose të zgjidhni një llogari tjetër.
You can not enter current voucher in 'Against Journal Entry' column,Ju nuk mund të hyjë kupon aktual në &quot;Kundër Journal hyrjes &#39;kolonë
You can only have Plans with the same billing cycle in a Subscription,Ju mund të keni vetëm Planet me të njëjtin cikel faturimi në një Abonimi
You can only redeem max {0} points in this order.,Mund të ribashko max {0} pikë në këtë mënyrë.
You can only select one mode of payment as default,Mund të zgjidhni vetëm një mënyrë pagese si të paracaktuar
You can redeem upto {0}.,Ju mund të përdorni deri në {0}.
You cannot create or cancel any accounting entries with in the closed Accounting Period {0},Ju nuk mund të krijoni ose anuloni asnjë regjistrim të kontabilitetit në Periudhën e mbyllur të Kontabilitetit {0}
You cannot credit and debit same account at the same time,Ju nuk mund të kreditit dhe debitit njëjtën llogari në të njëjtën kohë
You cannot delete Project Type 'External',Ju nuk mund të fshini llojin e projektit &#39;Jashtë&#39;
You cannot edit root node.,Nuk mund të ndryshosh nyjen e rrënjës.
You cannot redeem more than {0}.,Ju nuk mund të përdorni më shumë se {0}.
You cannot restart a Subscription that is not cancelled.,Nuk mund të rifilloni një Abonimi që nuk anulohet.
You cannot submit empty order.,Ju nuk mund të paraqisni urdhër bosh.
You cannot submit the order without payment.,Ju nuk mund ta paraqisni porosinë pa pagesë.
You do not have permissions to {} items in a {}.,Ju nuk keni leje për {} artikuj në një {}.
You don't have enough Loyalty Points to redeem,Ju nuk keni shumë pikat e Besnikërisë për të shpenguar
You don't have enough points to redeem.,Ju nuk keni pikë të mjaftueshme për të përdorur.
You had {} errors while creating opening invoices. Check {} for more details,Keni pasur {} gabime gjatë krijimit të faturave të hapjes. Kontrolloni {} për më shumë detaje
You have already selected items from {0} {1},Ju keni zgjedhur tashmë artikuj nga {0} {1}
You have been invited to collaborate on the project: {0},Ju keni qenë të ftuar për të bashkëpunuar në këtë projekt: {0}
You have to enable auto re-order in Stock Settings to maintain re-order levels.,Ju duhet të aktivizoni rivlerësimin automatik në Parametrat e aksioneve për të ruajtur nivelet e rendit të ri.
You must add atleast one item to save it as draft.,Duhet të shtoni së paku një artikull për ta ruajtur si draft.
You must select a customer before adding an item.,Ju duhet të zgjidhni një klient përpara se të shtoni një artikull.
YouTube,YouTube
YouTube Interactions,Ndërveprimet në YouTube
Your email address...,Adresa juaj e emailit ...
Your order is out for delivery!,Porosia jote është jashtë për dorëzim!
Your tickets,Biletat tuaja
Youtube ID,ID e Youtube
Youtube Statistics,Statistikat e Youtube
ZIP Code,Kodi Postal
Zip File,Dosje zip
[Important] [ERPNext] Auto Reorder Errors,[E rëndësishme] [ERPNext] Gabimet e rirregullimit automatik
and,dhe
based_on,based_on
cannot be greater than 100,nuk mund të jetë më i madh se 100
development,zhvillim
"e.g. ""Summer Holiday 2019 Offer 20""",psh &quot;Oferta e pushimeve verore 2019 20&quot;
example: Next Day Shipping,shembull: Transporti Dita e ardhshme
hidden,i fshehur
hours,orë
image,Imazh
lft,LFT
material_request_item,material_request_item
old_parent,old_parent
on,në
or,ose
per hour,në orë
production,prodhimi
received from,marrë nga
rgt,rgt
sandbox,sandbox
title,Titull
to,në
unique e.g. SAVE20  To be used to get discount,unik p.sh. SAVE20 Të përdoret për të marrë zbritje
you must select Capital Work in Progress Account in accounts table,duhet të zgjidhni llogarinë e punës kapitale në progres në tabelën e llogarive
{0} '{1}' is disabled,{0} &#39;{1}&#39; është me aftësi të kufizuara
{0} '{1}' not in Fiscal Year {2},{0} &#39;{1}&#39; nuk është në Vitin Fiskal {2}
{0} ({1}) cannot be greater than planned quantity ({2}) in Work Order {3},{0} ({1}) nuk mund të jetë më i madh se sasia e planifikuar ({2}) në Urdhërin e Punës {3}
{0} Coupon used are {1}. Allowed quantity is exhausted,Oup 0 oup Kuponi i përdorur është {1. Sasia e lejuar është e rraskapitur
{0} Digest,{0} Digest
{0} Number {1} is already used in {2} {3},{0} Numri {1} është përdorur tashmë në {2} {3}
{0} Operations: {1},{0} Operacione: {1
{0} Request for {1},{0} Kërkesë për {1}
"{0} Retain Sample is based on batch, please check Has Batch No to retain sample of item","{0} Shembulli i mbajtjes bazohet në grumbull, ju lutem kontrolloni Has No Batch për të ruajtur shembullin e artikullit"
{0} against Bill {1} dated {2},"{0} kundër Bill {1} {2}, datë"
{0} against Purchase Order {1},{0} kundër Rendit Blerje {1}
{0} against Sales Invoice {1},{0} kundër Shitjeve Faturës {1}
{0} against Sales Order {1},{0} kundër Sales Rendit {1}
{0} already has a Parent Procedure {1}.,{0} tashmë ka një procedurë prindërore {1}.
{0} and {1},{0} dhe {1}
{0} and {1} are mandatory,{0} dhe {1} janë të detyrueshme
{0} asset cannot be transferred,{0} aseti nuk mund të transferohet
{0} can not be negative,{0} nuk mund të jetë negative
{0} created,{0} krijuar
"{0} currently has a {1} Supplier Scorecard standing, and Purchase Orders to this supplier should be issued with caution.","{0} aktualisht ka një {1} Scorecard të Furnizuesit, dhe Urdhërat e Blerjes për këtë furnizues duhet të lëshohen me kujdes."
"{0} currently has a {1} Supplier Scorecard standing, and RFQs to this supplier should be issued with caution.","{0} aktualisht ka një {1} Scorecard të Furnizuesit, dhe RFQ-të për këtë furnizues duhet të lëshohen me kujdes."
{0} does not belong to Company {1},{0} nuk i përket kompanisë {1}
{0} entered twice in Item Tax,{0} hyrë dy herë në Tatimin Item
{0} for {1},{0} për {1}
{0} has been submitted successfully,{0} është dërguar me sukses
{0} hours,{0} orë
{0} in row {1},{0} në rresht {1}
{0} is blocked so this transaction cannot proceed,{0} është bllokuar kështu që ky transaksion nuk mund të vazhdojë
{0} is mandatory,{0} është e detyrueshme
{0} is mandatory for Item {1},{0} është e detyrueshme për Item {1}
{0} is mandatory. Maybe Currency Exchange record is not created for {1} to {2},{0} është i detyrueshëm. Ndoshta rekordi i këmbimit valutor nuk është krijuar për {1} për {2}
{0} is mandatory. Maybe Currency Exchange record is not created for {1} to {2}.,{0} është i detyrueshëm. Ndoshta rekord Currency Exchange nuk është krijuar për {1} të {2}.
{0} is not a company bank account,{0} nuk është një llogari bankare e kompanisë
{0} is not a group node. Please select a group node as parent cost center,0} nuk është një nyje grupore. Ju lutemi zgjidhni një nyje grupi si qendër e kostos së prindërve
{0} is not a stock Item,{0} nuk eshte artikull stok
{0} is not a valid Value for Attribute {1} of Item {2}.,{0} nuk është një vlerë e vlefshme për atributin {1} të Artikullit {2}.
{0} is not added in the table,{0} nuk shtohet në tabelë
{0} is not enabled in {1},{0} nuk është aktivizuar në {1}
{0} is not the default supplier for any items.,{0} nuk është furnizuesi i paracaktuar për asnjë artikull.
{0} is on hold till {1},{0} është në pritje derisa {1}
{0} is required,{0} është e nevojshme
{0} items in progress,{0} artikuj në progres
{0} items produced,{0} artikuj prodhuara
{0} must be negative in return document,{0} duhet të jetë negative në dokumentin e kthimit
{0} not allowed to transact with {1}. Please change the Company.,{0} nuk lejohet të blej me {1}. Ju lutemi ndryshoni Kompaninë.
{0} not found for item {1},{0} nuk u gjet për Item {1}
{0} parameter is invalid,Parametri {0} është i pavlefshëm
{0} payment entries can not be filtered by {1},{0} shënimet e pagesës nuk mund të filtrohen nga {1}
{0} units of {1} needed in {2} on {3} {4} for {5} to complete this transaction.,{0} njësitë e {1} nevojshme në {2} në {3} {4} për {5} për të përfunduar këtë transaksion.
{0} units of {1} needed in {2} to complete this transaction.,{0} njësitë e {1} nevojshme në {2} për të përfunduar këtë transaksion.
{0} valid serial nos for Item {1},{0} nos vlefshme serik për Item {1}
{0} variants created.,{0} variantet e krijuara.
{0} {1} created,{0} {1} krijuar
{0} {1} does not exist,{0} {1} nuk ekziston
{0} {1} has accounting entries in currency {2} for company {3}. Please select a receivable or payable account with currency {2}.,{0} {1} ka shënime të kontabilitetit në monedhë {2} për kompaninë {3}. Ju lutemi zgjidhni një llogari të arkëtueshme ose të pagueshme me monedhën {2}.
{0} {1} has been modified. Please refresh.,{0} {1} është modifikuar. Ju lutem refresh.
{0} {1} has not been submitted so the action cannot be completed,{0} {1} nuk ka qenë i paraqitur në mënyrë veprimi nuk mund të përfundojë
"{0} {1} is associated with {2}, but Party Account is {3}","{0} {1} është i lidhur me {2}, por Llogaria e Partisë është {3}"
{0} {1} is cancelled or closed,{0} {1} është anuluar apo të mbyllura
{0} {1} is cancelled or stopped,{0} {1} është anuluar ose ndaluar
{0} {1} is cancelled so the action cannot be completed,{0} {1} është anuluar prandaj veprimi nuk mund të përfundojë
{0} {1} is closed,{0} {1} është i mbyllur
{0} {1} is disabled,{0} {1} është me aftësi të kufizuara
{0} {1} is frozen,{0} {1} është e ngrirë
{0} {1} is fully billed,{0} {1} është faturuar plotësisht
{0} {1} is not active,{0} {1} nuk është aktiv
{0} {1} is not associated with {2} {3},{0} {1} nuk është i lidhur me {2} {3}
{0} {1} is not submitted,{0} {1} nuk është dorëzuar
{0} {1} is {2},{0} {1} është {2}
{0} {1} must be submitted,{0} {1} duhet të dorëzohet
{0} {1} status is {2},{0} {1} statusi është {2}
{0} {1}: 'Profit and Loss' type account {2} not allowed in Opening Entry,{0} {1}: &Quot;Fitimi dhe Humbja &#39;lloji i llogarisë {2} nuk lejohen në Hapja Hyrja
{0} {1}: Account {2} does not belong to Company {3},{0} {1}: Llogaria {2} nuk i përket kompanisë {3}
{0} {1}: Account {2} is inactive,{0} {1}: Llogaria {2} është joaktive
{0} {1}: Accounting Entry for {2} can only be made in currency: {3},{0} {1}: Hyrje ne kontabilitet për {2} mund të bëhet vetëm në monedhën: {3}
{0} {1}: Cost Center is mandatory for Item {2},{0} {1}: Qendra Kosto është e detyrueshme për Artikull {2}
{0} {1}: Cost Center {2} does not belong to Company {3},{0} {1}: Qendra Kosto {2} nuk i përket kompanisë {3}
{0} {1}: Customer is required against Receivable account {2},{0} {1}: Klienti eshte i detyrar kundrejt llogarisë së arkëtueshme {2}
{0} {1}: Either debit or credit amount is required for {2},{0} {1}: Ose debiti ose shuma e kredisë është e nevojshme për {2}
{0} {1}: Supplier is required against Payable account {2},{0} {1}: Furnizuesi është i detyruar kundrejt llogarisë pagueshme {2}
{0}% Billed,{0}% Faturuar
{0}% Delivered,{0}% Dorëzuar
"{0}, complete the operation {1} before the operation {2}.","{0}, përfundoni operacionin {1} para operacionit {2}."
{0}: {1} does not exists,{0}: {1} nuk ekziston
{0}: {1} must be less than {2},{0: {1} duhet të jetë më pak se {2}
{} Assets created for {},{} Pasuritë e krijuara për {}
{} can't be cancelled since the Loyalty Points earned has been redeemed. First cancel the {} No {},{} nuk mund të anulohet pasi Pikët e Besnikërisë së fituar janë shpenguar. Së pari anuloni {} Jo {}
{} has submitted assets linked to it. You need to cancel the assets to create purchase return.,{} ka paraqitur asete të lidhura me të. Ju duhet të anuloni pasuritë për të krijuar kthimin e blerjes.
My Profile,Profili Im
To use Google Indexing,Për të përdorur Indeksimin e Google
To use a different finance book,Për të përdorur një libër të ndryshëm financiar
To use a different finance book,Për të përdorur një libër të ndryshëm financiar
To version,Versioni në
Toggle Full Width,Aktivizo/çaktivizo gjerësinë e plotë
Toggle Section: {0},Aktivizo/çaktivizo seksionin: {0}
Toggle Theme,Aktivizo/çaktivizo temën
Token Cache,Memoria e memorjes së tokenëve
Token Type,Lloji i Tokenit
Token URI,Token URI
Tomorrow,Nesër
Address,Adresa
Amount,Shuma
Is Child Table,Është Tabela Fëmijë
Name,Emri
Rate,Vlerëso
Summary,Përmbledhje
"SN-01::10 for ""SN-01"" to ""SN-10""","SN-01::10 për ""SN-01"" deri në ""SN-10"""
# In Stock,# Në Stok
# Req'd Items,# Artikuj të kërkuar
#{0},#{0}
${values.doctype_name} has been added to queue for optimization,${values.doctype_name} është shtuar në radhë për optimizim
% Delivered,% E Dorëzuar
% Finished Item Quantity,% Sasia e Artikullit të Përfunduar
% Occupied,% E të zënëve
% Picked,% E zgjedhur
% Process Loss,% Humbje e Procesit
% Returned,% E kthimit
% of materials delivered against this Pick List,% e materialeve të dorëzuara sipas kësaj liste përzgjedhjeje
&copy; Frappe Technologies Pvt. Ltd. and contributors,&kopjoni; Frappe Technologies Pvt. Ltd. dhe kontribuesit
Account' in the Accounting section of Customer {0},Llogari' në seksionin e Kontabilitetit të Klientit {0}
Allow Multiple Sales Orders Against a Customer's Purchase Order',Lejoni porosi të shumëfishta shitjesh kundrejt porosisë së blerjes së një klienti
Default {0} Account' in Company {1},Llogaria e parazgjedhur {0} në kompaninë {1}
In Global Search' is not allowed for field {0} of type {1},Në Kërkimin Global nuk lejohet fusha {0} e tipit {1}
In List View' is not allowed for field {0} of type {1},Në Pamjen e Listës' nuk lejohet për fushën {0} të tipit {1}
Inspection Required before Delivery' has disabled for the item {0},"""Inspektimi i Kërkuar Para Dorëzimit"" është çaktivizuar për artikullin {0}"
Inspection Required before Purchase' has disabled for the item {0},"""Inspektimi i Kërkuar Para Blerjes"" është çaktivizuar për artikullin {0}"
To Package No.' cannot be less than 'From Package No.',"'Nr. i paketës ""Drejtues"" nuk mund të jetë më i vogël se 'Nr. i paketës ""Nga""'."
{0}' account is already used by {1}. Use another account.,Llogaria {0} është përdorur tashmë nga {1}. Përdorni një llogari tjetër.
{0}' is not a valid IBAN,{0}' nuk është një IBAN i vlefshëm
{0}' is not a valid URL,{0}' nuk është një URL e vlefshme
{0}' should be in company currency {1}.,{0}' duhet të jetë në monedhën e kompanisë {1}.
(A) Qty After Transaction,(A) Sasia pas transaksionit
(B) Expected Qty After Transaction,(B) Sasia e pritur pas transaksionit
(C) Total Qty in Queue,(C) Sasia Totale në Radhë
(C) Total qty in queue,(C) Sasia totale në radhë
(D) Balance Stock Value,(D) Vlera e aksioneve të bilancit
(E) Balance Stock Value in Queue,(E) Bilanci i Vlerës së Aksioneve në Radhë
(F) Change in Stock Value,(F) Ndryshimi në Vlerën e Aksioneve
(G) Sum of Change in Stock Value,(G) Shuma e Ndryshimit në Vlerën e Aksioneve
(H) Change in Stock Value (FIFO Queue),(H) Ndryshimi në Vlerën e Aksioneve (Radha FIFO)
(H) Valuation Rate,(H) Shkalla e Vlerësimit
(I) Valuation Rate,(I) Shkalla e Vlerësimit
(J) Valuation Rate as per FIFO,(J) Shkalla e Vlerësimit sipas FIFO-s
(K) Valuation = Value (D) ÷ Qty (A),(K) Vlerësimi = Vlera (D) ÷ Sasia (A)
#NAME?,#NAME?
0-30,0-30
0-30 Days,0-30 Ditë
1 = True & 0 = False,1 = E vërtetë & 0 = E gabuar
1 Currency = [?] Fraction|||For e.g. 1 USD = 100 Cent,1 Valutë = [?] Thyerje|||Për p.sh. 1 USD = 100 Cent
1 Day,1 Ditë
1 day ago,1 ditë më parë
1 hour,1 orë
1 of 2,1 nga 2
1 second ago,1 sekondë më parë
1{0},1{0}
2 hours ago,2 orë më parë
2 months ago,2 muaj më parë
2 weeks ago,2 javë më parë
2 years ago,2 vjet më parë
3 Yearly,3 Vjetore
3 minutes ago,3 minuta më parë
30 minutes,30 minuta
30-60,30-60
30-60 Days,30-60 Ditë
4 hours,4 orë
5 days ago,5 ditë më parë
60-90,60-90
60-90 Days,60-90 Ditë
90 Above,90 Më sipër
"<a href=""https://docs.frappe.io/framework/user/en/api/rest#1-token-based-authentication"" target=""_blank"">|||  Click here to learn about token-based authentication|||</a>","<a href=""https://docs.frappe.io/framework/user/en/api/rest#1-token-based-authentication"" target=""_blank"">||| Klikoni këtu për të mësuar rreth autentifikimit të bazuar në token|||</a>"
<b>{0}</b> is not a valid URL,<b>{0}</b> nuk është një URL e vlefshme
"<br>|||<h4>Note</h4>|||<ul>|||<li>|||You can use <a href=""https://jinja.palletsprojects.com/en/2.11.x/"" target=""_blank"">Jinja tags</a> in <b>Subject</b> and <b>Body</b> fields for dynamic values.|||</li><li>|||    All fields in this doctype are available under the <b>doc</b> object and all fields for the customer to whom the mail will go to is available under the  <b>customer</b> object.|||</li></ul>|||<h4> Examples</h4>|||<!-- {% raw %} -->|||<ul>|||    <li><b>Subject</b>:<br><br><pre><code>Statement Of Accounts for {{ customer.customer_name }}</code></pre><br></li>|||    <li><b>Body</b>: <br><br>|||<pre><code>Hello {{ customer.customer_name }}","<br>|||<h4>Shënim</h4>|||<ul>|||<li>|||Mund të përdorni <a href=""https://jinja.palletsprojects.com/en/2.11.x/"" target=""_blank"">etiketat Jinja</a> në fushat <b>Subjekti</b> dhe <b>Trupi</b> për vlera dinamike.|||</li><li>||| Të gjitha fushat në këtë lloj doctipi janë të disponueshme nën objektin <b>doc</b> dhe të gjitha fushat për klientin të cilit do t'i shkojë posta janë të disponueshme nën objektin <b>klient</b>.|||</li></ul>|||<h4> Shembuj</h4>|||<!-- {% raw %} -->|||<ul>||| <li><b>Subjekti</b>:<br><br><pre><code>Pasqyra e Llogarive për {{ customer.customer_name }}</code></pre><br></li>||| <li><b>Trupi</b>: <br><br>|||<pre><code>Përshëndetje {{ customer.customer_name }}"
"<div class=""alert"">Please don't update it as it can mess up your form. Use the Customize Form View and Custom Fields to set properties!</div>","<div class=""alert"">Ju lutem mos e përditësoni pasi mund ta prishë formularin tuaj. Përdorni Pamjen e Personalizimit të Formularit dhe Fushat e Personalizuara për të vendosur vetitë!</div>"
"<div class=""columnHeading"">Other Details</div>","<div class=""columnHeading"">Detaje të tjera</div>"
"<div class=""text-muted text-center"">No Matching Bank Transactions Found</div>","<div class=""text-muted text-center"">Nuk u gjetën transaksione bankare që përputhen</div>"
"<div class=""text-muted text-center"">{0}</div>","<div class=""text-muted text-center"">{0}</div>"
"<div class=""well"">|||    Edit list of Series in the box. Rules:|||    <ul>|||        <li>Each Series Prefix on a new line.</li>|||        <li>Allowed special characters are ""/"" and ""-""</li>|||        <li>|||            Optionally","<div class=""well"">||| Modifiko listën e Serive në kuti. Rregullat:||| <ul>||| <li>Çdo Parashtesë Serie në një rresht të ri.</li>||| <li>Karakteret speciale të lejuara janë ""/"" dhe ""-""</li>||| <li>||| Opsionale"
<div>|||<h3> All dimensions in centimeter only </h3>|||</div>,<div>|||<h3> Të gjitha dimensionet janë vetëm në centimetra </h3>|||</div>
<h3>About Product Bundle</h3>||||||<p>Aggregate group of <b>Items</b> into another <b>Item</b>. This is useful if you are bundling a certain <b>Items</b> into a package and you maintain stock of the packed <b>Items</b> and not the aggregate <b>Item</b>.</p>|||<p>The package <b>Item</b> will have <code>Is Stock Item</code> as <b>No</b> and <code>Is Sales Item</code> as <b>Yes</b>.</p>|||<h4>Example:</h4>|||<p>If you are selling Laptops and Backpacks separately and have a special price if the customer buys both,<h3>Rreth Pakos së Produkteve</h3>||||||<p>Bashkoni një grup <b>Artikujsh</b> të caktuar në një <b>Artikull</b> tjetër. Kjo është e dobishme nëse po paketoni një <b>Artikull</b> të caktuar në një paketë dhe mbani stok të <b>Artikujve</b> të paketuar dhe jo të <b>Artikullit</b> të përgjithshëm.</p>|||<p>Paketa <b>Artikulli</b> do të ketë <code>A është Artikull në Stok</code> si <b>Jo</b> dhe <code>A është Artikull në Shitje</code> si <b>Po</b>.</p>|||<h4>Shembull:</h4>|||<p>Nëse po shisni Laptopë dhe Çanta Shpine veçmas dhe keni një çmim special nëse klienti i blen të dyja
<h3>Currency Exchange Settings Help</h3>|||<p>There are 3 variables that could be used within the endpoint,<h3>Ndihmë për Cilësimet e Këmbimit të Valutave</h3>|||<p>Ekzistojnë 3 variabla që mund të përdoren brenda pikës fundore
"<h3>Custom CSS Help</h3>||||||<p>Notes:</p>||||||<ol>|||<li>All field groups (label + value) are set attributes <code>data-fieldtype</code> and <code>data-fieldname</code></li>|||<li>All values are given class <code>value</code></li>|||<li>All Section Breaks are given class <code>section-break</code></li>|||<li>All Column Breaks are given class <code>column-break</code></li>|||</ol>||||||<h4>Examples</h4>||||||<p>1. Left align integers</p>||||||<pre><code>[data-fieldtype=""Int""] .value { text-align: left; }</code></pre>||||||<p>1. Add border to sections except the last section</p>||||||<pre><code>.section-break { padding: 30px 0px; border-bottom: 1px solid #eee; }|||.section-break:last-child { padding-bottom: 0px; border-bottom: 0px;  }</code></pre>|||","<h3>Ndihmë për CSS të Personalizuar</h3>||||||<p>Shënime:</p>|||||||<ol>|||<li>Të gjitha grupet e fushave (etiketa + vlera) janë atribute të caktuara <code>data-fieldtype</code> dhe <code>data-fieldname</code></li>|||<li>Të gjitha vlerave u jepet klasa <code>value</code></li>|||<li>Të gjitha Ndërprerjeve të Seksionit u jepet klasa <code>section-break</code></li>|||<li>Të gjitha Ndërprerjeve të Kolonave u jepet klasa <code>column-break</code></li>|||</ol>||||||<h4>Shembuj</h4>||||||<p>1. Left align integers</p>||||||<pre><code>[data-fieldtype=""Int""] .value { text-align: left; </code></pre>||||||<p>1. Shto kufij në seksione përveç seksionit të fundit</p>||||||<pre><code>.section-break { padding: 30px 0px; border-bottom: 1px solid #eee; }|||.section-break:last-child { padding-bottom: 0px; border-bottom: 0px; }</code></pre>|||"
<h3>Print Format Help</h3>|||<hr>|||<h4>Introduction</h4>|||<p>Print Formats are rendered on the server side using the Jinja Templating Language. All forms have access to the <code>doc</code> object which contains information about the document that is being formatted. You can also access common utilities via the <code>frappe</code> module.</p>|||<p>For styling,<h3>Ndihmë për Formatin e Printimit</h3>|||<hr>|||<h4>Hyrje</h4>|||<p>Formatet e Printimit shfaqen në anën e serverit duke përdorur Gjuhën e Shablloneve Jinja. Të gjitha format kanë qasje në objektin <code>doc</code> i cili përmban informacion në lidhje me dokumentin që po formatohet. Gjithashtu mund të qaseni në shërbimet e zakonshme përmes modulit <code>frappe</code>.</p>|||<p>Për stilizim
"<h4>Body Text and Closing Text Example</h4>||||||<div>We have noticed that you have not yet paid invoice {{sales_invoice}} for {{frappe.db.get_value(""Currency""","<h4>Shembull i Tekstit të Trupit dhe Tekstit Mbyllës</h4>|||||||<div>Kemi vënë re se ende nuk e keni paguar faturën {{sales_invoice}} për {{frappe.db.get_value(""Currency"""
<h4>Contract Template Example</h4>||||||<pre>Contract for Customer {{ party_name }}||||||-Valid From : {{ start_date }} |||-Valid To : {{ end_date }}|||</pre>||||||<h4>How to get fieldnames</h4>||||||<p>The field names you can use in your Contract Template are the fields in the Contract for which you are creating the template. You can find out the fields of any documents via Setup &gt; Customize Form View and selecting the document type (e.g. Contract)</p>||||||<h4>Templating</h4>||||||<p>Templates are compiled using the Jinja Templating Language. To learn more about Jinja,<h4>Shembull i Shabllonit të Kontratës</h4>||||||<pre>Kontratë për Klientin {{ party_name }}|||||-E vlefshme nga: {{ start_date }} |||-E vlefshme deri në: {{ end_date }}|||</pre>|||||<h4>Si të merrni emrat e fushave</h4>||||||<p>Emrat e fushave që mund të përdorni në Shabllonin tuaj të Kontratës janë fushat në Kontratë për të cilën po krijoni shabllonin. Mund t'i gjeni fushat e çdo dokumenti nëpërmjet Konfigurimit &gt; Personalizoni Pamjen e Formularit dhe zgjedhjes së llojit të dokumentit (p.sh. Kontratë)</p>||||||<h4>Shabllonet</h4>||||||<p>Shabllonet përpilohen duke përdorur Gjuhën e Shablloneve Jinja. Për të mësuar më shumë rreth Jinja-s
"<h4>Default Template</h4>|||<p>Uses <a href=""http://jinja.pocoo.org/docs/templates/"">Jinja Templating</a> and all the fields of Address (including Custom Fields if any) will be available</p>|||<pre><code>{{ address_line1 }}&lt;br&gt;|||{% if address_line2 %}{{ address_line2 }}&lt;br&gt;{% endif -%}|||{{ city }}&lt;br&gt;|||{% if state %}{{ state }}&lt;br&gt;{% endif -%}|||{% if pincode %} PIN:  {{ pincode }}&lt;br&gt;{% endif -%}|||{{ country }}&lt;br&gt;|||{% if phone %}Phone: {{ phone }}&lt;br&gt;{% endif -%}|||{% if fax %}Fax: {{ fax }}&lt;br&gt;{% endif -%}|||{% if email_id %}Email: {{ email_id }}&lt;br&gt;{% endif -%}|||</code></pre>","<h4>Shablloni Parazgjedhur</h4>|||<p>Përdor <a href=""http://jinja.pocoo.org/docs/templates/"">Shabllonet Jinja</a> dhe të gjitha fushat e Adresës (duke përfshirë Fushat e Personalizuara nëse ka) do të jenë të disponueshme</p>|||<pre><code>{{ address_line1 }}&lt;br&gt;|||{% if address_line2 %}{{ address_line2 }}&lt;br&gt;{% endif -%}|||{{ city }}&lt;br&gt;|||{% if state %}{{ state }}&lt;br&gt;{% endif -%}|||{% if pincode %} PIN: {{ pincode }}&lt;br&gt;{% endif -%}|||{{ country }}&lt;br&gt;|||{% if phone %}Telefoni: {{ phone }}&lt;br&gt;{% endif -%}|||{% nëse faks %}Faks: {{ faks }}&lt;br&gt;{% endif -%}|||{% nëse email_id %}Email: {{ email_id }}&lt;br&gt;{% endif -%}|||</code></pre>"
<h4>Email Reply Example</h4>||||||<pre>Order Overdue||||||Transaction {{ name }} has exceeded Due Date. Please take necessary action.||||||Details||||||- Customer: {{ customer }}|||- Amount: {{ grand_total }}|||</pre>||||||<h4>How to get fieldnames</h4>||||||<p>The fieldnames you can use in your email template are the fields in the document from which you are sending the email. You can find out the fields of any documents via Setup &gt; Customize Form View and selecting the document type (e.g. Sales Invoice)</p>||||||<h4>Templating</h4>||||||<p>Templates are compiled using the Jinja Templating Language. To learn more about Jinja,<h4>Shembull Përgjigjeje me Email</h4>||||||<pre>Porosia e Vonuar||||||Transaksioni {{ name }} ka tejkaluar Datën e Afatit. Ju lutemi ndërmerrni veprimet e nevojshme.||||||Detajet||||||- Klienti: {{ customer }}|||- Shuma: {{ grand_total }}|||</pre>||||||<h4>Si të merrni emrat e fushave</h4>|||||||<p>Emrat e fushave që mund të përdorni në shabllonin tuaj të emailit janë fushat në dokumentin nga i cili po dërgoni emailin. Mund t'i gjeni fushat e çdo dokumenti nëpërmjet Konfigurimit > Personalizoni Pamjen e Formularit dhe zgjedhjes së llojit të dokumentit (p.sh. Faturë Shitjeje)</p>||||||<h4>Shabllonet</h4>||||||<p>Shabllonet përpilohen duke përdorur Gjuhën e Shablloneve Jinja. Për të mësuar më shumë rreth Jinja-s
<h4>Standard Terms and Conditions Example</h4>||||||<pre>Delivery Terms for Order number {{ name }}||||||-Order Date : {{ transaction_date }} |||-Expected Delivery Date : {{ delivery_date }}|||</pre>||||||<h4>How to get fieldnames</h4>||||||<p>The fieldnames you can use in your email template are the fields in the document from which you are sending the email. You can find out the fields of any documents via Setup &gt; Customize Form View and selecting the document type (e.g. Sales Invoice)</p>||||||<h4>Templating</h4>||||||<p>Templates are compiled using the Jinja Templating Language. To learn more about Jinja,<h4>Shembull i Kushteve dhe Afateve Standarde</h4>|||||||<pre>Kushtet e Dorëzimit për Numrin e Porosisë {{ name }}||||||-Data e Porosisë: {{ transaction_date }} |||-Data e Pritur e Dorëzimit: {{ delivery_date }}|||</pre>|||||<h4>Si të merrni emrat e fushave</h4>|||||||<p>Emrat e fushave që mund të përdorni në shabllonin tuaj të email-it janë fushat në dokumentin nga i cili po dërgoni email-in. Mund t'i gjeni fushat e çdo dokumenti nëpërmjet Konfigurimit &gt; Personalizoni Pamjen e Formularit dhe zgjedhjes së llojit të dokumentit (p.sh. Faturë Shitjeje)</p>||||||<h4>Shabllonet</h4>||||||<p>Shabllonet përpilohen duke përdorur Gjuhën e Shablloneve Jinja. Për të mësuar më shumë rreth Jinja-s
"<h5 class=""text-muted uppercase"">Or</h5>","<h5 class=""text-muted uppercase"">Ose</h5>"
<h5>Message Example</h5>||||||<pre>&lt;h3&gt;Order Overdue&lt;/h3&gt;||||||&lt;p&gt;Transaction {{ doc.name }} has exceeded Due Date. Please take necessary action.&lt;/p&gt;||||||&lt;!-- show last comment --&gt;|||{% if comments %}|||Last comment: {{ comments[-1].comment }} by {{ comments[-1].by }}|||{% endif %}||||||&lt;h4&gt;Details&lt;/h4&gt;||||||&lt;ul&gt;|||&lt;li&gt;Customer: {{ doc.customer }}|||&lt;li&gt;Amount: {{ doc.grand_total }}|||&lt;/ul&gt;|||</pre>,<h5>Shembull Mesazhi</h5>||||||<pre>&lt;h3&gt;Porosia është Vonuar&lt;/h3&gt;|||||&lt;p&gt;Transaksioni {{ doc.name }} ka tejkaluar Datën e Afatit. Ju lutem ndërmerrni veprimet e nevojshme.&lt;/p&gt;||||||&lt;!-- shfaq komentin e fundit --&gt;|||{% nëse komente %}|||Komenti i fundit: {{ komente[-1].koment }} nga {{ komente[-1].nga }}|||{% endif %}||||||&lt;h4&gt;Detajet&lt;/h4&gt;||||||&lt;ul&gt;|||&lt;li&gt;Klienti: {{ doc.customer }}|||&lt;li&gt;Shuma: {{ doc.grand_total }}|||&lt;/ul&gt;|||</pre>
"<label class=""control-label"" style=""margin-bottom: 0px;"">Account Number Settings</label>","<label class=""control-label"" style=""margin-bottom: 0px;"">Cilësimet e Numrit të Llogarisë</label>"
"<label class=""control-label"" style=""margin-bottom: 0px;"">Amount In Words</label>","<label class=""control-label"" style=""margin-bottom: 0px;"">Shuma me fjalë</label>"
"<label class=""control-label"" style=""margin-bottom: 0px;"">Date Settings</label>","<label class=""control-label"" style=""margin-bottom: 0px;"">Cilësimet e datës</label>"
<li>Item {0} in row(s) {1} billed more than {2}</li>,<li>Artikulli {0} në rreshtin(et) {1} faturoi më shumë se {2}</li>
<li>{}</li>,<li>{}</li>
"<p><strong>Condition Examples:</strong></p>|||<pre>doc.status==""Open""<br>doc.due_date==nowdate()<br>doc.total &gt; 40000|||</pre>","<p><strong>Shembuj të Kushteve:</strong></p>|||<pre>doc.status==""Open""<br>doc.due_date==nowdate()<br>doc.total &gt; 40000|||</pre>"
"<p><strong>Condition Examples:</strong></p>|||<pre>doc.status==""Open""<br>doc.due_date==nowdate()<br>doc.total &gt; 40000|||</pre>|||","<p><strong>Shembuj të Kushteve:</strong></p>|||<pre>doc.status==""Open""<br>doc.due_date==nowdate()<br>doc.total &gt; 40000|||</pre>|||"
<p>Cannot overbill for the following Items:</p>,<p>Nuk mund të mbifaturohet për artikujt e mëposhtëm:</p>
<p>Following {0}s doesn't belong to Company {1} :</p>,<p>Vendimet {0} në vijim nuk i përkasin Kompanisë {1}:</p>
<p>In your <b>Email Template</b>,<p>Në <b>Shabllonin tuaj të email-it</b>
<p>Multiple webforms can be created for a single doctype. Add filters specific to this webform to display correct record after submission.</p><p>For Example:</p>|||<p>If you create a separate webform every year to capture feedback from employees add a ||| field named year in doctype and add a filter <b>year = 2023</b></p>|||,"<p>Mund të krijohen formularë të shumtë web për një lloj dokumenti të vetëm. Shtoni filtra specifikë për këtë formular web për të shfaqur regjistrimin e saktë pas dorëzimit.</p><p>Për shembull:</p>|||<p>Nëse krijoni një formular web të veçantë çdo vit për të marrë reagime nga punonjësit, shtoni një fushë ||| me emrin vit në llojin e dokumentit dhe shtoni një filtër <b>viti = 2023</b></p>|||"
<p>Price List Rate has not been set as editable in Selling Settings. In this scenario,<p>Çmimi i Listës së Çmimeve nuk është vendosur si i modifikueshëm në Cilësimet e Shitjes. Në këtë skenar
"<p>Set context before rendering a template. Example:</p><p>|||</p><div><pre><code>|||context.project = frappe.get_doc(""Project""","<p>Caktoni kontekstin përpara se të paraqitni një shabllon. Shembull:</p><p>|||</p><div><pre><code>|||context.project = frappe.get_doc(""Projekti"""
<p>To allow over-billing,<p>Për të lejuar mbifaturimin
"<p>To interact with above HTML you will have to use `root_element` as a parent selector.</p><p>For example:</p><pre class=""p-3 bg-gray-100 border-radius rounded-sm mb-0"" style=""width: fit-content;""><code>// here root_element is provided by default|||let some_class_element = root_element.querySelector('.some-class');|||some_class_element.textContent = ""New content"";|||</code></pre>","<p>Për të bashkëvepruar me HTML-në e mësipërme, do të duhet të përdorni `root_element` si përzgjedhës prind.</p><p>Për shembull:</p><pre class=""p-3 bg-gray-100 border-radius rounded-sm mb-0"" style=""width: fit-content;""><code>// këtu root_element ofrohet si parazgjedhje|||let some_class_element = root_element.querySelector('.some-class');|||some_class_element.textContent = ""Përmbajtje e re"";|||</code></pre>"
<p>Your OTP secret on {0} has been reset. If you did not perform this reset and did not request it,<p>Sekreti juaj OTP në {0} është rivendosur. Nëse nuk e keni kryer këtë rivendosje dhe nuk e keni kërkuar atë
<pre>*  *  *  *  *|||┬  ┬  ┬  ┬  ┬|||│  │  │  │  │|||│  │  │  │  └ day of week (0 - 6) (0 is Sunday)|||│  │  │  └───── month (1 - 12)|||│  │  └────────── day of month (1 - 31)|||│  └─────────────── hour (0 - 23)|||└──────────────────── minute (0 - 59)||||||---||||||* - Any value|||/ - Step values|||</pre>|||,<pre>* * * * *|||┬ ┬ ┬ ┬ ┬ ┬|||│ │ │ │ │ │|||│ │ │ │ │ dita e javës (0 - 6) (0 është e diel)|||│ │ │ │ └──── muaji (1 - 12)|||│ │ └────────── dita e muajit (1 - 31)|||│ └──────────────── orë (0 - 23)|||└─────────────────────── minutë (0 - 59)||||||---||||||* - Çdo vlerë|||/ - Vlerat e hapave|||</pre>|||
<pre><code>doc.grand_total &gt; 0</code></pre>||||||<p>Conditions should be written in simple Python. Please use properties available in the form only.</p>|||<p>Allowed functions:|||</p><ul>|||<li>frappe.db.get_value</li>|||<li>frappe.db.get_list</li>|||<li>frappe.session</li>|||<li>frappe.utils.now_datetime</li>|||<li>frappe.utils.get_datetime</li>|||<li>frappe.utils.add_to_date</li>|||<li>frappe.utils.now</li>|||</ul>|||<p>Example: </p><pre><code>doc.creation &gt; frappe.utils.add_to_date(frappe.utils.now_datetime(),<pre><code>doc.grand_total >0</code></pre>||||||<p>Kushtet duhet të shkruhen në Python të thjeshtë. Ju lutemi përdorni vetëm vetitë e disponueshme në formular.</p>|||<p>Funksionet e lejuara:|||</p><ul>|||<li>frappe.db.get_value</li>|||<li>frappe.db.get_list</li>|||<li>frappe.session</li>|||<li>frappe.utils.now_datetime</li>|||<li>frappe.utils.get_datetime</li>|||<li>frappe.utils.add_to_date</li>|||<li>frappe.utils.now</li>|||</ul>|||<p>Shembull: </p><pre><code>doc.creation > frappe.utils.add_to_date(frappe.utils.now_datetime()
<pre><h5>Message Example</h5>||||||&lt;p&gt; Thank You for being a part of {{ doc.company }}! We hope you are enjoying the service.&lt;/p&gt;||||||&lt;p&gt; Please find enclosed the E Bill statement. The outstanding amount is {{ doc.grand_total }}.&lt;/p&gt;||||||&lt;p&gt; We don't want you to be spending time running around in order to pay for your Bill.<br>After all,<pre><h5>Shembull Mesazhi</h5>||||||&lt;p&gt; Faleminderit që jeni pjesë e {{ doc.company }}! Shpresojmë që po e shijoni shërbimin.&lt;/p&gt;|||||&lt;p&gt; Ju lutemi gjeni bashkëngjitur deklaratën e Faturës Elektronike. Shuma e papaguar është {{ doc.grand_total }}.&lt;/p&gt;||||||&lt;p&gt; Ne nuk duam që ju të humbni kohë duke vrapuar për të paguar faturën tuaj.<br>Në fund të fundit
<pre><h5>Message Example</h5>||||||&lt;p&gt;Dear {{ doc.contact_person }},<pre><h5>Shembull Mesazhi</h5>||||||&lt;p&gt;I nderuar {{ doc.contact_person }}
<strong>Grand Total:</strong> {0},<strong>Totali i Përgjithshëm:</strong> {0}
<strong>Outstanding Amount:</strong> {0},<strong>Shuma e Papaguar:</strong> {0}
<strong>Warning:</strong> This field is system generated and may be overwritten by a future update. Modify it using {0} instead.,<strong>Kujdes:</strong> Kjo fushë gjenerohet nga sistemi dhe mund të mbishkruhet nga një përditësim i ardhshëm. Modifikojeni duke përdorur {0} në vend të kësaj.
"<table class=""table table-bordered table-condensed"">|||<thead>|||  <tr>|||         <th class=""table-sr"" style=""width: 50%;"">Child Document</th>|||         <th class=""table-sr"" style=""width: 50%;"">Non Child Document</th>|||   </tr>|||</thead>|||<tbody>|||<tr>|||         <td>|||                  <p> To access parent document field use parent.fieldname and to access child table document field use doc.fieldname </p>||||||         </td>|||         <td>|||                    <p>To access document field use doc.fieldname </p>|||         </td>|||</tr>|||<tr>|||        <td>|||                   <p><b>Example: </b> parent.doctype == ""Stock Entry"" and doc.item_code == ""Test"" </p>||||||        </td>|||         <td>|||                   <p><b>Example: </b> doc.doctype == ""Stock Entry"" and doc.purpose == ""Manufacture""</p>    |||          </td>|||</tr>||||||</tbody>|||</table>|||||||||||||||||||||","<table class=""table table-bordered table-condensed"">|||<thead>||| <tr>||| <th class=""table-sr"" style=""width: 50%;"">Dokument Bijë</th>||| <th class=""table-sr"" style=""width: 50%;"">Dokument Jo Bijë</th>||| </tr>|||</thead>|||<tbody>|||<tr>||| <td>||| <p> Për të aksesuar fushën e dokumentit prind përdorni parent.fieldname dhe për të aksesuar fushën e dokumentit të tabelës bijë përdorni doc.fieldname </p>|||||| </td>||| <td>||| <p> Për të aksesuar fushën e dokumentit përdorni doc.fieldname </p>||| </td>||||</tr>||||<tr>||| <td>||| <p><b>Shembull: </b> parent.doctype == ""Hyrje në stok"" dhe doc.item_code == ""Test"" </p>|||||| </td>||| <td>||| <p><b>Shembull: </b> doc.doctype == ""Hyrje në stok"" dhe doc.purpose == ""Prodhim""</p> ||| </td>||||</tr>||||||||</tbody>||||</table>||||||||||||||||||||||||||"
A - B,A - B
A - C,A - C
A DocType's name should start with a letter and can only consist of letters,Emri i një DocType duhet të fillojë me një shkronjë dhe mund të përbëhet vetëm nga shkronja
A Holiday List can be added to exclude counting these days for the Workstation.,Mund të shtohet një listë pushimesh për të përjashtuar numërimin e këtyre ditëve për Stacionin e Punës.
A Packing Slip can only be created for Draft Delivery Note.,Një Fletë Paketimi mund të krijohet vetëm për Fletën e Dorëzimit Draft.
A Price List is a collection of Item Prices either Selling,Një listë çmimesh është një koleksion i çmimeve të artikujve që shiten ose
A Reconciliation Job {0} is running for the same filters. Cannot reconcile now,Një Punë Pajtimi {0} është duke u ekzekutuar për të njëjtat filtra. Nuk mund të pajtohet tani
A Transaction Deletion Document: {0} is triggered for {0},Një Dokument Fshirjeje Transaksioni: {0} aktivizohet për {0}
A customer must have primary contact email.,Një klient duhet të ketë email-in kryesor të kontaktit.
A driver must be set to submit.,Një shofer duhet të caktohet për të paraqitur.
A field with the name {0} already exists in {1},Një fushë me emrin {0} ekziston tashmë në {1}
A file with same name {} already exists,Një skedar me të njëjtin emër {} ekziston tashmë
A template already exists for field {0} of {1},Një shabllon ekziston tashmë për fushën {0} të {1}
A template with tax category {0} already exists. Only one template is allowed with each tax category,Një shabllon me kategorinë e taksës {0} ekziston tashmë. Lejohet vetëm një shabllon me secilën kategori taksës.
A0,A0
A1,A1
A2,A2
A3,A3
A5,A5
A6,A6
A7,A7
A8,A8
A9,A9
ACC-ADS-.YYYY.-,ACC-ADS-.YYYY.-
ACC-ASA-.YYYY.-,ACC-ASA-.YYYY.-
ACC-ASC-.YYYY.-,ACC-ASC-.YYYY.-
API Details,Detajet e API-t
API Endpoint Args should be valid JSON,Argumentet e pikës fundore të API-t duhet të jenë JSON të vlefshme
API Key and Secret to interact with the relay server. These will be auto-generated when the first push notification is sent from any of the apps installed on this site.,Çelësi dhe sekreti i API-t për të bashkëvepruar me serverin e transmetimit. Këto do të gjenerohen automatikisht kur të dërgohet njoftimi i parë shtytës nga ndonjë prej aplikacioneve të instaluara në këtë faqe interneti.
API Key cannot be regenerated,Çelësi API nuk mund të rigjenerohet
API Keys,Çelësat API
API Logging,Regjistrimi i API-t
AWB Number,Numri i AWB-së
Abbreviation: {0} must appear only once,Shkurtim: {0} duhet të shfaqet vetëm një herë
About,Rreth
About Us,Rreth Nesh
Accept Invitation,Prano ftesën
Acceptance Criteria Formula,Formula e Kritereve të Pranimit
Acceptance Criteria Value,Vlera e Kritereve të Pranimit
Accepted At,Pranuar në
Accepted Qty in Stock UOM,Sasia e Pranuar në Stok UOM
Access Control,Kontroll i Qasjes
Access Key,Çelësi i Qasjes
Access Key is required for Service Provider: {0},Çelësi i Qasjes është i nevojshëm për Ofruesin e Shërbimit: {0}
According to the BOM {0},Sipas BOM {0}
Account Balance (From),Bilanci i Llogarisë (Nga)
Account Balance (To),Bilanci i Llogarisë (Deri)
Account Closing Balance,Bilanci i Mbylljes së Llogarisë
Account Currency (From),Valuta e Llogarisë (Nga)
Account Currency (To),Valuta e Llogarisë (Për)
Account Deletion Settings,Cilësimet e Fshirjes së Llogarisë
Account Opening Balance,Bilanci i Hapjes së Llogarisë
Account not Found,Llogaria nuk u gjet
Account {0} added multiple times,Llogaria {0} u shtua disa herë
Account {0} doesn't belong to Company {1},Llogaria {0} nuk i përket Kompanisë {1}
Accounting Dimension Filter,Filtri i Dimensionit të Kontabilitetit
Accounting Dimensions Filter,Filtri i Dimensioneve të Kontabilitetit
Accounting Entry for {0},Hyrje Kontabiliteti për {0}
Accounts Closing,Mbyllja e llogarive
Accounts Missing Error,Gabim i Mungimit të Llogarive
Accounts Receivable / Payable Tuning,Akordimi i Llogarive të Arkëtueshme / të Pagueshme
Accounts Receivable/Payable,Llogaritë e Pranueshme/të Pagueshme
Accounts to Merge,Llogaritë për t'u bashkuar
Accurate count can not be fetched,Numërimi i saktë nuk mund të merret
Action Complete,Veprimi u krye
Action If Quality Inspection Is Rejected,Veprimi nëse Inspektimi i Cilësisë Refuzohet
Action If Same Rate is Not Maintained,Veprimi nëse nuk mbahet e njëjta normë
Action Label,Etiketa e Veprimit
Action if Same Rate is Not Maintained Throughout  Internal Transaction,Veprimi nëse e njëjta normë nuk mbahet gjatë gjithë transaksionit të brendshëm
Action if Same Rate is Not Maintained Throughout Sales Cycle,Veprimi nëse e njëjta normë nuk mbahet gjatë gjithë ciklit të shitjeve
Action {0} completed successfully on {1} {2}. View it {3},Veprimi {0} përfundoi me sukses më {1} {2}. Shikojeni atë {3}
Action {0} failed on {1} {2}. View it {3},Veprimi {0} dështoi në {1} {2}. Shikoje atë {3}
Activate,Aktivizo
Active Directory,Active Directory
Active Status,Statusi aktiv
Actual Balance Qty,Sasia e Bilancit Real
Actual Expense,Shpenzime reale
Actual Posting,Postimi aktual
Actual Qty in Warehouse,Sasia aktuale në depo
Actual Time,Koha aktuale
Add / Remove Columns,Shto/Hiq Kolona
Add Background Image,Shto imazh sfondi
Add Border at Bottom,Shto kufi në fund
Add Border at Top,Shto kufi në krye
Add Card to Dashboard,Shto Kartë në Panelin e Kontrollit
Add Columns in Transaction Currency,Shto kolona në monedhën e transaksionit
Add Corrective Operation Cost in Finished Good Valuation,Shtoni Koston e Operacionit Korrigjues në Vlerësimin e Mallrave të Përfunduara
Add Discount,Shto Zbritje
Add Indexes,Shto Indekse
Add Items in the Purpose Table,Shtoni artikuj në tabelën e qëllimit
Add Lead to Prospect,Shto klient potencial te klienti potencial
Add Local Holidays,Shto Festa Vendore
Add Manually,Shto manualisht
Add New,Shto të re
Add Or Deduct,Shtoni ose Zbritni
Add Query Parameters,Shto parametrat e pyetjes
Add Roles,Shto Role
Add Serial / Batch Bundle,Shto Pako Seriale / Grumbullore
Add Serial / Batch No,Shto Nr. Serial / Serial
Add Serial / Batch No (Rejected Qty),Shto Nr. Serial / Serial (Sasia e Refuzuar)
Add Space at Bottom,Shto hapësirë ​​në fund
Add Space at Top,Shto hapësirë ​​në krye
Add Stock,Shto aksione
Add Sub Assembly,Shto Nën-Asamble
Add Tags,Shto Etiketa
Add Template,Shto shabllon
Add Translate Data,Shto të dhëna përkthimi
Add Video Conferencing,Shto Video Konferencë
Add a Filter,Shto një filtër
Add a Note,Shto një Shënim
Add a Row,Shto një rresht
Add a row above the current row,Shto një rresht mbi rreshtin aktual
Add a row at the bottom,Shtoni një rresht në fund
Add a row at the top,Shtoni një rresht në krye
Add a row below the current row,Shto një rresht poshtë rreshtit aktual
Add column,Shto kolonë
Add details,Shto detaje
Add field,Shto fushë
Add new tab,Shto skedë të re
Add page break,Shto ndërprerje faqeje
Add section above,Shto seksionin sipër
Add section below,Shto seksionin më poshtë
Add tab,Shto skedë
Add to Prospect,Shto te Prospekti
Add to this activity by mailing to {0},Shtoni në këtë aktivitet duke dërguar një email te {0}
Add {0},Shto {0}
Add/Update Filter,Shto/Përditëso Filtrin
Added By,Shtuar nga
Added On,Shtuar më
Added Supplier Role to User {0}.,U shtua roli i furnizuesit te përdoruesi {0}.
Added default log doctypes: {},U shtuan lloje dokumentesh të parazgjedhura të regjistrit: {}
Added {1} Role to User {0}.,U shtua roli {1} te përdoruesi {0}.
Adding Lead to Prospect...,Shtimi i kontaktit tek klienti potencial...
Additional,Shtesë
Additional Asset Cost,Kosto shtesë e aseteve
Additional Cost Per Qty,Kosto shtesë për sasi
Additional Data,Të dhëna shtesë
Additional Info,Informacion shtesë
Adds a custom client script to a DocType,Shton një skript klienti të personalizuar në një DocType
Adjust Asset Value,Rregullo Vlerën e Aseteve
Adjustment Against,Përshtatje Kundër
Adjustment based on Purchase Invoice rate,Rregullimi bazuar në normën e faturës së blerjes
Advance Account: {0} must be in either customer billing currency: {1} or Company default currency: {2},Llogaria paraprake: {0} duhet të jetë në monedhën e faturimit të klientit: {1} ose në monedhën e parazgjedhur të kompanisë: {2}
Advance Payment,Pagesë paraprake
Advance Payment Date,Data e pagesës paraprake
Advance Payment Ledger Entry,Hyrje në Librin e Pagesave Paraprake
Advance Tax,Taksa paraprake
Advance Taxes and Charges,Taksa dhe tarifa paraprake
Advance Voucher No,Nr. i Kuponit Paraprak
Advance Voucher Type,Lloji i kuponit paraprak
Advance paid against {0} {1} cannot be greater than Grand Total {2},Paradhënia e paguar kundrejt {0} {1} nuk mund të jetë më e madhe se Totali i Përgjithshëm {2}
Advance payments allocated against orders will only be fetched,Pagesat paraprake të alokuara kundër porosive do të merren vetëm
Affected Transactions,Transaksionet e prekura
After,Pas
After Insert,Pas futjes
After Rename,Pas Riemërtimit
After Submission,Pas dorëzimit
Against Customer Order {0},Kundër Porosisë së Klientit {0}
Against Pick List,Kundër listës së zgjedhjeve
Against Supplier Invoice {0},Kundrejt Faturës së Furnizuesit {0}
Against Voucher No,Kundër Nr. të Kuponit
Age ({0}),Mosha ({0})
Ageing Range,Gama e plakjes
Ageing Report based on,Raporti i Plakjes bazuar në
Agent Busy Message,Mesazh i Agjentit të Zënë
Agent Group,Grupi i Agjentëve
Agent Unavailable Message,Mesazh i Padisponueshëm i Agjentit
Aggregate Field is required to create a number card,Fusha e Përmbledhjes është e nevojshme për të krijuar një kartë numrash
Aggregate a group of Items into another Item. This is useful if you are maintaining the stock of the packed items and not the bundled item,Grumbulloni një grup artikujsh në një artikull tjetër. Kjo është e dobishme nëse po mirëmbani stokun e artikujve të paketuar dhe jo artikullin e paketuar.
Algorithm,Algoritmi
Align,Vendos në rresht
All Activities,Të gjitha aktivitetet
All Activities HTML,HTML për të gjitha aktivitetet
All Items,Të gjitha artikujt
All Results,Të gjitha rezultatet
All Sales Transactions can be tagged against multiple Sales Persons so that you can set and monitor targets.,Të gjitha transaksionet e shitjeve mund të etiketohen me disa persona shitjesh në mënyrë që të vendosni dhe monitoroni objektivat.
All Submissions,Të gjitha dorëzimet
All allocations have been successfully reconciled,Të gjitha shpërndarjet janë barazuar me sukses
All fields are necessary to submit the comment.,Të gjitha fushat janë të nevojshme për të paraqitur komentin.
All items have already been received,Të gjitha artikujt janë marrë tashmë
All items in this document already have a linked Quality Inspection.,Të gjitha artikujt në këtë dokument kanë tashmë një Inspektim Cilësie të lidhur.
"All possible Workflow States and roles of the workflow. Docstatus Options: 0 is ""Saved""","Të gjitha gjendjet e mundshme të rrjedhës së punës dhe rolet e saj. Opsionet e statusit të dokumentit: 0 është ""Ruajtur"""
All the Comments and Emails will be copied from one document to another newly created document(Lead -> Opportunity -> Quotation) throughout the CRM documents.,Të gjitha Komentet dhe Email-et do të kopjohen nga një dokument në një dokument tjetër të sapokrijuar (Kërkesë Kontakti -> Mundësi -> Kuotim) në të gjithë dokumentet e CRM-së.
All the required items (raw materials) will be fetched from BOM and populated in this table. Here you can also change the Source Warehouse for any item. And during the production,Të gjitha artikujt e kërkuar (lëndët e para) do të merren nga BOM dhe do të plotësohen në këtë tabelë. Këtu mund të ndryshoni edhe Deponë Burimore për çdo artikull. Dhe gjatë prodhimit.
Allocate Payment Request,Caktoni Kërkesën për Pagesë
Allocated Entries,Hyrjet e alokuara
Allocated To:,I ndarë për:
Allocations,Shpërndarjet
Allow Alternative Item must be checked on Item {},Lejo artikullin alternativ duhet të kontrollohet në artikullin {}
Allow Bulk Editing,Lejo Redaktimin në Masë
Allow Continuous Material Consumption,Lejoni konsumin e vazhdueshëm të materialit
Allow Editing After Submit,Lejo Redaktimin Pas Dërgimit
Allow Excess Material Transfer,Lejoni transferimin e materialit të tepërt
Allow Guest to comment,Lejo që Vizitori të komentojë
Allow Implicit Pegged Currency Conversion,Lejo Konvertimin e Monedhës së Fiksuar në mënyrë Implicite
Allow Internal Transfers at Arm's Length Price,Lejoni Transferime të Brendshme me Çmimin e Gjatësisë së Armëve
Allow Item to be Added Multiple Times in a Transaction,Lejo që artikulli të shtohet disa herë në një transaksion
Allow Lead Duplication based on Emails,Lejoni dyfishimin e klientëve potencialë bazuar në email-e
Allow Multiple Responses,Lejo Përgjigje të Shumëfishta
Allow Negative rates for Items,Lejo norma negative për artikujt
Allow Older Web View Links (Insecure),Lejo lidhjet e shikimit të faqeve të internetit më të vjetra (të pasigurta)
Allow Or Restrict Dimension,Lejo ose Kufizo Dimensionin
Allow Partial Payment,Lejo pagesën e pjesshme
Allow Partial Reservation,Lejo rezervimin e pjesshëm
Allow Purchase,Lejo blerjen
Allow Purchase Order with Zero Quantity,Lejo Urdhër Blerjeje me Sasi Zero
Allow Quotation with Zero Quantity,Lejo Kuotimin me Sasi Zero
Allow Request for Quotation with Zero Quantity,Lejo Kërkesën për Kuotim me Sasi Zero
Allow Sales,Lejo Shitjet
Allow Sales Order Creation For Expired Quotation,Lejo Krijimin e Porosisë së Shitjes për Kuotën e Skaduar
Allow Sales Order with Zero Quantity,Lejo porosi shitjeje me sasi zero
Allow Sending Usage Data for Improving Applications,Lejo dërgimin e të dhënave të përdorimit për përmirësimin e aplikacioneve
Allow Supplier Quotation with Zero Quantity,Lejoni kuotimin e furnizuesit me sasi zero
Allow UOM with Conversion Rate Defined in Item,Lejo UOM me Shkallën e Konvertimit të Përcaktuar në Artikull
Allow User to Edit Discount,Lejo përdoruesin të modifikojë zbritjen
Allow User to Edit Rate,Lejo përdoruesin të modifikojë normën
Allow Zero Rate,Lejo normën zero
Allow editing even if the doctype has a workflow set up.||||||Does nothing if a workflow isn't set up.,Lejo redaktimin edhe nëse tipi i dokumentit ka një rrjedhë pune të konfiguruar.||||||Nuk bën asgjë nëse një rrjedhë pune nuk është konfiguruar.
Allow existing Serial No to be Manufactured/Received again,Lejoni që numri serial ekzistues të prodhohet/pranohet përsëri
Allow material consumptions without immediately manufacturing finished goods against a Work Order,Lejoni konsumimin e materialeve pa prodhuar menjëherë mallra të gatshme sipas një Urdhri Pune.
Allow multi-currency invoices against single party account,Lejo faturat me shumë monedha kundrejt një llogarie të vetme pale
Allow recording my first session to improve user experience,Lejo regjistrimin e seancës sime të parë për të përmirësuar përvojën e përdoruesit
Allow sending usage data for improving applications,Lejo dërgimin e të dhënave të përdorimit për përmirësimin e aplikacioneve
Allow to Edit Stock UOM Qty for Purchase Documents,Lejoni të modifikoni sasinë e stokut UOM për dokumentet e blerjes
Allow to Edit Stock UOM Qty for Sales Documents,Lejo modifikimin e sasisë së stokut UOM për dokumentet e shitjes
Allow to Make Quality Inspection after Purchase / Delivery,Lejoni të bëni inspektimin e cilësisë pas blerjes/dorëzimit
Allow transferring raw materials even after the Required Quantity is fulfilled,Lejoni transferimin e lëndëve të para edhe pasi të jetë përmbushur Sasia e Kërkuar
Allow users to log in without a password,Lejoni përdoruesit të hyjnë pa fjalëkalim
Allowed Dimension,Dimensioni i lejuar
Allowed Doctypes,Tipet e Doktrinave të Lejuara
Allowed File Extensions,Zgjatjet e lejuara të skedarëve
Allowed Modules,Modulet e lejuara
Allowed Roles,Rolet e lejuara
Allowed embedding domains,Domenet e lejuara të integrimit
Allowed primary roles are 'Customer' and 'Supplier'. Please select one of these roles only.,Rolet kryesore të lejuara janë 'Klient' dhe 'Furnizues'. Ju lutemi zgjidhni vetëm një nga këto role.
Allows to keep aside a specific quantity of inventory for a particular order.,Lejon të mbani mënjanë një sasi specifike të inventarit për një porosi të caktuar.
Allows users to submit Purchase Orders with zero quantity. Useful when rates are fixed but the quantities are not. Eg. Rate Contracts.,"Lejon përdoruesit të dorëzojnë Urdhra Blerjeje me sasi zero. E dobishme kur çmimet janë fikse, por sasitë jo. P.sh. Kontrata Çmimi."
Allows users to submit Quotations with zero quantity. Useful when rates are fixed but the quantities are not. Eg. Rate Contracts.,"Lejon përdoruesit të dorëzojnë Kuota me sasi zero. E dobishme kur çmimet janë fikse, por sasitë jo. P.sh. Kontratat e Çmimeve."
Allows users to submit Request for Quotations with zero quantity. Useful when rates are fixed but the quantities are not. Eg. Rate Contracts.,"Lejon përdoruesit të paraqesin Kërkesë për Kuota me sasi zero. E dobishme kur çmimet janë fikse, por sasitë jo. P.sh. Kontratat e Çmimeve."
Allows users to submit Sales Orders with zero quantity. Useful when rates are fixed but the quantities are not. Eg. Rate Contracts.,"Lejon përdoruesit të dorëzojnë Porosi Shitjesh me sasi zero. E dobishme kur çmimet janë fikse, por sasitë jo. P.sh. Kontratat e Çmimit."
Allows users to submit Supplier Quotations with zero quantity. Useful when rates are fixed but the quantities are not. Eg. Rate Contracts.,"Lejon përdoruesit të dorëzojnë Kuota Furnizuesish me sasi zero. E dobishme kur çmimet janë fikse, por sasitë jo. P.sh. Kontratat e Çmimeve."
Already Picked,Zgjedhur tashmë
Also you can't switch back to FIFO after setting the valuation method to Moving Average for this item.,"Gjithashtu, nuk mund të ktheheni në FIFO pasi të keni vendosur metodën e vlerësimit në Mesataren Lëvizëse për këtë artikull."
Alternative Email ID,ID alternative e email-it
Alternative Items,Artikuj Alternativë
Alternatively,Si alternativë
Always BCC Address,Gjithmonë Adresa BCC
Always use this email address as sender address,Përdor gjithmonë këtë adresë emaili si adresë dërguesi
Always use this name as sender name,Përdor gjithmonë këtë emër si emër dërguesi
Amend Counter,Numërues ndryshimesh
Amended Document Naming Settings,Cilësimet e Emërtimit të Dokumenteve të Ndryshuara
Amended Documents,Dokumente të Ndryshuara
Amendment Naming Override,Anulimi i Emërtimit të Amendamentit
Amendment Not Allowed,Amendamenti nuk lejohet
Amendment naming rules updated.,Rregullat e emërtimit të amendamenteve janë përditësuar.
Amount (AED),Shuma (AED)
Amount Difference with Purchase Invoice,Diferenca e Shumës me Faturën e Blerjes
Amount Eligible for Commission,Shuma e pranueshme për komision
Amount in Account Currency,Shuma në monedhën e llogarisë
Amount in Words,Shuma me fjalë
Amount in party's bank account currency,Shuma në monedhën e llogarisë bankare të partisë
Amount in transaction currency,Shuma në monedhën e transaksionit
Amounts,Shumat
An Item Group is a way to classify items based on types.,Një Grup Artikujsh është një mënyrë për të klasifikuar artikujt bazuar në lloje.
An error has been appeared while reposting item valuation via {0},Është shfaqur një gabim gjatë ripostimit të vlerësimit të artikullit nëpërmjet {0}
An error occured for certain Items while creating Material Requests based on Re-order level. Please rectify these issues :,Ndodhi një gabim për disa artikuj gjatë krijimit të Kërkesave për Materiale bazuar në nivelin e Riporositjes. Ju lutemi korrigjoni këto probleme:
An unexpected error occurred while authorizing {}.,Ndodhi një gabim i papritur gjatë autorizimit të {}.
Analysis Chart,Grafiku i Analizës
Announcement Widget,Widget-i i njoftimit
Announcements,Njoftime
Annual Revenue,Të Ardhurat Vjetore
Anonymization Matrix,Matrica e Anonimizimit
Anonymous responses,Përgjigje anonime
Another Cost Center Allocation record {0} applicable from {1},Një tjetër regjistrim i Alokimit të Qendrës së Kostos {0} i zbatueshëm nga {1}
Another Payment Request is already processed,Një tjetër kërkesë pagese është përpunuar tashmë
Any one of following filters required: warehouse,Kërkohet ndonjë nga filtrat e mëposhtëm: depo
App Access Key and/or Secret Key are not present.,Çelësi i Qasjes së Aplikacionit dhe/ose Çelësi Sekret nuk janë të pranishëm.
App ID,ID-ja e aplikacionit
App Logo,Logoja e aplikacionit
App not found for module: {0},Aplikacioni nuk u gjet për modulin: {0}
"Append as communication against this DocType (must have fields: ""Sender"" and ""Subject""). These fields can be defined in the email settings section of the appended doctype.","Shtoje si komunikim kundrejt këtij DocType (duhet të ketë fushat: ""Dërguesi"" dhe ""Subjekti""). Këto fusha mund të përcaktohen në seksionin e cilësimeve të email-it të doctype-it të shtuar."
Applicable Dimension,Dimensioni i zbatueshëm
Applicable On Account,I zbatueshëm në llogari
Application is not installed,Aplikacioni nuk është instaluar
Applied on each reading.,Zbatohet në çdo lexim.
Applied putaway rules.,U zbatuan rregullat e vendosjes së dokumentit.
Applies To,Vlen për
Apply Filters,Zbato filtrat
Apply Putaway Rule,Zbatoni Rregullin e Putaway-t
Apply Recursion Over (As Per Transaction UOM),Zbato Rekursionin Mbi (Sipas Transaksionit UOM)
Apply SLA for Resolution Time,Zbato SLA-në për Kohën e Zgjidhjes
Apply TDS,Zbato TDS-në
Apply Tax Withholding Amount,Zbato shumën e mbajtjes së tatimit në burim
Apply To,Apliko për
Apply User Permission On,Zbato lejen e përdoruesit në
Apply restriction on dimension values,Zbato kufizimin në vlerat e dimensioneve
Apply to All Inventory Documents,Zbatohet për të gjitha dokumentet e inventarit
Apply to Document,Zbato në dokument
Appointment Created Successfully,Takimi u krijua me sukses
Appointment Scheduling Disabled,Caktimi i takimeve është çaktivizuar
Appointment Scheduling has been disabled for this site,Caktimi i takimeve është çaktivizuar për këtë faqe interneti
Appointment was created. But no lead was found. Please check the email to confirm,Takimi u krijua. Por nuk u gjet asnjë kontakt. Ju lutemi kontrolloni email-in për të konfirmuar.
Approximately match the description/party name against parties,Përputhni përafërsisht përshkrimin/emrin e partisë me partitë
Apps,Aplikacionet
Ar,Ar
Are you sure you want to cancel the invitation?,Je i sigurt që dëshiron ta anulosh ftesën?
Are you sure you want to clear all demo data?,Je i sigurt që dëshiron të fshish të gjitha të dhënat e demonstrimit?
Are you sure you want to delete page {0}?,A jeni i sigurt që doni ta fshini faqen {0}?
Are you sure you want to delete the column? All the fields in the column will be moved to the previous column.,Je i sigurt që dëshiron ta fshish kolonën? Të gjitha fushat në kolonë do të zhvendosen në kolonën e mëparshme.
Are you sure you want to delete the section? All the columns along with fields in the section will be moved to the previous section.,Je i sigurt që dëshiron ta fshish seksionin? Të gjitha kolonat së bashku me fushat në seksion do të zhvendosen në seksionin e mëparshëm.
Are you sure you want to delete the tab? All the sections along with fields in the tab will be moved to the previous tab.,Je i sigurt që dëshiron ta fshish skedën? Të gjitha seksionet së bashku me fushat në skedën do të zhvendosen në skedën e mëparshme.
Are you sure you want to delete this Item?,Je i sigurt që dëshiron ta fshish këtë artikull?
Are you sure you want to delete this record?,Je i sigurt që dëshiron ta fshish këtë regjistrim?
Are you sure you want to delete {0}?<p>This action will also delete all associated Common Code documents.</p>,A jeni i sigurt që doni të fshini {0}?<p>Ky veprim do të fshijë gjithashtu të gjitha dokumentet e lidhura me Kodin e Përbashkët.</p>
Are you sure you want to discard the changes?,Je i sigurt që dëshiron t'i heqësh qafe ndryshimet?
Are you sure you want to proceed?,Je i sigurt që dëshiron të vazhdosh?
Are you sure you want to re-enable scheduler?,Je i sigurt që dëshiron ta riaktivizosh planifikuesin?
Are you sure you want to remove all failed jobs?,A jeni i sigurt që doni të hiqni të gjitha punët e dështuara?
Are you sure you want to remove the {0} filter?,A jeni i sigurt që doni ta hiqni filtrin {0}?
Are you sure you want to restart this subscription?,Je i sigurt që dëshiron ta rinisësh këtë abonim?
Are you sure you want to send this newsletter now?,A jeni i sigurt që doni ta dërgoni këtë buletin tani?
Arguments,Argumentet
As document sharing is disabled,Meqenëse ndarja e dokumenteve është çaktivizuar
As on Date,Siç është data
As per your request,Sipas kërkesës suaj
As there are existing submitted transactions against item {0},Meqenëse ka transaksione ekzistuese të paraqitura kundër artikullit {0}
As there are negative stock,Meqenëse ka stoqe negative
As there are reserved stock,Meqenëse ka stok të rezervuar
As there are sufficient Sub Assembly Items,Meqenëse ka mjaftueshëm artikuj të nën-montimit
As {0} is enabled,Meqenëse {0} është aktivizuar
Assembly Items,Artikuj montimi
Asset Activity,Aktiviteti i Aseteve
Asset Capitalization,Kapitalizimi i Aseteve
Asset Capitalization Asset Item,Zëri i Pasurisë së Kapitalizimit të Pasurive
Asset Capitalization Service Item,Artikulli i Shërbimit të Kapitalizimit të Aseteve
Asset Capitalization Stock Item,Kapitalizimi i Aseteve Artikulli i Stokut
Asset Depreciation Details,Detajet e Amortizimit të Aseteve
Asset Depreciation Schedule,Orari i Amortizimit të Aseteve
Asset Depreciation Schedule for Asset {0} and Finance Book {1} is not using shift based depreciation,Skema e Amortizimit të Aseteve për Asetin {0} dhe Librin Financiar {1} nuk përdor amortizim të bazuar në ndërrime
Asset Depreciation Schedule not found for Asset {0} and Finance Book {1},Nuk u gjet tabela e amortizimit të aseteve për asetin {0} dhe librin financiar {1}
Asset Depreciation Schedule {0} for Asset {1} already exists.,Skema e Zhvlerësimit të Aseteve {0} për Asetin {1} ekziston tashmë.
Asset Depreciation Schedule {0} for Asset {1} and Finance Book {2} already exists.,Tabela e Amortizimit të Aseteve {0} për Asetin {1} dhe Librin Financiar {2} ekziston tashmë.
Asset Depreciation Schedules created:<br>{0}<br><br>Please check,Grafikët e Amortizimit të Aseteve u krijuan:<br>{0}<br><br>Ju lutem kontrolloni
Asset ID,ID e Asetit
Asset Quantity,Sasia e aseteve
Asset Repair Consumed Item,"Riparimi i Aseteve, Artikull i Konsumuar"
Asset Settings,Cilësimet e Aseteve
Asset Shift Allocation,Ndarja e Zhvendosjes së Aseteve
Asset Shift Factor,Faktori i Zhvendosjes së Aseteve
Asset Shift Factor {0} is set as default currently. Please change it first.,Faktori i Zhvendosjes së Aseteve {0} është vendosur aktualisht si parazgjedhje. Ju lutemi ndryshojeni më parë.
Asset cancelled,Aseti u anulua
Asset cannot be scrapped before the last depreciation entry.,Aseti nuk mund të hiqet para hyrjes së fundit të amortizimit.
Asset capitalized after Asset Capitalization {0} was submitted,Aseti u kapitalizua pasi u dorëzua Kapitalizimi i Asetit {0}
Asset created,Aseti u krijua
Asset created after Asset Capitalization {0} was submitted,Aseti u krijua pasi u dorëzua Kapitalizimi i Asetit {0}
Asset created after being split from Asset {0},Aseti u krijua pasi u nda nga Aseti {0}
Asset deleted,Aseti u fshi
Asset issued to Employee {0},Aseti i lëshuar Punonjësit {0}
Asset out of order due to Asset Repair {0},Aseti jashtë funksionit për shkak të riparimit të aseteve {0}
Asset received at Location {0} and issued to Employee {1},Aseti u mor në Vendndodhjen {0} dhe iu dha Punonjësit {1}
Asset restored,Aseti u restaurua
Asset restored after Asset Capitalization {0} was cancelled,Aseti u rikthye pasi Kapitalizimi i Asetit {0} u anulua
Asset returned,Aseti i kthyer
Asset scrapped,Aseti u hoq
Asset sold,Aseti i shitur
Asset submitted,Pasuria u dorëzua
Asset transferred to Location {0},Aseti u transferua në Vendndodhjen {0}
Asset updated after being split into Asset {0},Aseti u përditësua pasi u nda në Aset {0}
Asset updated after cancellation of Asset Repair {0},Aseti u përditësua pas anulimit të Riparimit të Asetit {0}
Asset updated after completion of Asset Repair {0},Aseti u përditësua pas përfundimit të Riparimit të Asetit {0}
Asset {0} does not belong to Item {1},Aseti {0} nuk i përket Artikullit {1}
Asset {0} does not belong to the custodian {1},Aseti {0} nuk i përket kujdestarit {1}
Asset {0} does not belong to the location {1},Aseti {0} nuk i përket vendndodhjes {1}
Asset {0} does not exist,Aseti {0} nuk ekziston
Asset {0} has been created. Please set the depreciation details if any and submit it.,Aseti {0} është krijuar. Ju lutemi vendosni detajet e amortizimit nëse ka dhe dorëzojeni atë.
Asset {0} has been updated. Please set the depreciation details if any and submit it.,Aseti {0} është përditësuar. Ju lutemi vendosni detajet e amortizimit nëse ka dhe dorëzojeni atë.
Asset {0} is in {1} status and cannot be repaired.,Aseti {0} është në statusin {1} dhe nuk mund të riparohet.
Asset {0} is not set to calculate depreciation.,Aseti {0} nuk është caktuar për të llogaritur amortizimin.
Asset {0} is not submitted. Please submit the asset before proceeding.,Aseti {0} nuk është dorëzuar. Ju lutemi dorëzoni asetin përpara se të vazhdoni.
Asset's depreciation schedule updated after Asset Shift Allocation {0},Grafiku i amortizimit të aseteve u përditësua pas Alokimit të Zhvendosjes së Aseteve {0}
Asset's value adjusted after cancellation of Asset Value Adjustment {0},Vlera e aseteve e rregulluar pas anulimit të Rregullimit të Vlerës së Aseteve {0}
Asset's value adjusted after submission of Asset Value Adjustment {0},Vlera e aseteve e rregulluar pas dorëzimit të Rregullimit të Vlerës së Aseteve {0}
Asset{is_plural} {assets_link} created for {item_code},Aseti{is_plural} {assets_link} u krijua për {item_code}
Assign Job to Employee,Caktoni një punë punonjësit
Assign To User Group,Cakto Grupin e Përdoruesve
Assign a user,Cakto një përdorues
Assigning...,Duke caktuar...
Assignment Conditions,Kushtet e Caktimit
Assignment Rule is not allowed on document type {0},Rregulli i Caktimit nuk lejohet në llojin e dokumentit {0}
Assignment of {0} removed by {1},Caktimi i {0} u hoq nga {1}
At Row #{0}: The picked quantity {1} for the item {2} is greater than available stock {3} for the batch {4} in the warehouse {5}. Please restock the item.,Në rreshtin #{0}: Sasia e zgjedhur {1} për artikullin {2} është më e madhe se stoku i disponueshëm {3} për serinë {4} në depo {5}. Ju lutemi rimbushni artikullin.
At Row #{0}: The picked quantity {1} for the item {2} is greater than available stock {3} in the warehouse {4}.,Në rreshtin #{0}: Sasia e zgjedhur {1} për artikullin {2} është më e madhe se stoku i disponueshëm {3} në depo {4}.
At least one account with exchange gain or loss is required,Kërkohet të paktën një llogari me fitim ose humbje nga këmbimi
At least one column is required to show in the grid.,Të paktën një kolonë është e nevojshme të shfaqet në rrjetë.
At row #{0}: the Difference Account must not be a Stock type account,Në rreshtin #{0}: Llogaria e Diferencës nuk duhet të jetë një llogari e tipit Aksion
At row #{0}: you have selected the Difference Account {1},Në rreshtin #{0}: ju keni zgjedhur Llogarinë e Diferencës {1}
At row {0}: Batch No is mandatory for Item {1},Në rreshtin {0}: Numri i serisë është i detyrueshëm për artikullin {1}
At row {0}: Parent Row No cannot be set for item {1},Në rreshtin {0}: Numri i rreshtit prind nuk mund të caktohet për artikullin {1}
At row {0}: Qty is mandatory for the batch {1},Në rreshtin {0}: Sasia është e detyrueshme për serinë {1}
At row {0}: Serial No is mandatory for Item {1},Në rreshtin {0}: Numri serial është i detyrueshëm për artikullin {1}
At row {0}: Serial and Batch Bundle {1} has already created. Please remove the values from the serial no or batch no fields.,Në rreshtin {0}: Numri serial dhe grupi i paketave {1} janë krijuar tashmë. Ju lutemi hiqni vlerat nga fushat numri serial ose numri i grupit.
At row {0}: set Parent Row No for item {1},Në rreshtin {0}: caktoni numrin e rreshtit prind për artikullin {1}
Atleast one field is required in Web Form Fields Table,Të paktën një fushë kërkohet në Tabelën e Fushave të Formularit Web
Attach CSV File,Bashkëngjit skedarin CSV
Attach Package,Bashkangjit paketën
Attached To Name must be a string or an integer,Bashkangjitur me Emrin duhet të jetë një varg ose një numër i plotë
Attachment Limit Reached,U arrit limiti i bashkëngjitjeve
Attendance & Leaves,Pjesëmarrja dhe Largimet
Attribute value: {0} must appear only once,Vlera e atributit: {0} duhet të shfaqet vetëm një herë
Audience,Audienca
Audit System Hooks,Grepat e Sistemit të Auditimit
Audit Trail,Gjurmët e Auditimit
Auth URL data should be valid JSON,Të dhënat e URL-së së autorizimit duhet të jenë JSON të vlefshme
Authenticate as Service Principal,Autentifikohu si Kryesor i Shërbimit
Authorization URI,URI i autorizimit
Authorization error for {}.,Gabim autorizimi për {}.
Authorize API Access,Autorizoni qasjen në API
Auto Create Exchange Rate Revaluation,Krijo Automatikisht Rivlerësimin e Kursit të Këmbimit
Auto Create Purchase Receipt,Krijo Automatikisht Faturën e Blerjes
Auto Create Serial and Batch Bundle For Outward,Krijo Automatikisht Serial dhe Batch Bundle për Outward
Auto Create Subcontracting Order,Krijo Automatikisht Urdhërin e Nënkontraktimit
Auto Created Serial and Batch Bundle,Pako serialesh dhe grupesh të krijuara automatikisht
Auto Creation of Contact,Krijimi Automatik i Kontaktit
Auto Fetch Serial Numbers,Numrat serialë të Marrjes Automatike
Auto Insert Item Price If Missing,Vendos automatikisht çmimin e artikullit nëse mungon
Auto Reconcile,Pajtim automatik
Auto Reconcile Payments,Pajtimi Automatik i Pagesave
Auto Reconciliation,Pajtimi Automatik
Auto Reconciliation Job Trigger,Aktivizuesi i Punës së Pajtimit Automatik
Auto Reconciliation has started in the background,Pajtimi Automatik ka filluar në sfond
Auto Reconciliation of Payments has been disabled. Enable it through {0},Pajtimi Automatik i Pagesave është çaktivizuar. Aktivizojeni atë nëpërmjet {0}
Auto Repeat Day,Dita e Përsëritjes Automatike
Auto Repeat Day{0} {1} has been repeated.,Dita e Përsëritjes Automatike{0} {1} është përsëritur.
Auto Repeat Schedule,Planifikimi i përsëritjes automatike
Auto Reply,Përgjigje automatike
Auto Reserve Serial and Batch Nos,Nr. serial dhe serial i rezervës automatike
Auto Reserve Stock for Sales Order on Purchase,Rezervim Automatik i Stokut për Porositë e Shitjes në Blerje
Auto Tax Settings Error,Gabim në Cilësimet Automatike të Taksave
Auto close Opportunity Replied after the no. of days mentioned above,Mundësia e mbylljes automatike u përgjigj pas numrit të ditëve të përmendura më sipër
Auto follow documents that are assigned to you,Ndiqni automatikisht dokumentet që ju janë caktuar
Auto follow documents that are shared with you,Ndiqni automatikisht dokumentet që ndahen me ju
Auto follow documents that you Like,Ndiqni automatikisht dokumentet që ju pëlqejnë
Auto follow documents that you comment on,Ndiq automatikisht dokumentet mbi të cilat komenton
Auto follow documents that you create,Ndiqni automatikisht dokumentet që krijoni
Auto match and set the Party in Bank Transactions,Përputh automatikisht dhe cakto palën në transaksionet bankare
Auto repeat failed. Please enable auto repeat after fixing the issues.,Përsëritja automatike dështoi. Ju lutemi aktivizoni përsëritjen automatike pasi të keni rregulluar problemet.
Auto write off precision loss while consolidation,Humbje precize e shkrimit automatik gjatë konsolidimit
Autocomplete,Plotësim automatik
Autoincrement,Autoinkrementim
Automated Message,Mesazh i Automatizuar
Automatic,Automatik
Automatically Add Filtered Item To Cart,Shto automatikisht artikullin e filtruar në shportë
Automatically Add Taxes from Taxes and Charges Template,Shto automatikisht taksat nga shablloni i taksave dhe tarifave
Automatically Fetch Payment Terms from Order,Merrni automatikisht kushtet e pagesës nga porosia
Automatically applied a filter for recent data. You can disable this behavior from the list view settings.,U aplikua automatikisht një filtër për të dhënat e fundit. Mund ta çaktivizoni këtë sjellje nga cilësimet e pamjes së listës.
Automatically delete account within (hours),Fshi automatikisht llogarinë brenda (orëve)
Automatically post balancing accounting entry,Postoni automatikisht hyrjen e kontabilitetit për balancimin
Available Batch Report,Raporti i Grupit të Disponueshëm
Available Qty For Consumption,Sasia e disponueshme për konsum
Available Qty at Company,Sasia e disponueshme në kompani
Available Qty at Target Warehouse,Sasia e disponueshme në Target Warehouse
Available Qty to Reserve,Sasia e disponueshme për rezervim
Available Serial No,Numri serial i disponueshëm
Average Completion,Përfundimi mesatar
Avg Rate,Norma Mesatare
Avg Rate (Balance Stock),Norma Mesatare (Stoku i Bilancit)
Awesome Work,Punë e mrekullueshme
Awesome,I mrekullueshëm
B,B
B0,B0
B1,B1
B10,B10
B2,B2
B3,B3
B4,B4
B5,B5
B6,B6
B7,B7
B8,B8
B9,B9
BFS,BFS
BIN Qty,Sasia e koshit
BOM Created,BOM i krijuar
BOM Creator,Krijuesi i BOM-it
BOM Creator Item,Artikull i Krijuesit BOM
BOM Info,Informacion mbi BOM-in
BOM Level,Niveli BOM
BOM Tree,Pema BOM
BOM UoM,BOM UoM
BOM Update Batch,Grupi i Përditësimeve të BOM-it
BOM Update Initiated,Përditësimi i BOM-it u iniciua
BOM Update Log,Regjistri i Përditësimeve të BOM-it
BOM Update Tool Log with job status maintained,Regjistri i Mjetit të Përditësimit të BOM-it me statusin e punës të mirëmbajtur
BOM Updation already in progress. Please wait until {0} is complete.,Përditësimi i BOM është tashmë në proces. Ju lutemi prisni derisa të përfundojë {0}.
BOM Updation is queued and may take a few minutes. Check {0} for progress.,Përditësimi i BOM është në radhë dhe mund të zgjasë disa minuta. Kontrolloni {0} për progresin.
BOM and Production,BOM dhe Prodhimi
BOM recursion: {1} cannot be parent or child of {0},Rekursioni BOM: {1} nuk mund të jetë prind ose fëmijë i {0}
BOMs Updated,BOM-et e përditësuara
BOMs created successfully,BOM-et u krijuan me sukses
BOMs creation failed,Krijimi i BOM-eve dështoi
BOMs creation has been enqueued,Krijimi i BOM-eve është vënë në radhë
BUDGET-.YYYY.-,BUXHETI-.YYYY.-
Back,Mbrapa
Background Image,Imazh sfondi
Background Jobs Check,Kontroll i Punës së Përparshme
Background Jobs Queue,Radha e Punëve në Sfond
Background Print (required for >25 documents),Printim në Sfond (i detyrueshëm për >25 dokumente)
Backing up Data.,Krijimi i kopjeve rezervë të të dhënave.
Backup Encryption Key,Çelësi i Enkriptimit Rezervë
Backup Path,Shtegu i Rezervës
Backups (MB),Kopje rezervë (MB)
Bad Cron Expression,Shprehje e gabuar Cron
Balance Qty (Stock),Sasia e Bilancit (Stoku)
Balance Sheet Summary,Përmbledhje e Bilancit
Balance Stock Value,Vlera e aksioneve të bilancit
Bank Account {} in Bank Transaction {} is not matching with Bank Account {},Llogaria bankare {} në transaksionin bankar {} nuk përputhet me llogarinë bankare {}
Bank Reconciliation Tool,Mjeti i Pajtimit Bankar
Bank Statement Import,Importimi i Pasqyrës Bankare
Bank Transaction {0} Matched,Transaksioni bankar {0} u përputh
Bank Transaction {0} added as Journal Entry,Transaksioni Bankar {0} u shtua si Regjistrim në Ditar
Bank Transaction {0} added as Payment Entry,Transaksioni bankar {0} u shtua si Hyrje Pagese
Bank Transaction {0} is already fully reconciled,Transaksioni bankar {0} është tashmë plotësisht i pajtuar
Bank Transaction {0} updated,Transaksioni bankar {0} u përditësua
Bank/Cash Account,Llogari Bankare/Parash
Bank/Cash Account {0} doesn't belong to company {1},Llogaria Bankare/Parash {0} nuk i përket kompanisë {1}
Banker's Rounding,Rrumbullakimi i Bankierit
Banker's Rounding (legacy),Rrumbullakimi i Bankierit (trashëgimi)
Base Amount,Shuma Bazë
Base Cost Per Unit,Kosto Bazë për Njësi
Base Rate,Norma bazë
Base Tax Withholding Net Total,Totali Neto i Mbajtjes në Burim të Taksave Bazë
Base Total,Totali Bazë
Base Total Billable Amount,Shuma bazë totale e faturueshme
Base Total Billed Amount,Shuma Bazë Totale e Faturuar
Base Total Costing Amount,Shuma Bazë Totale e Kostos
Based On Value,Bazuar në Vlerë
Based on your HR Policy,Bazuar në Politikën tuaj të Burimeve Njerëzore
Based on your HR Policy,Bazuar në Politikën tuaj të Burimeve Njerëzore
Basic Info,Informacion bazë
Batch Expiry Date,Data e Skadimit të Serisë
Batch No is mandatory,Numri i serisë është i detyrueshëm
Batch No {0} does not exists,Numri i grupit {0} nuk ekziston
Batch No {0} is linked with Item {1} which has serial no. Please scan serial no instead.,Numri i serisë {0} është i lidhur me artikullin {1} i cili ka numër serial. Ju lutemi skanoni numrin serial në vend të kësaj.
Batch No {0} is not present in the original {1} {2},Numri i grupit {0} nuk është i pranishëm në {1} {2} origjinal
Batch No.,Numri i serisë
Batch Nos,Nr. i serisë
Batch Nos are created successfully,Numrat e grupeve u krijuan me sukses
Batch Not Available for Return,Grupi nuk është i disponueshëm për kthim
Batch Qty,Sasia e serisë
Batch Qty updated to {0},Sasia e serisë u përditësua në {0}
Batch and Serial No,Numri i serisë dhe numri serial
Batch not created for item {} since it does not have a batch series.,Grupi nuk u krijua për artikullin {} pasi nuk ka një seri grupi.
Batch {0} and Warehouse,Grupi {0} dhe Magazina
Batch {0} is not available in warehouse {1},Grupi {0} nuk është i disponueshëm në depo {1}
Batchwise Valuation,Vlerësimi sipas grupeve
Before,Para
Before Print,Para Printimit
Before Rename,Para Riemërtimit
Before Validate,Para Validimit
Beginning of the current subscription period,Fillimi i periudhës aktuale të abonimit
Below Subscription Plans are of different currency to the party default billing currency/Company currency: {0},Planet e Abonimit më poshtë janë në monedhë të ndryshme nga monedha e faturimit të parazgjedhur e palës/monedha e Kompanisë: {0}
Bill for Rejected Quantity in Purchase Invoice,Faturë për Sasinë e Refuzuar në Faturën e Blerjes
Billed Items To Be Received,Artikuj të faturuar që do të merren
Billed,Faturuar
Billing Address Details,Detajet e Adresës së Faturimit
Billing Address does not belong to the {0},Adresa e faturimit nuk i përket {0}
Billing Contact,Kontakti i Faturimit
Billing Interval in Subscription Plan must be Month to follow calendar months,Intervali i faturimit në Planin e Abonimit duhet të jetë Muaj që ndjek muajt kalendarikë.
Bin Qty Recalculated,Sasia e koshit u rillogarit
Binary Logging,Regjistrimi Binar
Bisect Accounting Statements,Ndani pasqyrat kontabël në dy pjesë
Bisect Left,Prit majtas
Bisect Nodes,Nyjet e përgjysmuara
Bisect Right,Prit djathtas
Bisecting From,Duke ndarë nga
Bisecting Left ...,Duke ndarë të majtën në dy pjesë...
Bisecting Right ...,Duke ndarë djathtas...
Bisecting To,Duke ndarë në dy pjesë
Blanket Order Allowance (%),Pagesa e Porosisë së Batanijes (%)
Bom No,Nr. i lindjes
Book Advance Payments as Liability option is chosen. Paid From account changed from {0} to {1}.,"Është zgjedhur opsioni ""Rezervo pagesat paraprake si detyrim"". Llogaria ""Paguar nga"" ndryshoi nga {0} në {1}."
Book Advance Payments in Separate Party Account,Rezervoni pagesat paraprake në një llogari të veçantë të palës
Book Tax Loss on Early Payment Discount,Zbritje për humbjen e taksave në pagesën e hershme
Book an appointment,Rezervoni një takim
Booking stock value across multiple accounts will make it harder to track stock and account value.,Rezervimi i vlerës së aksioneve në llogari të shumta do ta bëjë më të vështirë gjurmimin e vlerës së aksioneve dhe të llogarisë.
Books have been closed till the period ending on {0},Librat janë mbyllur deri në periudhën që përfundon më {0}
Both Payable Account: {0} and Advance Account: {1} must be of same currency for company: {2},Si Llogaria e Pagueshme: {0} ashtu edhe Llogaria e Paradhënies: {1} duhet të jenë të së njëjtës monedhë për kompaninë: {2}
Both Receivable Account: {0} and Advance Account: {1} must be of same currency for company: {2},Si Llogaria e Pranueshme: {0} ashtu edhe Llogaria e Paradhënies: {1} duhet të jenë të së njëjtës monedhë për kompaninë: {2}
Both {0} Account: {1} and Advance Account: {2} must be of same currency for company: {3},Si llogaria {0}: {1} ashtu edhe llogaria paraprake: {2} duhet të jenë të së njëjtës monedhë për kompaninë: {3}
Bottom Center,Qendra e poshtme
Bottom Left,Poshtë majtas
Bottom Right,Poshtë Djathtas
Brand Logo,Logoja e markës
Browse by category,Shfleto sipas kategorisë
Bucket {0} not found.,Kova {0} nuk u gjet.
Budget Exceeded,Buxheti u tejkalua
Buffered Cursor,Kursor i buferuar
Bufferpool Size,Madhësia e Bufferpool
Build All?,Ndërto të gjitha?
Build Tree,Ndërto Pemën
Build {0},Ndërto {0}
Buildable Qty,Sasia e Ndërtueshme
Built on {0},Ndërtuar në {0}
Bulk Actions,Veprime në masë
Bulk Edit,Redaktim në masë
Bulk Operation Failed,Operacioni masiv dështoi
Bulk Operation Successful,Operacioni masiv i suksesshëm
Bulk PDF Export,Eksportim në masë i PDF-ve
Bulk Rename Jobs,Riemërtoni Punët në Masë
Bulk Transaction,Transaksion me shumicë
Bulk Transaction Log,Regjistri i transaksioneve me shumicë
Bulk Transaction Log Detail,Detajet e Regjistrit të Transaksioneve me Shumicë
Bulk approval only support up to 500 documents.,Miratimi në masë mbështet vetëm deri në 500 dokumente.
Bulk operation is enqueued in background.,Operacioni masiv është në radhë në sfond.
Bulk operations only support up to 500 documents.,Operacionet me shumicë mbështesin vetëm deri në 500 dokumente.
Bulk {0} is enqueued in background.,{0} Në masë është vendosur në radhë në sfond.
Bundle Items,Artikuj në Pako
Buying & Selling Settings,Cilësimet e Blerjes dhe Shitjes
Buying and Selling,Blerje dhe Shitje
"By ""Naming Series"" field","Sipas fushës ""Emërtimi i Serive"""
By default,Si parazgjedhje
By default,Si parazgjedhje
By fieldname,Sipas emrit të fushës
By script,Sipas skenarit
Bypass credit check at Sales Order,Anashkaloni kontrollin e kreditit në porosinë e shitjes
C5E,C5E
CBAL-.#####,CBAL-.#####
CMD,CMD
CODE-39,KODI-39
COGS By Item Group,COGS sipas grupit të artikujve
COGS Debit,Debiti COGS
COLOR PICKER,ZGJEDHËS NGJYRASH
CRM Note,Shënim CRM
CRM Settings,Cilësimet e CRM-së
CSS selector for the element you want to highlight.,Përzgjedhësi CSS për elementin që dëshironi të theksoni.
Cache,Memoria e përkohshme
Calculate Ageing With,Llogaritni plakjen me
Calculate Product Bundle Price based on Child Items' Rates,Llogaritni Çmimin e Pakos së Produkteve bazuar në Tarifat e Artikujve të Vegjël
Calculate daily depreciation using total days in depreciation period,Llogarit amortizimin ditor duke përdorur totalin e ditëve në periudhën e amortizimit
Calculated Discount Mismatch,Mospërputhja e Zbritjes së Llogaritur
Call Again,Telefono përsëri
Call Ended,Thirrja përfundoi
Call Handling Schedule,Orari i Trajtimit të Thirrjeve
Call Received By,Thirrje e marrë nga
Call Receiving Device,Pajisja që merr thirrjet
Call Routing,Rrugëzimi i thirrjeve
Call Schedule Row {0}: To time slot should always be ahead of From time slot.,"Rreshti i Orarit të Thirrjeve {0}: Intervali kohor ""Përpara"" duhet të jetë gjithmonë përpara intervalit kohor ""Nga""."
Call Type,Lloji i thirrjes
Call to Action,Thirrje për Veprim
Callback,Thirrje kthyese
Campaign Description (Optional),Përshkrimi i Fushatës (Opsionale)
Campaign Item,Artikull i fushatës
Can Submit,Mund të dërgohet
Can not close Work Order. Since {0} Job Cards are in Work In Progress state.,Nuk mund ta mbyllë Urdhrin e Punës. Meqenëse {0} Kartat e Punës janë në gjendjen Punë në Progres.
Can not filter based on Child Account,Nuk mund të filtrohet bazuar në Llogarinë e Fëmijës
Can not rename as column {0} is already present on DocType.,Nuk mund të riemërtohet pasi kolona {0} është tashmë e pranishme në DocType.
Can only change to/from Autoincrement naming rule when there is no data in the doctype,Mund të ndryshohet nga/në rregullin e emërtimit të rritjes automatike vetëm kur nuk ka të dhëna në llojin e dokumentit
Can only list down the document types which has been linked to the User document type.,Mund të listohen vetëm llojet e dokumenteve që janë lidhur me llojin e dokumentit të Përdoruesit.
Can't change the valuation method,Nuk mund të ndryshoj metodën e vlerësimit
Can't rename {0} to {1} because {0} doesn't exist.,Nuk mund ta riemërtoj {0} në {1} sepse {0} nuk ekziston.
Cancel All,Anulo të gjitha
Cancel Scheduling,Anulo Planifikimin
Cannot Create Return,Nuk mund të krijohet kthim
Cannot Download Report due to insufficient permissions,Nuk mund të shkarkohet raporti për shkak të lejeve të pamjaftueshme
Cannot Fetch Values,Nuk mund të marrë vlerat
Cannot Merge,Nuk mund të bashkohet
Cannot Resubmit Ledger entries for vouchers in Closed fiscal year.,Nuk mund të ridorëzohen regjistrimet në Librin e Llogarive për kuponët në vitin fiskal të mbyllur.
Cannot Update After Submit,Nuk mund të përditësohet pas dërgimit
Cannot access file path {0},Nuk mund të hyj në shtegun e skedarit {0}
Cannot amend {0} {1},Nuk mund të ndryshohet {0} {1}
Cannot apply TDS against multiple parties in one entry,Nuk mund të aplikohet TDS kundër palëve të shumta në një hyrje të vetme
Cannot cancel Asset Depreciation Schedule {0} as it has a draft journal entry {1}.,Nuk mund të anulohet Plani i Amortizimit të Aseteve {0} pasi ka një hyrje në ditar draft {1}.
Cannot cancel as processing of cancelled documents is pending.,Nuk mund të anulohet pasi përpunimi i dokumenteve të anuluara është në pritje.
Cannot cancel before submitting while transitioning from <b>{0} State</b> to <b>{1} State</b>,Nuk mund të anulohet para dorëzimit gjatë kalimit nga <b>{0} Shteti</b> në <b>{1} Shteti</b>
Cannot cancel the transaction. Reposting of item valuation on submission is not completed yet.,Transaksioni nuk mund të anulohet. Ripostimi i vlerësimit të artikullit pas dorëzimit nuk ka përfunduar ende.
Cannot cancel {0}.,Nuk mund të anulohet {0}.
Cannot change Reference Document Type.,Nuk mund të ndryshohet Lloji i Dokumentit të Referencës.
Cannot change docstatus from 0 (Draft) to 2 (Cancelled),Nuk mund të ndryshoj statusin e dokumentit nga 0 (Draft) në 2 (I anuluar)
Cannot change docstatus from 1 (Submitted) to 0 (Draft),Nuk mund të ndryshohet statusi i dokumentit nga 1 (I dorëzuar) në 0 (Draft)
Cannot change state of Cancelled Document <b>({0} State)</b>,Nuk mund të ndryshohet gjendja e Dokumentit të Anuluar <b>({0} Gjendja)</b>
Cannot change to/from autoincrement autoname in Customize Form,Nuk mund të ndryshohet në/nga emri automatik i rritjes automatike në Formularin e Përshtatjes
Cannot complete task {0} as its dependant task {1} are not completed / cancelled.,Detyra {0} nuk mund të përfundohet pasi detyrat e varura prej saj {1} nuk janë përfunduar/anuluar.
Cannot convert Task to non-group because the following child Tasks exist: {0}.,Nuk mund ta konvertoj Task-in në jo-grup sepse ekzistojnë Detyrat e mëposhtme të degëzuara: {0}.
Cannot convert to Group because Account Type is selected.,Nuk mund të konvertohet në Grup sepse është zgjedhur Lloji i Llogarisë.
Cannot create Stock Reservation Entries for future dated Purchase Receipts.,Nuk mund të krijohen Hyrje të Rezervimit të Stokut për Fatura Blerjeje me datë të ardhshme.
Cannot create a pick list for Sales Order {0} because it has reserved stock. Please unreserve the stock in order to create a pick list.,Nuk mund të krijohet një listë përzgjedhjeje për Porosinë e Shitjes {0} sepse ka rezervuar stok. Ju lutemi çrezervoni stokun për të krijuar një listë përzgjedhjeje.
Cannot create accounting entries against disabled accounts: {0},Nuk mund të krijohen hyrje kontabël për llogaritë e çaktivizuara: {0}
Cannot create private workspace of other users,Nuk mund të krijohet hapësirë ​​pune private për përdorues të tjerë
Cannot create return for consolidated invoice {0}.,Nuk mund të krijohet kthim për faturën e konsoliduar {0}.
Cannot delete Exchange Gain/Loss row,Nuk mund të fshihet rreshti i Fitimit/Humbjes së Shkëmbimit
Cannot delete private workspace of other users,Nuk mund të fshihet hapësira private e punës e përdoruesve të tjerë
Cannot delete public workspace without Workspace Manager role,Nuk mund të fshihet hapësira publike e punës pa rolin e Menaxherit të Hapësirës së Punës
Cannot delete standard document state.,Nuk mund të fshihet gjendja standarde e dokumentit.
Cannot delete standard field <strong>{0}</strong>. You can hide it instead.,Nuk mund ta fshish fushën standarde <strong>{0}</strong>. Mund ta fshehësh atë.
Cannot delete system generated field <strong>{0}</strong>. You can hide it instead.,Nuk mund ta fshish fushën e gjeneruar nga sistemi <strong>{0}</strong>. Mund ta fshehësh atë.
Cannot disassemble more than produced quantity.,Nuk mund të çmontohet më shumë se sasia e prodhuar.
Cannot edit Standard Dashboards,Nuk mund të modifikohen Panelet Standarde të Kontrollit
Cannot edit Standard charts,Nuk mund të modifikohen grafikët standardë
Cannot edit filters for standard number cards,Nuk mund të modifikohen filtrat për kartat standarde të numrave
Cannot enable {0} for a non-submittable doctype,Nuk mund të aktivizohet {0} për një lloj dokumenti që nuk mund të dorëzohet
Cannot enqueue multi docs for one company. {0} is already queued/running for company: {1},Nuk mund të vendosen në radhë dokumente të shumëfishta për një kompani. {0} është tashmë në radhë/në ekzekutim për kompaninë: {1}
Cannot find Item or Warehouse with this Barcode,Nuk mund të gjej artikullin ose magazinën me këtë barkod
Cannot find a default warehouse for item {0}. Please set one in the Item Master or in Stock Settings.,Nuk mund të gjendet një depo e parazgjedhur për artikullin {0}. Ju lutemi vendosni një në regjistrin kryesor të artikujve ose në cilësimet e stokut.
Cannot find file {} on disk,Nuk mund të gjendet skedari {} në disk
Cannot get file contents of a Folder,Nuk mund të marr përmbajtjen e skedarit të një dosjeje
Cannot import table with more than 5000 rows.,Nuk mund të importohet një tabelë me më shumë se 5000 rreshta.
Cannot make any transactions until the deletion job is completed,Nuk mund të kryhen transaksione derisa të përfundojë puna e fshirjes
Cannot map because following condition fails:,Nuk mund të hartëzohet sepse kushti i mëposhtëm nuk funksionon:
Cannot produce more item for {0},Nuk mund të prodhohet më shumë artikull për {0}
Cannot produce more than {0} items for {1},Nuk mund të prodhohen më shumë se {0} artikuj për {1}
Cannot receive from customer against negative outstanding,Nuk mund të marr nga klienti kundrejt pagimit negativ
Cannot retrieve link token for update. Check Error Log for more information,Nuk mund të gjej tokenin e lidhjes për përditësim. Kontrolloni Regjistrin e Gabimeve për më shumë informacion.
Cannot retrieve link token. Check Error Log for more information,Nuk mund të rikuperohet tokeni i lidhjes. Kontrolloni Regjistrin e Gabimeve për më shumë informacion.
Cannot set 'Report' permission if 'Only If Creator' permission is set,Nuk mund të caktohet leja 'Raporto' nëse është caktuar leja 'Vetëm nëse Krijuesi'
Cannot set Notification with event {0} on Document Type {1},Nuk mund të caktohet Njoftim me ngjarjen {0} në Llojin e Dokumentit {1}
Cannot share {0} with submit permission as the doctype {1} is not submittable,Nuk mund të ndahet {0} me leje dërgimi pasi tipi i dokumentit {1} nuk mund të dërgohet
Cannot submit {0}.,Nuk mund të dërgohet {0}.
Cannot update private workspace of other users,Nuk mund të përditësohet hapësira private e punës e përdoruesve të tjerë
Cannot use sub-query here.,Nuk mund të përdoret nën-pyetje këtu.
Cannot use {0} in order/group by,Nuk mund të përdoret {0} në renditje/grup sipas
Cannot {0} from {1} without any negative outstanding invoice,Nuk mund të {0} nga {1} pa ndonjë faturë negative të papaguar
Cannot {0} {1}.,Nuk mund të {0} {1}.
Canonical URI,URI kanonik
Capacity (Stock UOM),Kapaciteti (UOM në Stok)
Capacity in Stock UOM,Kapaciteti në Stok UOM
Capacity must be greater than 0,Kapaciteti duhet të jetë më i madh se 0
Capitalization Method,Metoda e Kapitalizimit
Capitalize Asset,Kapitalizimi i aseteve
Capitalize Repair Cost,Kapitalizoni koston e riparimit
Capitalized,Me shkronja të mëdha
Capture,Kap
Card Break,Card Break
Card Links,Lidhjet e Kartave
Carrier,Transportuesi
Carrier Service,Shërbimi i Transportuesit
Carry Forward Communication and Comments,Komunikimi dhe komentet e bartura përpara
Categorize By,Kategorizo ​​sipas
Categorize by,Kategorizo ​​sipas
Categorize by Account,Kategorizo ​​sipas llogarisë
Categorize by Item,Kategorizo ​​sipas artikullit
Categorize by Party,Kategorizo ​​sipas Partisë
Categorize by Supplier,Kategorizo ​​sipas Furnizuesit
Categorize by Voucher,Kategorizo ​​sipas Kuponit
Categorize by Voucher (Consolidated),Kategorizo ​​sipas Kuponit (I Konsoliduar)
Category Details,Detajet e kategorisë
Caution: This might alter frozen accounts.,Kujdes: Kjo mund të ndryshojë llogaritë e ngrira.
Change Image,Ndrysho imazhin
Change Letter Head,Ndrysho Kokën e Shkronjës
Change Print Format,Ndrysho formatin e printimit
Change in Stock Value,Ndryshimi në Vlerën e Aksioneve
Change the starting / current sequence number of an existing series. <br>||||||Warning: Incorrectly updating counters can prevent documents from getting created.,Ndryshoni numrin rendor fillestar / aktual të një serie ekzistuese. <br>||||||Kujdes: Përditësimi i gabuar i numëruesve mund të parandalojë krijimin e dokumenteve.
Changed customer name to '{}' as '{}' already exists.,Emri i klientit u ndryshua në '{}' pasi '{}' ekziston tashmë.
Changelog Feed,Burimi i Ndryshimeve
Changes,Ndryshimet
Changing any setting will reflect on all the email accounts associated with this domain.,Ndryshimi i çdo cilësimi do të reflektohet në të gjitha llogaritë e email-it të lidhura me këtë domen.
Changing rounding method on site with data can result in unexpected behaviour.,Ndryshimi i metodës së rrumbullakosjes në faqe me të dhëna mund të rezultojë në sjellje të papritura.
Changing the valuation method to Moving Average will affect new transactions. If backdated entries are added,Ndryshimi i metodës së vlerësimit në Mesataren Lëvizëse do të ndikojë në transaksionet e reja. Nëse shtohen hyrje të prapavjetra
Charge of type 'Actual' in row {0} cannot be included in Item Rate or Paid Amount,Një tarifë e tipit 'Aktuale' në rreshtin {0} nuk mund të përfshihet në Çmimin e Artikullit ose Shumën e Paguar
Chart Of Accounts,Grafiku i Llogarive
Check broken links,Kontrolloni lidhjet e prishura
Checked On,I regjistruar
Checking broken links...,Duke kontrolluar lidhjet e prishura...
Checking this will round off the tax amount to the nearest integer,"Nëse e kontrolloni këtë, shuma e taksës do të rrumbullakoset në numrin e plotë më të afërt."
Cheques and Deposits Incorrectly cleared,Çekët dhe depozitat e shlyera gabimisht
Child DocTypes are not allowed,Llojet e Dokumenteve të Fëmijëve nuk lejohen
Child Doctype,Doktrina e Fëmijëve
Child Row Reference,Referenca e Rreshtit të Fëmijëve
Child Table {0} for field {1},Tabela e fëmijës {0} për fushën {1}
Choose a WIP composite asset,Zgjidhni një aset të përbërë WIP
Choose a block or continue typing,Zgjidh një bllok ose vazhdo të shkruash
Choose a color,Zgjidh një ngjyrë
Choose an icon,Zgjidhni një ikonë
Clear & Add Template,Pastro dhe shto shabllon
Clear & Add template,Pastro dhe shto shabllonin
Clear All,Pastro të gjitha
Clear Assignment,Fshij Caktimin
Clear Demo Data,Fshi të dhënat demo
Clear Last Scanned Warehouse,Fshij Magazinë e Skanuar të Fundit
Clear Link,Pastro lidhjen
Clear Logs After (days),Fshij regjistrat pas (ditëve)
Clear Notifications,Fshij njoftimet
Clear all filters,Pastro të gjitha filtrat
Clear the email message and add the template,Fshij mesazhin e emailit dhe shto shabllonin
Cleared auto-assigned serial numbers and batch numbers for manual picking,Numrat serialë dhe numrat e serisë të caktuar automatikisht u pastruan për mbledhje manuale
Clearing Demo Data...,Duke pastruar të dhënat demo...
Click below to get started:,Klikoni më poshtë për të filluar:
Click here,Kliko këtu
Click on 'Get Finished Goods for Manufacture' to fetch the items from the above Sales Orders. Items only for which a BOM is present will be fetched.,Klikoni te 'Merrni Mallra të Përfunduara për Prodhim' për të marrë artikujt nga Porositë e Shitjes të mësipërme. Do të merren vetëm artikujt për të cilët është i pranishëm një BOM.
Click on Add to Holidays. This will populate the holidays table with all the dates that fall on the selected weekly off. Repeat the process for populating the dates for all your weekly holidays,Klikoni te Shto te Festat. Kjo do të mbushë tabelën e festave me të gjitha datat që bien në pushimin javor të zgjedhur. Përsëriteni procesin për mbushjen e datave për të gjitha festat tuaja javore.
Click on Get Sales Orders to fetch sales orders based on the above filters.,Klikoni te Merr Porositë e Shitjes për të marrë porositë e shitjes bazuar në filtrat e mësipërm.
Click on the button to log in to {0},Klikoni butonin për t'u identifikuar në {0}
Click this button if you encounter a negative stock error for a serial or batch item. The system will fetch the available serials or batches automatically.,Klikoni këtë buton nëse hasni një gabim negativ në stok për një artikull serial ose grupor. Sistemi do të marrë automatikisht serialet ose grupet e disponueshme.
Click to add email / phone,Kliko për të shtuar email-in / numrin e telefonit
Click to sort by {0},Kliko për të renditur sipas {0}
Client Id,ID e klientit
Client script,Skripti i klientit
Close Replied Opportunity After Days,Mundësi për të mbyllur përgjigjen pas disa ditësh
Close properties,Mbyll vetitë
Closed Work Order can not be stopped or Re-opened,Urdhri i Punës i Mbyllur nuk mund të ndalet ose të rihapet
Closing,Mbyllja
Closing Balance as per Bank Statement,Bilanci Mbyllës sipas Pasqyrës Bankare
Closing Balance as per ERP,Bilanci i Mbylljes sipas ERP-së
Closing Stock Balance,Bilanci i Stokut në Mbyllje
Cmd+Enter to add comment,Cmd+Enter për të shtuar koment
Code Challenge,Sfida e Kodit
Code List,Lista e Kodeve
Code challenge method,Metoda e sfidës së kodit
Collapsible Depends On (JS),Paloset Varet Nga (JS)
Column Width,Gjerësia e kolonës
Column width cannot be zero.,Gjerësia e kolonës nuk mund të jetë zero.
Columns are not according to template. Please compare the uploaded file with standard template,Kolonat nuk janë sipas shabllonit. Ju lutemi krahasoni skedarin e ngarkuar me shabllonin standard.
Comm10E,Comm10E
Comment limit,Limiti i komenteve
Comment limit per hour,Limiti i komenteve për orë
Comment publicity can only be updated by the original author or a System Manager.,Publikimi i komenteve mund të përditësohet vetëm nga autori origjinal ose një Menaxher Sistemi.
Commercial Rounding,Rrumbullakosje Komerciale
Committed,I përkushtuar
Common Code,Kodi i Përbashkët
Communication Channel,Kanali i Komunikimit
Communication secret not set,Sekreti i komunikimit nuk është vendosur
Company Address Display,Shfaqja e Adresës së Kompanisë
Company Billing Address,Adresa e Faturimit të Kompanisë
Company Contact Person,Personi i Kontaktit të Kompanisë
Company Details,Detajet e Kompanisë
Company Shipping Address,Adresa e Transportit të Kompanisë
Company Tax ID,ID e Tatimit të Kompanisë
Company and Posting Date is mandatory,Kompania dhe Data e Postimit janë të detyrueshme
Company is mandatory,Kompania është e detyrueshme
Company is mandatory for generating an invoice. Please set a default company in Global Defaults.,Kompania është e detyrueshme për gjenerimin e një fature. Ju lutemi vendosni një kompani të parazgjedhur në Parazgjedhjet Globale.
Company which internal customer represents,Kompania që përfaqëson klienti i brendshëm
Company which internal customer represents.,Kompania që përfaqëson klienti i brendshëm.
Company which internal supplier represents,Kompania që përfaqëson furnizuesi i brendshëm
Company {0} added multiple times,Kompania {0} u shtua disa herë
Company {0} is added more than once,Kompania {0} është shtuar më shumë se një herë
Company {} does not exist yet. Taxes setup aborted.,Kompania {} nuk ekziston ende. Konfigurimi i taksave u ndërpre.
Company {} does not match with POS Profile Company {},Kompania {} nuk përputhet me Kompaninë e Profilit të POS {}
Compare Versions,Krahaso Versionet
Competitor,Konkurrent
Competitor Detail,Detajet e Konkurrentit
Competitor Name,Emri i Konkurrentit
Competitors,Konkurrentët
Compilation warning,Paralajmërim për kompilim
Complete Job,Përfundo punën
Complete Order,Përfundo porosinë
Completed By Role,Përfunduar nga Roli
Completed By User,Përfunduar nga Përdoruesi
Completed On,Përfunduar më
Completed On cannot be greater than Today,"""Përfunduar më"" nuk mund të jetë më i madh se ""Sot"""
Completed Tasks,Detyrat e Përfunduara
Completed Time,Koha e Përfundimit
Completion Date can not be before Failure Date. Please adjust the dates accordingly.,Data e Përfundimit nuk mund të jetë para Datës së Dështimit. Ju lutemi rregulloni datat në përputhje me rrethanat.
Compressed,I kompresuar
Condition JSON,Kushti JSON
Condition description,Përshkrimi i gjendjes
Conditional Rule,Rregull i kushtëzuar
Conditional Rule Examples,Shembuj të Rregullave të Kushtëzuara
Configure Columns,Konfiguro Kolonat
Configure Product Assembly,Konfiguro Montimin e Produktit
Configure Recorder,Konfiguro Regjistruesin
Configure columns for {0},Konfiguro kolonat për {0}
Configure how amended documents will be named.<br>||||||Default behaviour is to follow an amend counter which adds a number to the end of the original name indicating the amended version. <br>||||||Default Naming will make the amended document to behave same as new documents.,Konfiguroni se si do të emërtohen dokumentet e ndryshuara.<br>||||||Sjellja e parazgjedhur është të ndjekë një numërues ndryshimesh i cili shton një numër në fund të emrit origjinal duke treguar versionin e ndryshuar. <br>||||||Emërtimi i parazgjedhur do ta bëjë dokumentin e ndryshuar të sillet njësoj si dokumentet e reja.
Configure the action to stop the transaction or just warn if the same rate is not maintained.,Konfiguroni veprimin për të ndaluar transaksionin ose thjesht për të paralajmëruar nëse nuk mbahet e njëjta normë.
Configure various aspects of how document naming works like naming series,"Konfiguroni aspekte të ndryshme të mënyrës se si funksionon emërtimi i dokumenteve, siç është emërtimi i serive"
Confirm Access,Konfirmo Qasjen
Confirm Deletion of Account,Konfirmo Fshirjen e Llogarisë
Confirm Password,Konfirmo fjalëkalimin
"Congratulations on completing the module setup. If you want to learn more you can refer to the documentation <a target=""_blank"" href=""{0}"">here</a>.","Urime për përfundimin e konfigurimit të modulit. Nëse doni të mësoni më shumë, mund t'i referoheni dokumentacionit <a target=""_blank"" href=""{0}"">këtu</a>."
Connect to {},Lidhu me {}
Connected App,Aplikacion i lidhur
Connected User,Përdorues i lidhur
Connection Lost,Lidhja u humb
Connections,Lidhjet
Consider Entire Party Ledger Amount,Merrni parasysh shumën e plotë të librit të partisë
Consider Minimum Order Qty,Konsideroni Sasinë Minimale të Porosisë
Consider Process Loss,Konsideroni Humbjen e Procesit
Consider Rejected Warehouses,Konsideroni Depot e Refuzuara
Considered In Paid Amount,Konsideruar në shumën e paguar
Console Logs can not be deleted,Regjistrat e konsolës nuk mund të fshihen
Consolidate Sales Order Items,Konsolidoni Artikujt e Porosisë së Shitjes
Consolidate Sub Assembly Items,Konsolidoni artikujt e nën-montimit
Constraints,Kufizime
Consumed Asset Total Value,Vlera Totale e Aseteve të Konsumuara
Consumed Assets,Asetet e konsumuara
Consumed Quantity,Sasia e konsumuar
Consumed Stock Items,Artikuj të konsumuar në stok
Consumed Stock Items or Consumed Asset Items are mandatory for creating new composite asset,Artikujt e stokut të konsumuar ose artikujt e aseteve të konsumuara janë të detyrueshëm për krijimin e një aseti të ri të përbërë.
Consumed Stock Items,Artikuj të konsumuar në stok
Consumed Stock Total Value,Vlera Totale e Stokut të Konsumuar
Consumption Rate,Shkalla e Konsumit
Contact Mobile,Kontakti në celular
Contact Person does not belong to the {0},Personi i kontaktit nuk i përket {0}
Contains {0} security fix,Përmban {0} rregullim sigurie
Contains {0} security fixes,Përmban {0} rregullime sigurie
Content data shoud be a list,Të dhënat e përmbajtjes duhet të jenë një listë
Contract Template Help,Ndihmë për Shabllonin e Kontratës
Contribution Qty,Sasia e kontributit
Control Historical Stock Transactions,Kontrolloni Transaksionet Historike të Aksioneve
Controls whether new users can sign up using this Social Login Key. If unset,Kontrollon nëse përdoruesit e rinj mund të regjistrohen duke përdorur këtë Çelës Hyrjeje Sociale. Nëse nuk është vendosur
Conversion factor for item {0} has been reset to 1.0 as the uom {1} is same as stock uom {2}.,Faktori i konvertimit për artikullin {0} është rivendosur në 1.0 pasi uom {1} është i njëjtë me uom {2} në stok.
Conversion rate cannot be 0,Shkalla e konvertimit nuk mund të jetë 0
Conversion rate is 1.00,Shkalla e konvertimit është 1.00
Conversion rate must be 1.00 if document currency is same as company currency,Kursi i konvertimit duhet të jetë 1.00 nëse monedha e dokumentit është e njëjtë me monedhën e kompanisë
Convert Item Description to Clean HTML in Transactions,Konvertoni Përshkrimin e Artikullit në HTML të Pastër në Transaksione
Convert to Item Based Reposting,Konverto në Ripostim të Bazuar në Artikull
Convert to Ledger,Konverto në Librin Kryesor
Copy Apps Version,Kopjo versionin e aplikacioneve
Copy Embed Code,Kopjo Kodin e Vendosjes
Copy Link,Kopjo lidhjen
Copy error to clipboard,Gabim kopjimi në kujtesën e përkohshme
Copy to Clipboard,Kopjo në kujtesën e përkohshme
Copy token to clipboard,Kopjo tokenin në kujtesën e përkohshme
Correct version :,Versioni i saktë:
Corrective Job Card,Kartë Pune Korrigjuese
Corrective Operation,Operacion Korrektues
Corrective Operation Cost,Kostoja e Operacionit Korrektues
Cost Center Allocation,Shpërndarja e Qendrës së Kostos
Cost Center Allocation Percentage,Përqindja e Shpërndarjes së Qendrës së Kostos
Cost Center Allocation Percentages,Përqindjet e Shpërndarjes së Qendrës së Kostos
Cost Center for Item rows has been updated to {0},Qendra e Kostos për rreshtat e Artikujve është përditësuar në {0}
Cost Center is a part of Cost Center Allocation,Qendra e Kostos është pjesë e Alokimit të Qendrës së Kostos
Cost Center with Allocation records can not be converted to a group,Qendra e Kostos me të dhëna të Alokimit nuk mund të konvertohet në një grup
Cost Center {0} cannot be used for allocation as it is used as main cost center in other allocation record.,Qendra e Kostos {0} nuk mund të përdoret për alokim pasi përdoret si qendra kryesore e kostos në një regjistrim tjetër të alokimit.
Cost Center {} doesn't belong to Company {},Qendra e Kostos {} nuk i përket Kompanisë {}
Cost Center {} is a group cost center and group cost centers cannot be used in transactions,Qendra e Kostos {} është një qendër kostoje grupi dhe qendrat e kostos së grupit nuk mund të përdoren në transaksione
Cost Configuration,Konfigurimi i Kostos
Cost Per Unit,Kosto për Njësi
Cost of Goods Sold Account in Items Table,Llogaria e Kostos së Mallrave të Shitura në Tabelën e Artikujve
Cost of Poor Quality Report,Raporti i Kostos së Cilësisë së Dobët
Cost to Company (CTC),Kostoja për Kompaninë (KKK)
Costing Details,Detajet e Kostos
Costing and Billing fields has been updated,Fushat e Kostos dhe Faturimit janë përditësuar
Could Not Delete Demo Data,Nuk mund të fshiheshin të dhënat demo
Could not auto update shifts. Shift with shift factor {0} needed.,Nuk mund të përditësoheshin automatikisht ndërrimet. Nevojitet ndërrim me faktor ndërrimi {0}.
Could not detect the Company for updating Bank Accounts,Nuk mundi ta zbulojë kompaninë për përditësimin e llogarive bankare
Could not find path for,Nuk mund të gjendej rruga për
Could not start up:,Nuk mund të nisej:
Count of linked documents,Numri i dokumenteve të lidhura
Country Code Required,Kodi i vendit i kërkuar
Create & Continue,Krijo dhe vazhdo
Create Delivery Note,Krijo Shënim Dorëzimi
Create Depreciation Entry,Krijo Hyrje Amortizimi
Create Duplicate,Krijo Dublikatë
Create Employee records.,Krijoni të dhëna për punonjësit.
Create Grouped Asset,Krijo Aset të Grupuar
Create Job Card based on Batch Size,Krijo Kartën e Punës bazuar në Madhësinë e Grupit
Create Journal Entries,Krijo Hyrje në Ditar
Create Ledger Entries for Change Amount,Krijo Hyrje në Librin e Llogarive për Ndryshimin e Shumës
Create Letter Head,Krijo Kokë Letre
Create Link,Krijo lidhje
Create Multi-level BOM,Krijo BOM me shumë nivele
Create New Customer,Krijo klient të ri
Create New DocType,Krijo Lloj Dokumenti të Ri
Create New Kanban Board,Krijo një tabelë të re Kanban
Create Opportunity,Krijo Mundësi
Create Prospect,Krijo një Perspektivë
Create Reposting Entries,Krijo Ripostime Hyrjesh
Create Reposting Entry,Krijo Hyrje Ripostimi
Create Stock Entry,Krijo Hyrje në Stok
Create Workstation,Krijo Stacion Pune
Create a Reminder,Krijo një Kujtesë
Create a new ...,Krijo një të re...
Create a new composite asset,Krijo një aset të ri të përbërë
Create a variant with the template image.,Krijo një variant me imazhin e shabllonit.
Create a {0} Account,Krijo një llogari {0}
Create and send emails to a specific group of subscribers periodically.,Krijoni dhe dërgoni email-e te një grup specifik abonentësh periodikisht.
Create in Draft Status,Krijo në statusin e draftit
Create or Edit Print Format,Krijo ose Ndrysho Formatin e Printimit
Create or Edit Workflow,Krijo ose Ndrysho Fluksin e Punës
Create your workflow visually using the Workflow Builder.,Krijoni rrjedhën tuaj të punës vizualisht duke përdorur Ndërtuesin e Fluksit të Punës.
Create {0} {1} ?,Krijo {0} {1} ?
Created At,Krijuar në
Created {0} scorecards for {1} between:,Krijova {0} tabela rezultatesh për {1} midis:
Creating Delivery Note ...,Duke krijuar një shënim dorëzimi...
Creating Journal Entries...,Duke krijuar hyrje në ditar...
Creating Packing Slip ...,Krijimi i fletës së paketimit ...
Creating Purchase Invoices ...,Krijimi i faturave të blerjes...
Creating Purchase Receipt ...,Duke krijuar faturën e blerjes...
Creating Sales Invoices ...,Krijimi i faturave të shitjes...
Creating Stock Entry,Krijimi i Regjistrimit të Stokut
Creating Subcontracting Order ...,Krijimi i Urdhrit të Nënkontraktimit ...
Creating Subcontracting Receipt ...,Krijimi i faturës së nënkontraktimit ...
Creating User...,Duke krijuar përdoruesin...
Creation,Krijimi
Creation of <b><a href='/app/{0}'>{1}(s)</a></b> successful,Krijimi i <b><a href='/app/{0}'>{1}(s)</a></b> me sukses
"Creation of {0} failed.|||				Check <b><a href=""/app/bulk-transaction-log"">Bulk Transaction Log</a></b>","Krijimi i {0} dështoi.||| Kontrolloni <b><a href=""/app/bulk-transaction-log"">Regjistrin e Transaksioneve në Grup</a></b>"
"Creation of {0} partially successful.|||				Check <b><a href=""/app/bulk-transaction-log"">Bulk Transaction Log</a></b>","Krijimi i {0} u krye pjesërisht me sukses.||| Kontrolloni <b><a href=""/app/bulk-transaction-log"">Regjistrin e Transaksioneve në Grup</a></b>"
Credit (Transaction),Krediti (Transaksioni)
Credit Amount in Transaction Currency,Shuma e kreditit në monedhën e transaksionit
Credit Limit Crossed,Limiti i Kreditit u Kalua
Credit Limit Settings,Cilësimet e limitit të kreditit
Credit Note will update it's own outstanding amount,Shënimi i kreditit do të përditësojë shumën e vet të papaguar
Creditor Turnover Ratio,Raporti i Qarkullimit të Kreditorëve
Cron Interval should be between 1 and 59 Min,Intervali i Cron duhet të jetë midis 1 dhe 59 minutave
Cron format is required for job types with Cron frequency.,Formati Cron është i nevojshëm për llojet e punës me frekuencë Cron.
Currency Exchange Settings Details,Detajet e Cilësimeve të Këmbimit të Valutave
Currency Exchange Settings Result,Rezultati i Cilësimeve të Këmbimit të Valutave
Currency list stores the currency value,Lista e valutave ruan vlerën e valutës
Current Asset,Aseti aktual
Current Index,Indeksi aktual
Current Job ID,ID-ja aktuale e punës
Current Level,Niveli Aktual
Current Liability,Përgjegjësia aktuale
Current Node,Nyja aktuale
Current Ratio,Raporti i rrymës
Current Serial / Batch Bundle,Paketa Seriale / Seriale Aktuale
Current Value,Vlera aktuale
Custom Block Name,Emri i bllokut të personalizuar
Custom Blocks,Blloqe të personalizuara
Custom Document Types (Select Permission),Llojet e Dokumenteve të Personalizuara (Zgjidhni Lejen)
Custom Document Types Limit Exceeded,Limiti i Llojeve të Dokumenteve të Personalizuara është Tejkaluar
Custom Footer,Fundi i personalizuar
Custom Group Search,Kërkim i Personalizuar në Grup
Custom Group Search if filled needs to contain the user placeholder {0},Kërkimi i Grupit të Personalizuar nëse është i mbushur duhet të përmbajë vendin e përdoruesit {0}
Custom HTML Block,Bllok HTML i personalizuar
Custom LDAP Directoy Selected,Drejtoria LDAP e personalizuar u zgjodh
Custom Label,Etiketë e personalizuar
Custom delimiters,Ndarës të personalizuar
Custom field renamed to {0} successfully.,Fusha e personalizuar u riemërua me sukses në {0}.
Customer,Klient
Customer / Item / Item Group,Klient / Artikull / Grup Artikujsh
Customer Defaults,Parazgjedhjet e klientit
Customer Group Item,Artikulli i Grupit të Klientëve
Customer Group: {0} does not exist,Grupi i Klientëve: {0} nuk ekziston
Customer Item,Artikull i klientit
Customer Name:,Emri i klientit:
Customer Portal Users,Përdoruesit e Portalit të Klientit
Customer:,Klienti:
Customizations Discarded,Personalizimet u hodhën poshtë
Customize Child Table,Personalizo tabelën e fëmijëve
Customize Dashboard,Personalizo Panelin e Kontrollit
Customize Form - {0},Personalizo Formularin - {0}
Cyan,Cyan
D - E,D - E
DELETE,FSHIR
DFS,DFS
DLE,DLE
Daily Maintenance,Mirëmbajtje e përditshme
Daily Time to send,Koha ditore për të dërguar
Dark,E errët
Dark Theme,Temë e Errët
Dashboard View,Pamja e Panelit të Kontrollit
Data Based On,Të dhëna të bazuara në
Data Clipped,Të dhënat e shkurtuara
Data Fetch Method,Metoda e Marrjes së të Dhënave
Data Import Log,Regjistri i Importimit të të Dhënave
Database,Baza e të dhënave
Database Processes,Proceset e Bazës së të Dhënave
Database Row Size Utilization,Shfrytëzimi i Madhësisë së Rreshtit të Bazës së të Dhënave
Database Storage Usage By Tables,Përdorimi i ruajtjes së bazës së të dhënave sipas tabelave
Database Table Row Size Limit,Limiti i Madhësisë së Rreshtit të Tabelës së Bazës së të Dhënave
Database Table Row Size Utilization: {0}%,Shfrytëzimi i Madhësisë së Rreshtit të Tabelës së Bazës së të Dhënave: {0}%
Database Version,Versioni i Bazës së të Dhënave
Date,Data
Date Range,Diapazoni i datave
Date must be between {0} and {1},Data duhet të jetë midis {0} dhe {1}
Date:,Data:
Dates,Datat
Days before the current subscription period,Ditë para periudhës aktuale të abonimit
DeLinked,I shkëputur
Deadlock Occurred,Ndodhi bllokim
Deal Owner,Pronari i marrëveshjes
Debit (Transaction),Debitim (Transaksion)
Debit / Credit Note Posting Date,Data e Postimit të Shënimit të Debitit / Kreditit
Debit Amount in Transaction Currency,Shuma e Debitit në Monedhën e Transaksionit
Debit Note will update it's own outstanding amount,Shënimi i debitit do të përditësojë shumën e vet të papaguar
Debit-Credit Mismatch,Mospërputhje Debiti-Krediti
Debit-Credit mismatch,Mospërputhje Debiti-Krediti
Debt Equity Ratio,Raporti i Borxhit dhe Kapitalit
Debtor Turnover Ratio,Raporti i Qarkullimit të Debitorit
Debug Log,Regjistri i Debugimit
Default Advance Account,Llogari Paraprake e Paracaktuar
Default Advance Paid Account,Llogari e Paguar Paraprakisht e Paracaktuar
Default Advance Received Account,Llogari e Marrë Paradhënie e Paracaktuar
Default Amendment Naming,Emërtimi i parazgjedhur i amendamentit
Default App,Aplikacioni i parazgjedhur
Default BOM not found for FG Item {0},BOM i parazgjedhur nuk u gjet për artikullin FG {0}
Default Common Code,Kodi i Përbashkët i Paracaktuar
Default Discount Account,Llogaria e Zbritjes së Parazgjedhur
Default Email Template,Shablloni i parazgjedhur i email-it
Default In-Transit Warehouse,Magazina e Paracaktuar në Tranzit
Default Naming,Emërtimi i parazgjedhur
Default Operating Cost Account,Llogaria e Kostos Operative të Paracaktuar
Default Payment Discount Account,Llogaria e Zbritjes së Pagesës së Paracaktuar
Default Provisional Account,Llogaria e Përkohshme e Parazgjedhur
Default Service Level Agreement for {0} already exists.,Marrëveshja e Nivelit të Shërbimit të Paracaktuar për {0} ekziston tashmë.
Default Template For Field,Shablloni i parazgjedhur për fushën
Default Unit of Measure for Item {0} cannot be changed directly because you have already made some transaction(s) with another UOM. You need to either cancel the linked documents or create a new Item.,Njësia e matjes së parazgjedhur për artikullin {0} nuk mund të ndryshohet drejtpërdrejt sepse keni bërë tashmë disa transaksione me një UOM tjetër. Duhet të anuloni dokumentet e lidhura ose të krijoni një artikull të ri.
Default User Role,Roli i Përdoruesit të Paracaktuar
Default User Type,Lloji i Përdoruesit të Paracaktuar
Default View,Pamja e parazgjedhur
Default Workspace,Hapësira e parazgjedhur e punës
Default display currency,Monedha e parazgjedhur e shfaqjes
Default settings for your stock-related transactions,Cilësimet e parazgjedhura për transaksionet tuaja të lidhura me aksionet
Default tax templates for sales,Modelet e parazgjedhura të taksave për shitjet
Defaults Updated,Parazgjedhjet e përditësuara
Deferred Accounting,Kontabiliteti i shtyrë
Deferred Accounting Defaults,Mospagimet e Kontabilitetit të Shtyra
Deferred Revenue and Expense,Të Ardhurat dhe Shpenzimet e Shtyra
Deferred accounting failed for some invoices:,Kontabiliteti i shtyrë dështoi për disa fatura:
Defines how long exported reports sent via email are kept in the system. Older files will be automatically deleted.,Përcakton se për sa kohë ruhen në sistem raportet e eksportuara të dërguara me email. Skedarët më të vjetër do të fshihen automatikisht.
Delay (In Days),Vonesa (Në Ditë)
Delayed Tasks Summary,Përmbledhje e Detyrave të Vonuara
Delete Account,Fshij llogarinë
Delete Accounting and Stock Ledger Entries on deletion of Transaction,Fshini Regjistrimet e Kontabilitetit dhe të Librit të Stokut me fshirjen e Transaksionit
Delete Background Exported Reports After (Hours),Fshi raportet e eksportuara në sfond pas (orësh)
Delete Bins,Fshij koshët
Delete Cancelled Ledger Entries,Fshij Regjistrimet e Anuluara të Librit të Llogarive
Delete Column,Fshij kolonën
Delete Dimension,Fshij Dimensionin
Delete Kanban Board,Fshij tabelën Kanban
Delete Leads and Addresses,Fshij Kontaktet dhe Adresat
Delete Section,Fshij seksionin
Delete Tab,Fshij skedën
Delete Transactions,Fshij transaksionet
Delete Workspace,Fshi Hapësirën e Punës
Delete column,Fshi kolonën
Delete entire column with fields,Fshij të gjithë kolonën me fushat
Delete entire section with fields,Fshi të gjithë seksionin me fushat
Delete entire tab with fields,Fshi të gjithë skedën me fushat
Delete section,Fshi seksionin
Delete tab,Fshi skedën
Delete {0} item permanently?,Të fshihet përgjithmonë {0} artikull?
Deleted all documents successfully,Të gjitha dokumentet u fshinë me sukses
Deleted!,U fshi!
Deleting {0} and all associated Common Code documents...,Duke fshirë {0} dhe të gjitha dokumentet e lidhura me Kodin e Përbashkët...
Deleting {0} records...,Duke fshirë {0} të dhëna...
Deleting {0}...,Duke fshirë {0}...
Deletion Steps,Hapat e Fshirjes
Deletion in Progress!,Fshirja është në vazhdim!
Delimiter must be a single character,Ndarësi duhet të jetë një karakter i vetëm
Delimiter options,Opsionet e Ndarësit
Delivered Qty (in Stock UOM),Sasia e Dorëzuar (në Stok UOM)
Delivery Manager,Menaxher i Dorëzimit
Delivery Note Packed Item,Shënim Dorëzimi Artikull i Paketuar
Delivery Note(s) created for the Pick List,Shënim(e) Dorëzimi i krijuar për Listën e Përzgjedhjes
Delivery User,Përdorues i Dorëzimit
Delivery to,Dërgimi në
Demand,Kërkesa
Demo Bank Account,Llogari Bankare Demo
Demo Company,Kompania Demo
Demo data cleared,Të dhënat demo u fshinë
Deny,Refuzo
Dependant SLE Voucher Detail No,Nr. i detajeve të kuponit SLE për personin e varur
Dependencies & Licenses,Varësitë dhe Licencat
Dependent Task {0} is not a Template Task,Detyra e varur {0} nuk është një detyrë shablloni
Deposit,Depozitë
Depreciate based on daily pro-rata,Amortizoni bazuar në proporcionin ditor
Depreciate based on shifts,Amortizoni bazuar në ndryshime
Depreciation Details,Detajet e amortizimit
Depreciation Entry Posting Status,Statusi i Postimit të Hyrjes së Amortizimit
Depreciation Entry against asset {0},Hyrja e amortizimit kundrejt asetit {0}
Depreciation Entry against {0} worth {1},Hyrja e amortizimit kundrejt {0} me vlerë {1}
Depreciation Expense Account should be an Income or Expense Account.,Llogaria e Shpenzimeve të Amortizimit duhet të jetë një Llogari e të Ardhurave ose Shpenzimeve.
Depreciation Posting Date cannot be before Available-for-use Date,Data e Regjistrimit të Amortizimit nuk mund të jetë përpara Datës së Gatshme për Përdorim
Depreciation Row {0}: Depreciation Posting Date cannot be before Available-for-use Date,Rreshti i Amortizimit {0}: Data e Regjistrimit të Amortizimit nuk mund të jetë përpara Datës së Disponueshme për Përdorim
Depreciation Schedule View,Pamja e Orarit të Amortizimit
Depreciation cannot be calculated for fully depreciated assets,Amortizimi nuk mund të llogaritet për asetet e amortizuara plotësisht
Depreciation eliminated via reversal,Amortizimi u eliminua nëpërmjet anulimit
Descendants Of (inclusive),Pasardhësit e (përfshirë)
Description of Content,Përshkrimi i Përmbajtjes
Description to inform the user about any action that is going to be performed,Përshkrim për të informuar përdoruesin për çdo veprim që do të kryhet
Desk Settings,Cilësimet e Tavolinës
Desk Theme,Tema e Tavolinës
Desk User,Përdorues i tavolinës
Diff,Diff
Difference Account in Items Table,Llogaria e Diferencës në Tabelën e Artikujve
Difference Account must be a Asset/Liability type account (Temporary Opening),Llogaria e Diferencës duhet të jetë një llogari e tipit Aktive/Detyr (Hapje e Përkohshme)
Difference In,Diferenca në
Difference Posting Date,Data e Postimit të Diferencës
Difference Qty,Diferenca Sasia
Different 'Source Warehouse' and 'Target Warehouse' can be set for each row.,Për secilin rresht mund të caktohen 'Magazina Burimore' dhe 'Magazina e Synuar' të ndryshme.
Dimension Details,Detajet e dimensioneve
Dimension Filter Help,Ndihmë për Filtrin e Dimensioneve
Dimension-wise Accounts Balance Report,Raporti i Bilancit të Llogarive sipas Dimensioneve
Dimensions,Përmasat
Direct Expense,Shpenzime të Drejtpërdrejta
Directory Server,Serveri i Drejtorisë
Disable Automatic Recency Filters,Çaktivizo filtrat automatikë të kohëve të fundit
Disable Change Log Notification,Çaktivizo njoftimin e regjistrimit të ndryshimeve
Disable Comment Count,Çaktivizo numrin e komenteve
Disable Document Sharing,Çaktivizo Ndarjen e Dokumenteve
Disable Last Purchase Rate,Çaktivizo Çmimin e Blerjes së Fundit
Disable Likes,Çaktivizo pëlqimet
Disable Serial No And Batch Selector,Çaktivizo numrin serial dhe përzgjedhësin e serisë
Disable System Update Notification,Çaktivizo njoftimin e përditësimit të sistemit
Disable Username/Password Login,Çaktivizo hyrjen me emrin e përdoruesit/fjalëkalimin
Disable auto setting Grand Total to default Payment Mode,Çaktivizo vendosjen automatike të Totalit të Përgjithshëm në Modalitetin e Pagesës së parazgjedhur
Disable signups,Çaktivizo regjistrimet
Disabled Account Selected,Llogaria e çaktivizuar u zgjodh
Disabled Warehouse {0} cannot be used for this transaction.,Magazina e çaktivizuar {0} nuk mund të përdoret për këtë transaksion.
Disabled pricing rules since this {} is an internal transfer,Rregullat e çmimeve janë çaktivizuar pasi kjo {} është një transferim i brendshëm
Disabled tax included prices since this {} is an internal transfer,Çmimet e përfshira të taksës së paaftësisë meqenëse kjo {} është një transferim i brendshëm
Disables auto-fetching of existing quantity,Çaktivizon marrjen automatike të sasisë ekzistuese
Disassemble,Çmontoni
Disassemble Order,Çmontoni porosinë
Disassembled Qty,Sasia e çmontuar
Discard?,Të hidhet poshtë?
Disclaimer: These indexes are suggested based on data and queries performed during this recording. These suggestions may or may not help.,Mohim përgjegjësie: Këto indekse sugjerohen bazuar në të dhënat dhe pyetjet e kryera gjatë këtij regjistrimi. Këto sugjerime mund të ndihmojnë ose jo.
Discount Account,Llogaria e Zbritjes
Discount Amount in Transaction,Shuma e Zbritjes në Transaksion
Discount Date,Data e Zbritjes
Discount Percentage in Transaction,Përqindja e Zbritjes në Transaksion
Discount Settings,Cilësimet e Zbritjes
Discount Validity,Vlefshmëria e Zbritjes
Discount Validity Based On,Vlefshmëria e Zbritjes Bazuar në
Discount cannot be greater than 100%.,Zbritja nuk mund të jetë më e madhe se 100%.
Discount of {} applied as per Payment Term,Zbritje prej {} e aplikuar sipas Afatit të Pagesës
Discounted Amount,Shuma e Zbritur
Discounts to be applied in sequential ranges like buy 1 get 1,Zbritjet që do të aplikohen në intervale të njëpasnjëshme si blej 1 merr 1
Discrepancy between General and Payment Ledger,Mospërputhje midis Librit të Përgjithshëm dhe Librit të Pagesave
Discussion Reply,Përgjigje për diskutim
Discussion Topic,Tema e diskutimit
Dispatch Address,Adresa e Dërgimit
Dispatch Address Details,Detajet e Adresës së Dërgimit
Dispatch Address Name,Emri i Adresës së Dërgimit
Dispatch Address Template,Shablloni i Adresës së Dërgimit
Display Depends On (JS),Shfaqja varet nga (JS)
Distinct Item and Warehouse,Artikull dhe Magazinë e Veçantë
Distribute Additional Costs Based On,Shpërndani kostot shtesë bazuar në
Distribute Manually,Shpërndaje manualisht
Distributed Discount Amount,Shuma e Zbritjes së Shpërndarë
Divider,Ndarës
Do Not Create New User,Mos krijo përdorues të ri
Do Not Explode,Mos shpërtheni
Do Not Update Serial / Batch on Creation of Auto Bundle,Mos e përditësoni serialin / grupin gjatë krijimit të paketës automatike
Do Not Use Batch-wise Valuation,Mos përdorni vlerësim sipas grupeve
Do not create new user if user with email does not exist in the system,Mos krijoni përdorues të ri nëse përdoruesi me email nuk ekziston në sistem.
Do not have permission to access bucket {0}.,Nuk kam leje për të hyrë në kovë {0}.
Do you still want to enable immutable ledger?,A doni ende të aktivizoni librin e pandryshueshëm të llogarisë?
Do you still want to enable negative inventory?,A doni ende të aktivizoni inventarin negativ?
Do you still want to proceed?,Dëshironi ende të vazhdoni?
Do you want to change valuation method?,Dëshironi të ndryshoni metodën e vlerësimit?
"DocStatus of the following states have changed:<br><strong>{0}</strong><br>|||				Do you want to update the docstatus of existing documents in those states?<br>|||				This does not undo any effect bought in by the document's existing docstatus.|||",Statusi i dokumentit të gjendjeve të mëposhtme ka ndryshuar:<br><strong>{0}</strong><br>||| Dëshironi të përditësoni statusin e dokumentit të dokumentit ekzistues në ato gjendje?<br>||| Kjo nuk zhbën asnjë efekt të fituar nga statusi i dokumentit ekzistues.|||
DocType Layout,Paraqitja e DocType
DocType Layout Field,Fusha e Paraqitjes së DocType
DocType State,Gjendja e Tipit të Dokumentit
DocType must be a string,DocType duhet të jetë një varg
DocType must have atleast one field,DocType duhet të ketë të paktën një fushë
DocType not supported by Log Settings.,Lloji i dokumentit nuk mbështetet nga Cilësimet e regjistrit.
DocType required,Lloji i dokumentit është i nevojshëm
DocType {0} does not exist.,Tipi i dokumentit {0} nuk ekziston.
DocType {} not found,Tipi i Doc {} nuk u gjet
DocTypes can not be modified,Tipet e dokumenteve nuk mund të modifikohen
DocTypes should not be added manually to the 'Excluded DocTypes' table. You are only allowed to remove entries from it.,Llojet e Dokumenteve nuk duhet të shtohen manualisht në tabelën 'Llojet e Dokumenteve të Përjashtuara'. Ju lejohet vetëm të hiqni hyrje prej saj.
Doctype name is limited to {0} characters ({1}),Emri i tipit të dokumentit është i kufizuar në {0} karaktere ({1})
Doctype with same route already exist. Please choose different title.,Tipi i dokumentit me të njëjtin itinerar ekziston tashmë. Ju lutemi zgjidhni një titull tjetër.
Document Linking,Lidhja e Dokumenteve
Document Links Row #{0}: Could not find field {1} in {2} DocType,Lidhjet e Dokumenteve Rreshti #{0}: Nuk mund të gjendej fusha {1} në {2} DocType
Document Links Row #{0}: Invalid doctype or fieldname.,Lidhjet e Dokumenteve Rreshti #{0}: Tip dokumenti ose emër fushe i pavlefshëm.
Document Links Row #{0}: Parent DocType is mandatory for internal links,Rreshti i Lidhjeve të Dokumenteve #{0}: Lloji i Dokumentit Prind është i detyrueshëm për lidhjet e brendshme
Document Links Row #{0}: Table Fieldname is mandatory for internal links,Rreshti i Lidhjeve të Dokumenteve #{0}: Emri i Fushës së Tabelës është i detyrueshëm për lidhjet e brendshme
Document Name must be a string,Emri i dokumentit duhet të jetë një varg
Document Naming Settings,Cilësimet e Emërtimit të Dokumenteve
Document Saved,Dokumenti u ruajt
Document Share Key,Çelësi i Ndarjes së Dokumentit
Document Share Key Expiry (in Days),Skadimi i Çelësit të Ndarjes së Dokumentit (në Ditë)
Document Type already used as a dimension,Lloji i dokumentit është përdorur tashmë si dimension
Document Type and Function are required to create a number card,Lloji dhe Funksioni i Dokumentit kërkohen për të krijuar një kartë numrash
Document Types (Select Permissions Only),Llojet e Dokumenteve (Zgjidhni Vetëm Lejet)
Document Types and Permissions,Llojet e Dokumenteve dhe Lejet
Document Unlocked,Dokumenti u zhbllokua
Document has been cancelled,Dokumenti është anuluar
Document has been submitted,Dokumenti është dorëzuar
Document is in draft state,Dokumenti është në gjendje drafti
Document not Relinked,Dokumenti nuk është rilidhur
Document renaming from {0} to {1} has been queued,Riemërtimi i dokumentit nga {0} në {1} është vendosur në radhë
Document {0} {1} does not exist,Dokumenti {0} {1} nuk ekziston
Documentation,Dokumentacioni
Documents Processed on each trigger. Queue Size should be between 5 and 100,Dokumentet përpunohen në çdo aktivizues. Madhësia e radhës duhet të jetë midis 5 dhe 100
Documents: {0} have deferred revenue/expense enabled for them. Cannot repost.,Dokumentet: {0} kanë të aktivizuara të ardhura/shpenzime të shtyra për to. Nuk mund të ripostohen.
Domain Name,Emri i Domenit
Don't Enforce Free Item Qty,Mos e impononi sasinë e artikullit falas
Don't Reserve Sales Order Qty on Sales Return,Mos e rezervoni sasinë e porosisë së shitjes në kthimin e shitjes
Don't encode HTML tags like &lt;script&gt; or just characters like &lt; or &gt;,Mos kodoni etiketa HTML si <script> ose vetëm karaktere si <ose >.
Don't have an account?,Nuk keni një llogari?
Dont Recompute tax,Mos e rillogaritni taksën
Double click to edit label,Klikoni dy herë për të modifikuar etiketën
Download CSV Template,Shkarkoni shabllonin CSV
Download PDF for Supplier,Shkarko PDF për Furnizuesin
Download as CSV,Shkarko si CSV
Download vCard,Shkarko vCard
Download vCards,Shkarkoni vCard-et
Drag,Zvarrit
Drag & Drop a section here from another tab,Zvarrit dhe lësho një seksion këtu nga një skedë tjetër
Drag and drop files here or upload from,Zvarrit dhe lësho skedarët këtu ose ngarko nga
Drag columns to set order. Column width is set in percentage. The total width should not be more than 100. Columns marked in red will be removed.,Zvarrit kolonat për të vendosur rendin. Gjerësia e kolonës vendoset në përqindje. Gjerësia totale nuk duhet të jetë më shumë se 100. Kolonat e shënuara me të kuqe do të hiqen.
Drag to add state,Zvarrit për të shtuar shtetin
Drop Procedures,Procedurat e Lënies së Dorëzimit
Dropbox Refresh Token,Tokeni i Rifreskimit të Dropbox-it
Drops existing SQL Procedures and Function setup by Accounts Receivable report,Heq dorë nga procedurat ekzistuese SQL dhe konfigurimi i funksioneve sipas raportit të Llogarive të Arkëtueshme.
Dunning Amount (Company Currency),Shuma e njoftimit (Valuta e Kompanisë)
Dunning Level,Niveli i Dunningut
Duplicate Closing Stock Balance,Bilanci i dyfishtë i stokut në mbyllje
Duplicate Customer Group,Grup klientësh i dyfishtë
Duplicate Entry,Hyrje e Dyfishtë
Duplicate Finance Book,Libri i Financave i Dublikuar
Duplicate Item Group,Grup i dyfishtë i artikujve
Duplicate POS Invoices found,U gjetën fatura të dyfishta POS
Duplicate Workspace,Hapësirë ​​pune e dyfishtë
Duplicate current row,Dubliko rreshtin aktual
Duplicate field,Fushë e dyfishtë
Duplicate of {0} named as {1} is created successfully,Kopja e {0} e emëruar si {1} u krijua me sukses
Dynamic,Dinamik
Dynamic Condition,Kushti Dinamik
EAN-12,EAN-12
EAN-8,EAN-8
EDI,EDI
Edit Capacity,Modifiko Kapacitetin
Edit Cart,Modifiko Shportën
Edit Existing,Modifiko Ekzistuese
Edit Filters,Redakto filtrat
Edit Footer,Modifiko fundfaqen
Edit Full Form,Redakto Formularin e Plotë
Edit Header,Redakto Kokën
Edit Letter Head,Redakto Kokën e Shkronjës
Edit Letter Head Footer,Redakto fundfaqen e kokës së shkronjës
Edit Note,Modifiko Shënimin
Edit Print Format,Modifiko formatin e printimit
Edit Qty,Modifiko Sasinë
Edit Workspace,Modifiko Hapësirën e Punës
Edit mode,Modaliteti i modifikimit
Edit your response,Modifiko përgjigjen tënde
Edit your workflow visually using the Workflow Builder.,Modifikoni vizualisht rrjedhën tuaj të punës duke përdorur Ndërtuesin e Rrjedhës së Punës.
Editing {0},Duke redaktuar {0}
Editing {0} is not allowed as per POS Profile settings,Redaktimi i {0} nuk lejohet sipas cilësimeve të Profilit të POS-it
Either 'Selling' or 'Buying' must be selected,Duhet të zgjidhet ose 'Shitje' ose 'Blerje'
Either key or IP flag is required.,Kërkohet ose çelësi ose flamuri IP.
Element Selector,Përzgjedhësi i Elementeve
Email Account Disabled.,Llogaria e email-it është çaktivizuar.
Email Account not setup. Please create a new Email Account from Settings > Email Account,Llogaria e email-it nuk është konfiguruar. Ju lutemi krijoni një llogari të re email-i nga Cilësimet > Llogaria e email-it
Email Address (required),Adresa e email-it (e detyrueshme)
Email Address must be unique,Adresa e email-it duhet të jetë unike
Email Digest Recipient,Marrësi i përmbledhjes së email-it
Email Digest: {0},Përmbledhje e email-eve: {0}
Email Queue flushing aborted due to too many failures.,Pastrimi i radhës së email-eve u ndërpre për shkak të shumë dështimeve.
Email Receipt,Faturë me email
Email Retry Limit,Limiti i ripërpjekjes së email-it
Email Sent At,Email i dërguar në
Email Threads on Assigned Document,Fijet e email-eve në dokumentin e caktuar
Email or Phone/Mobile of the Contact are mandatory to continue.,Email-i ose numri i telefonit/celularit të kontaktit janë të detyrueshëm për të vazhduar.
Email queue is currently suspended. Resume to automatically send other emails.,Radha e email-eve është pezulluar aktualisht. Rifillo për të dërguar automatikisht email-e të tjera.
Email verification failed.,Verifikimi i email-it dështoi.
Emails,Email-et
Emails Pulled,Emailet e tërhequra
Emails are already being pulled from this account.,Emailet tashmë po tërhiqen nga kjo llogari.
Embed code copied,Kodi i integrimit u kopjua
Employee Exit,Dalja e Punonjësit
Employee User Id,ID e Përdoruesit të Punonjësit
Employee {0} does not belong to the company {1},Punonjësi {0} nuk i përket kompanisë {1}
Employee {0} is currently working on another workstation. Please assign another employee.,Punonjësi {0} aktualisht po punon në një stacion tjetër pune. Ju lutemi caktoni një punonjës tjetër.
Empty column,Kolonë bosh
Enable Allow Partial Reservation in the Stock Settings to reserve partial stock.,Aktivizoni Lejo Rezervimin e Pjesshëm në Cilësimet e Stokut për të rezervuar stok të pjesshëm.
Enable Automatic Party Matching,Aktivizo Përputhjen Automatike të Palëve
Enable Common Party Accounting,Aktivizo Kontabilitetin e Përbashkët të Palës
Enable Discount Accounting for Selling,Aktivizo Kontabilitetin e Zbritjes për Shitje
Enable Email Notification,Aktivizo njoftimin me email
Enable Fuzzy Matching,Aktivizo Përputhjen e Paqartë
Enable Google indexing,Aktivizo indeksimin e Google
Enable Health Monitor,Aktivizo Monitorin e Shëndetit
Enable Immutable Ledger,Aktivizo Librin e Pandryshueshëm të Llogarisë
Enable Prepared Report,Aktivizo Raportin e Përgatitur
Enable Provisional Accounting For Non Stock Items,Aktivizo Kontabilitetin e Përkohshëm për Artikujt që nuk janë në Stok
Enable Push Notification Relay,Aktivizo Rele-n e Njoftimeve Push
Enable Rate Limit,Aktivizo Limitin e Shpejtësisë
Enable Scheduler,Aktivizo Planifikuesin
Enable Stock Reservation,Aktivizo rezervimin e stokut
Enable developer mode to create a standard Print Template,Aktivizo modalitetin e zhvilluesit për të krijuar një shabllon standard printimi
Enable email notification for any comment or likes received on your Blog Post.,Aktivizo njoftimin me email për çdo koment ose pëlqim të marrë në postimin tënd në blog.
Enable if on click|||opens modal.,Aktivizo nëse me klikim|||hapet modalisht.
Enable in-app website tracking,Aktivizo gjurmimin e faqes së internetit brenda aplikacionit
Enable it if users want to consider rejected materials to dispatch.,Aktivizojeni nëse përdoruesit duan që materialet e refuzuara të merren në konsideratë për t'i dërguar.
Enable this checkbox even if you want to set the zero priority,Aktivizoni këtë kuti kontrolli edhe nëse doni të vendosni përparësinë zero
Enable this option to calculate daily depreciation by considering the total number of days in the entire depreciation period,Aktivizoni këtë opsion për të llogaritur amortizimin ditor duke marrë parasysh numrin total të ditëve në të gjithë periudhën e amortizimit.
Enable to apply SLA on every {0},Aktivizo zbatimin e SLA-së në çdo {0}
Enabled Scheduler,Planifikuesi i aktivizuar
Enables Calendar and Gantt views.,Aktivizon pamjet e Kalendarit dhe Gantt.
Enabling auto reply on an incoming email account will send automated replies to all the synchronized emails. Do you wish to continue?,Aktivizimi i përgjigjes automatike në një llogari email-i hyrës do të dërgojë përgjigje automatike në të gjitha email-et e sinkronizuara. Dëshironi të vazhdoni?
Enabling this checkbox will force each Job Card Time Log to have From Time and To Time,"Aktivizimi i kësaj kutie kontrolli do të detyrojë që çdo Regjistr Kohor i Kartës së Punës të ketë ""Nga Koha"" dhe ""Deri në Koha""."
Enabling this ensures each Purchase Invoice has a unique value in Supplier Invoice No. field within a particular fiscal year,Aktivizimi i kësaj siguron që çdo Faturë Blerjeje të ketë një vlerë unike në fushën Nr. i Faturës së Furnizuesit brenda një viti të caktuar fiskal.
Enabling this option will allow you to record - <br><br> 1. Advances Received in a <b>Liability Account</b> instead of the <b>Asset Account</b><br><br>2. Advances Paid in an <b>Asset Account</b> instead of the <b> Liability Account</b>,Aktivizimi i këtij opsioni do t'ju lejojë të regjistroni - <br><br> 1. Paradhëniet e Pranuara në një <b>Llogari Detyrimi</b> në vend të <b>Llogarisë së Aseteve</b><br><br>2. Paradhëniet e Paguara në një <b>Llogari Asetesh</b> në vend të <b> Llogarisë së Detyrimit</b>
Enabling this will allow creation of multi-currency invoices against single party account in company currency,Aktivizimi i kësaj do të lejojë krijimin e faturave me shumë monedha kundrejt një llogarie të një pale të vetme në monedhën e kompanisë.
Enabling this will change the way how cancelled transactions are handled.,Aktivizimi i kësaj do të ndryshojë mënyrën se si trajtohen transaksionet e anuluara.
Enabling this will register your site on a central relay server to send push notifications for all installed apps through Firebase Cloud Messaging. This server only stores user tokens and error logs,Aktivizimi i kësaj do ta regjistrojë faqen tuaj në një server qendror rele për të dërguar njoftime shtytëse për të gjitha aplikacionet e instaluara përmes Firebase Cloud Messaging. Ky server ruan vetëm tokenët e përdoruesve dhe regjistrat e gabimeve.
Enabling this will register your site on a central relay server to send push notifications for all installed apps through Firebase Cloud Messaging. This server only stores user tokens and error logs,Aktivizimi i kësaj do ta regjistrojë faqen tuaj në një server qendror rele për të dërguar njoftime shtytëse për të gjitha aplikacionet e instaluara përmes Firebase Cloud Messaging. Ky server ruan vetëm tokenët e përdoruesve dhe regjistrat e gabimeve.
Enabling this will submit documents in background,Aktivizimi i kësaj do të paraqesë dokumentet në sfond
Encrypt Backups,Enkripto kopjet rezervë
Encryption key is in invalid format!,Çelësi i enkriptimit është në format të pavlefshëm!
Encryption key is invalid! Please check site_config.json,Çelësi i enkriptimit është i pavlefshëm! Ju lutemi kontrolloni site_config.json
End,Fund
End Date cannot be today.,Data e mbarimit nuk mund të jetë sot.
End Transit,Përfundo transportin publik
End of the current subscription period,Fundi i periudhës aktuale të abonimit
Ended At,Mbaroi në
Enforce Time Logs,Zbatoni Regjistrat e Kohës
Enqueued By,Në radhë nga
Enqueued creation of indexes,Krijimi i indekseve në radhë
Ensure the user and group search paths are correct.,Sigurohuni që shtigjet e kërkimit të përdoruesit dhe grupit janë të sakta.
Enter First and Last name of Employee,Shkruani Emrin dhe Mbiemrin e Punonjësit
Enter Manually,Fut manualisht
Enter Serial Nos,Vendosni Nr. Serial
Enter Visit Details,Futni Detajet e Vizitës
Enter a name for Routing.,Futni një emër për Routing.
Enter a name for the Operation,Futni një emër për Operacionin
Enter a name for this Holiday List.,Jepni një emër për këtë Listë Festash.
Enter a name for this {0},Fut një emër për këtë {0}
Enter an Item Code,Fut një Kod Artikullit
Enter date to scrap asset,Fut datën për të hequr asetin
Enter each serial no in a new line,Vendosni çdo numër serial në një rresht të ri
Enter the Operation,Hyni në Operacion
Enter the Operation,Hyni në Operacion
Enter the opening stock units.,Futni njësitë e stokut në hapje.
Enter the quantity of the Item that will be manufactured from this Bill of Materials.,Shkruani sasinë e Artikullit që do të prodhohet nga kjo Listë Materialesh.
Enter the quantity to manufacture. Raw material Items will be fetched only when this is set.,Vendos sasinë që do të prodhohet. Lënda e parë. Artikujt do të merren vetëm kur kjo të jetë vendosur.
Error connecting via IMAP/POP3: {e},Gabim gjatë lidhjes nëpërmjet IMAP/POP3: {e}
Error connecting via SMTP: {e},Gabim gjatë lidhjes nëpërmjet SMTP: {e}
Error during caller information update,Gabim gjatë përditësimit të informacionit të thirrësit
Error in Client Script,Gabim në Skriptin e Klientit
Error in Client Script.,Gabim në Skriptin e Klientit.
Error in Header/Footer Script,Gabim në Skriptin e Kokës/Futos së Faqes
Error in party matching for Bank Transaction {0},Gabim në përputhjen e palës për Transaksionin Bankar {0}
Error in print format on line {0}: {1},Gabim në formatin e printimit në rreshtin {0}: {1}
Error while posting depreciation entries,Gabim gjatë postimit të hyrjeve të amortizimit
Error while processing deferred accounting for {0},Gabim gjatë përpunimit të kontabilitetit të shtyrë për {0}
Error while reposting item valuation,Gabim gjatë ripostimit të vlerësimit të artikullit
"Error: This asset already has {0} depreciation periods booked.|||				The `depreciation start` date must be at least {1} periods after the `available for use` date.|||				Please correct the dates accordingly.",Gabim: Ky aset ka tashmë {0} periudha amortizimi të rezervuara.||| Data e `fillimit të amortizimit` duhet të jetë të paktën {1} periudha pas datës `të disponueshme për përdorim`.||| Ju lutemi korrigjoni datat në përputhje me rrethanat.
Errors,Gabime
Errors Notification,Njoftim për Gabime
Event Frequency,Frekuenca e Ngjarjeve
Event Reminders,Kujtesa për Ngjarjet
Events,Ngjarjet
Exact Copies,Kopje të sakta
Example URL,URL shembull
Example of a linked document: {0},Shembull i një dokumenti të lidhur: {0}
Example: ABCD.#####|||If series is set and Serial No is not mentioned in transactions,Shembull: ABCD.######|||Nëse seria është vendosur dhe Nr. Serial nuk përmendet në transaksione
Example: Serial No {0} reserved in {1}.,Shembull: Numri serial {0} i rezervuar në {1}.
Example: Setting this to 24:00 will log out a user if they are not active for 24:00 hours.,Shembull: Vendosja e kësaj në 24:00 do ta çaktivizojë një përdorues nëse nuk është aktiv për 24:00 orë.
Excel,Excel
Excellent,Shkëlqyeshëm
Excess Materials Consumed,Materiale të tepërta të konsumuara
Excess Transfer,Transferimi i tepërt
Exchange Gain / Loss,Fitim/Humbje nga Këmbimi
Exchange Gain Or Loss,Fitim ose Humbje nga Këmbimi
Exchange Gain/Loss amount has been booked through {0},Shuma e Fitimit/Humbjes nga Shkëmbimi është regjistruar nëpërmjet {0}
Exchange Rate Revaluation Settings,Cilësimet e Rivlerësimit të Kursit të Këmbimit
Excluded DocTypes,Llojet e Dokumenteve të Përjashtuara
Executing...,Duke ekzekutuar...
Executive,Ekzekutiv
Exempt Supplies,Furnizime të Përjashtuara
Exit Full Screen,Dil nga Ekrani i Plotë
Expected,Pritet
Expected Balance Qty,Sasia e Bilancit të Pritur
Expected End Date should be less than or equal to parent task's Expected End Date {0}.,Data e pritur e mbarimit duhet të jetë më e vogël ose e barabartë me Datën e pritur të mbarimit të detyrës prind {0}.
Expected Stock Value,Vlera e pritur e aksioneve
Expected Time Required (In Mins),Koha e pritur e nevojshme (në minuta)
Experimental,Eksperimentale
Expiry,Skadimi
Export Import Log,Regjistri i Eksportit dhe Importit
Export all matching rows?,Të eksportohen të gjitha rreshtat që përputhen?
Export all {0} rows?,Të eksportohen të gjitha {0} rreshtat?
Export as zip,Eksporto si kod postar (zip)
Export in Background,Eksporto në Sfond
Export the data without any header notes and column descriptions,Eksportoni të dhënat pa shënime në kokë dhe përshkrime të kolonave
Export without main header,Eksporto pa kokën kryesore
Exported permissions will be force-synced on every migrate overriding any other customization.,"Lejet e eksportuara do të sinkronizohen me detyrim në çdo migrim, duke anashkaluar çdo personalizim tjetër."
Expression,Shprehje
Expression (old style),Shprehje (stili i vjetër)
Extra Consumed Qty,Sasia e konsumuar shtesë
Extra Job Card Quantity,Sasia shtesë e kartës së punës
Extra Parameters,Parametra shtesë
FG Qty from Transferred Raw Materials,Sasia FG nga Lëndët e Para të Transferuara
FIFO Queue vs Qty After Transaction Comparison,Krahasimi i radhës FIFO kundrejt sasisë pas transaksionit
FIFO Stock Queue (qty,Radha e Stokut FIFO (sasia
FIFO/LIFO Queue,Radhë FIFO/LIFO
Failed Emails,Emailet e dështuara
Failed Entries,Hyrje të dështuara
Failed Job Count,Numri i punëve të dështuara
Failed Jobs,Punë të dështuara
Failed Logins (Last 30 days),Hyrje të Dështuara (30 ditët e fundit)
Failed to aquire lock: {}. Lock may be held by another process.,Dështoi në marrjen e bllokimit: {}. Kyçi mund të mbahet nga një proces tjetër.
Failed to compute request body: {},Dështoi në llogaritjen e trupit të kërkesës: {}
Failed to decrypt key {0},Çelësi {0} dështoi në deshifrimin e tij
Failed to delete {0} documents: {1},Dështoi në fshirjen e {0} dokumenteve: {1}
Failed to enable scheduler: {0},Dështoi në aktivizimin e planifikuesit: {0}
Failed to erase demo data,Fshirja e të dhënave demo dështoi
Failed to evaluate conditions: {},Dështoi në vlerësimin e kushteve: {}
Failed to export python type hints,Dështoi në eksportimin e sugjerimeve të tipit python
Failed to generate names from the series,Dështoi në gjenerimin e emrave nga seria
Failed to generate preview of series,Dështoi në gjenerimin e pamjes paraprake të serisë
Failed to get method for command {0} with {1},Dështoi në marrjen e metodës për komandën {0} me {1}
Failed to get method {0} with {1},Dështoi në marrjen e metodës {0} me {1}
Failed to get site info,Dështoi në marrjen e informacionit të faqes
Failed to import virtual doctype {},Importimi i tipit virtual të dokumentit {} dështoi
Failed to optimize image: {0},Optimizimi i imazhit dështoi: {0}
Failed to post depreciation entries,Dështoi në postimin e hyrjeve të amortizimit
Failed to request login to Frappe Cloud,Kërkesa për hyrje në Frappe Cloud dështoi
Failed to send email with subject:,Dështoi të dërgonte email me subjekt:
Failed to send notification email,Dërgimi i email-it të njoftimit dështoi
Failed to setup defaults for country {0}. Please contact support.,Dështoi në caktimin e parazgjedhjeve për vendin {0}. Ju lutemi të kontaktoni mbështetjen.
Failed to update global settings,Dështoi në përditësimin e cilësimeve globale
Failed while calling API {0},Dështoi gjatë thirrjes së API-t {0}.
Failing Scheduled Jobs (last 7 days),Punë të Planifikuara që Dështojnë (7 ditët e fundit)
Failure Description,Përshkrimi i Dështimit
Failure Rate,Shkalla e dështimit
Fetch Based On,Marrje Bazuar në
Fetch Latest Exchange Rate,Merrni Kursin e Këmbimit më të Fundit
Fetch Overdue Payments,Merr pagesat e vonuara
Fetch Timesheet,Merrni Fletën e Kohës
Fetch Timesheet in Sales Invoice,Merrni Fletën e Orarit në Faturën e Shitjes
Fetch Valuation Rate for Internal Transaction,Shkalla e Vlerësimit të Marrjes për Transaksionin e Brendshëm
Fetch Value From,Merr Vlerën Nga
Fetch on Save if Empty,Merr në Ruaj nëse është bosh
Fetching Error,Gabim gjatë marrjes
Fetching exchange rates ...,Duke marrë kurset e këmbimit...
"Field ""title"" is mandatory if ""Website Search Field"" is set.","Fusha ""title"" është e detyrueshme nëse është vendosur ""Fusha e Kërkimit në Faqen e Internetit""."
Field Missing,Mungon fusha
Field Orientation (Left-Right),Orientimi i fushës (Majtas-Djathtas)
Field Orientation (Top-Down),Orientimi i Fushës (Lart-Poshtë)
Field Template,Shablloni i fushës
Field not permitted in query,Fusha nuk lejohet në pyetje
Field {0} does not exist on {1},Fusha {0} nuk ekziston në {1}
Field {0} is referring to non-existing doctype {1}.,Fusha {0} i referohet një doktipi joekzistues {1}.
Fieldname '{0}' conflicting with a {1} of the name {2} in {3},Emri i fushës '{0}' në konflikt me një {1} të emrit {2} në {3}
Fieldname called {0} must exist to enable autonaming,Emri i fushës i quajtur {0} duhet të ekzistojë për të aktivizuar emërtimin automatik
Fieldname {0} appears multiple times,Emri i fushës {0} shfaqet disa herë
Fields `file_name` or `file_url` must be set for File,Fushat `emri_i_file-it` ose `url_i_file-it` duhet të vendosen për Skedarin
Fieldtype cannot be changed from {0} to {1},Lloji i fushës nuk mund të ndryshohet nga {0} në {1}
"File ""{0}"" was skipped because of invalid file type","Skedari ""{0}"" u anashkalua për shkak të llojit të pavlefshëm të skedarit"
"File ""{0}"" was skipped because only {1} uploads are allowed","Skedari ""{0}"" u anashkalua sepse lejohen vetëm ngarkimet e {1}"
"File ""{0}"" was skipped because only {1} uploads are allowed for DocType ""{2}""","Skedari ""{0}"" u anashkalua sepse lejohen vetëm ngarkimet e {1} për DocType ""{2}"""
"File ""{0}"" was skipped because size exceeds {1} MB","Skedari ""{0}"" u anashkalua sepse madhësia tejkalon {1} MB"
File Storage,Ruajtja e skedarëve
File type of {0} is not allowed,Lloji i skedarit {0} nuk lejohet
Filter by Reference Date,Filtro sipas datës së referencës
Filter on Invoice,Filtro në Faturë
Filter on Payment,Filtro sipas Pagesës
Filtered By,Filtruar nga
Filters missing,Mungojnë filtra
Filters {0},Filtra {0}
Filters:,Filtra:
Final Product,Produkti përfundimtar
Financial Ratios,Raportet Financiare
Financial Year Begins On,Viti Financiar Fillon Më
Financial reports will be generated using GL Entry doctypes (should be enabled if Period Closing Voucher is not posted for all years sequentially or missing),Raportet financiare do të gjenerohen duke përdorur tipet e dokumentit të Hyrjes GL (duhet të aktivizohen nëse Kuponi i Mbylljes së Periudhës nuk postohet për të gjitha vitet në mënyrë sekuenciale ose mungon)
Find '{0}' in ...,Gjej '{0}' në ...
Finished At,Përfundoi në
Finished Good BOM,Përfundoi mirë BOM
Finished Good Item,Artikull i Përfunduar Mirë
Finished Good Item Qty,Artikulli i Përfunduar dhe i Mirë Sasia
Finished Good Item Quantity,Sasia e artikullit të përfunduar
Finished Good Item is not specified for service item {0},Artikulli i Përfunduar nuk është specifikuar për artikullin e shërbimit {0}
Finished Good Item {0} Qty can not be zero,Artikull i Përfunduar {0} Sasia nuk mund të jetë zero
Finished Good Item {0} must be a sub-contracted item,Artikulli i Përfunduar {0} duhet të jetë një artikull i nënkontraktuar
Finished Good Qty,Përfunduar mirë Sasia
Finished Good Quantity,Sasi e mirë e përfunduar
Finished Good UOM,Përfundoi mirë UOM
Finished Good {0} does not have a default BOM.,Përfunduar Mirë {0} nuk ka një BOM të paracaktuar.
Finished Good {0} is disabled.,"""Përfunduar mirë"" {0} është çaktivizuar."
Finished Good {0} must be a stock item.,Produkti i Përfunduar {0} duhet të jetë një artikull në magazinë.
Finished Good {0} must be a sub-contracted item.,Produkti i Përfunduar {0} duhet të jetë një artikull i nënkontraktuar.
Finished Goods Based Operating Cost,Kostoja Operative e Bazuar në Produkte të Përfunduara
Finished Goods Item,Artikull i Produkteve të Përfunduara
Finished Goods Reference,Referenca e Produkteve të Përfunduara
Finished Goods Value,Vlera e Produkteve të Përfunduara
Finished Goods based Operating Cost,Kostoja Operative e Bazuar në Produkte të Përfunduara
Finished Item {0} does not match with Work Order {1},Artikulli i përfunduar {0} nuk përputhet me Urdhrin e Punës {1}
First Day of the Week,Dita e parë e javës
First Response Due,Përgjigja e Parë që Duhet
First Response SLA Failed by {},SLA e Përgjigjes së Parë Dështoi nga {}
Fit,Përshtatet
Fixed Asset Defaults,Mospagimet e aseteve fikse
Fixed Asset Turnover Ratio,Raporti i Qarkullimit të Aseteve Fikse
Fixed Outgoing Email Account,Llogari e Email-it Dalës e Rregulluar
Fixed Time,Kohë e caktuar
Floor,Dysheme
Floor Name,Emri i katit
Folder Name,Emri i Dosjes
Folio,Folio
Following Report Filters have missing values:,Filtrat e mëposhtëm të raportit kanë vlera që mungojnë:
Following fields have invalid values:,Fushat e mëposhtme kanë vlera të pavlefshme:
Following fields have missing values,Fushat e mëposhtme kanë vlera që mungojnë
Following links are broken in the email content: {0},Lidhjet e mëposhtme janë të prishura në përmbajtjen e email-it: {0}
Footer,Footeri
"Footer ""Powered By""","Fundi i faqes ""Mundësuar nga"""
Footer Based On,Fundi i faqes i bazuar në
Footer Content,Përmbajtja e Fundi i Faqes
Footer Details,Detajet e fundfaqes
Footer HTML set from attachment {0},HTML-ja e fundfaqes së faqes u vendos nga bashkëngjitja {0}
Footer Image,Imazhi i fundit të faqes
Footer Script,Skripti i Fundlosjes
Footer might not be visible as {0} option is disabled</div>,Fundi i faqes mund të mos jetë i dukshëm pasi opsioni {0} është i çaktivizuar</div>
For Item,Për artikullin
For Item {0} cannot be received more than {1} qty against the {2} {3},Për artikullin {0} nuk mund të merret më shumë se {1} sasi kundrejt {2} {3}
For Job Card,Për Kartën e Punës
For Links,Për Lidhje
For Operation,Për operacion
For Return Invoices with Stock effect,Për Faturat e Kthimit me Efekt Stoku
For Work Order,Për Urdhrin e Punës
For dunning fee and interest,Për tarifën e urgjencës dhe interesin
For example:,Për shembull:
For item <b>{0}</b>,Për artikullin <b>{0}</b>
For item {0},Për artikullin {0}
For more information,Për më shumë informacion
For multiple addresses,Për adresa të shumëfishta
For project {0},Për projektin {0}
For quantity {0} should not be greater than allowed quantity {1},Për sasinë {0} nuk duhet të jetë më e madhe se sasia e lejuar {1}
For the item {0},Për artikullin {0}
For the new {0} to take effect,Që {0} i ri të hyjë në fuqi
For the {0},Për {0}
For the {0},Për {0}
Force Re-route to Default View,Detyro ridrejtimin në Pamjen Parazgjedhur
Force Stop job,Ndalimi i detyruar i punës
Force Web Capture Mode for Uploads,Detyro Modalitetin e Kapjes së Uebit për Ngarkimet
Force-Fetch Subscription Updates,Përditësimet e Abonimit me Forcë të Marrë
Forecast,Parashikimi
Form,Formular
Form Builder,Ndërtues Formash
Form Dict,Formë Dict
Form Tour,Turneu i Formularit
Form Tour Step,Hapi i Turit të Formularit
Formula Based Criteria,Kriteret e Bazuara në Formula
Frappe Blog,Blogu i Frapesë
Frappe Forum,Forumi i Frape-s
Frappe Light,Frape e lehtë
Frappe School,Shkolla e Frapesë
Frappe Support,Mbështetje për Frappe
Free,Falas
Free Item Rate,Çmimi i artikullit falas
From Corrective Job Card,Nga Karta e Punës Korrektuese
From Date and To Date are mandatory,"Data ""Nga"" dhe ""Deri në"" janë të detyrueshme."
From Date is mandatory,Data nga është e detyrueshme
From Date: {0} cannot be greater than To date: {1},Data e fillimit: {0} nuk mund të jetë më e madhe se Data e fillimit: {1}
From Delivery Date,Nga data e dorëzimit
From Doctype,Nga Doctype
From Due Date,Nga data e caktuar
From Employee is required while issuing Asset {0},Nga Punonjësi kërkohet gjatë lëshimit të Asetit {0}
From Opportunity,Nga Mundësia
From Payment Date,Nga data e pagesës
From Prospect,Nga Prospect
From Reference Date,Nga Data e Referencës
From Voucher Detail No,Nga Detajet e Kuponit Nr.
From Voucher No,Nga Nr. i Kuponit
From Voucher Type,Lloji i kuponit nga
From and To dates are required,"Datat ""Nga"" dhe ""Deri"" janë të detyrueshme"
From version,Nga versioni
Full Screen,Ekran i plotë
Full and Final Statement,Deklaratë e plotë dhe përfundimtare
Function {0} is not whitelisted.,Funksioni {0} nuk është në listën e bardhë.
Further sub-groups can only be created under records marked as 'Group',Nëngrupe të mëtejshme mund të krijohen vetëm nën të dhënat e shënuara si 'Grup'
Future date is not allowed,Data e ardhshme nuk lejohet
G - D,G - D
GET,MERR
GL Balance,Bilanci GL
GL Entry Processing Status,Statusi i përpunimit të hyrjes GL
GL reposting index,Indeksi i ripostimit të GL-së
GNU Affero General Public License,Licenca e Përgjithshme Publike GNU Affero
GNU General Public License,Licenca e Përgjithshme Publike GNU
GS1,GS1
GTIN,GTIN
Gain/Loss accumulated in foreign currency account. Accounts with '0' balance in either Base or Account currency,Fitim/Humbje e akumuluar në llogarinë në valutë të huaj. Llogaritë me bilanc '0' në monedhën bazë ose në monedhën e llogarisë
Gain/Loss already booked,Fitimi/Humbja tashmë e rezervuar
Gain/Loss from Revaluation,Fitim/Humbje nga Rivlerësimi
Gantt View,Pamja e Ganttit
General and Payment Ledger Comparison,Krahasimi i Librit të Përgjithshëm dhe të Pagesave
General and Payment Ledger mismatch,Mospërputhje e Regjistrit të Përgjithshëm dhe të Pagesave
Generate Closing Stock Balance,Gjeneroni Bilancin e Stokut në Mbyllje
Generate Demo Data for Exploration,Gjeneroni të dhëna demo për eksplorim
Generate E-Invoice,Gjeneroni faturë elektronike
Generate Invoice At,Gjeneroni Faturë në
Generate Random Password,Gjeneroni fjalëkalim të rastësishëm
Generate Tracking URL,Gjeneroni URL-në e Ndjekjes
Generated,Gjeneruar
Generating Preview,Duke gjeneruar pamjen paraprake
Get Allocations,Merr Alokimet
Get Backup Encryption Key,Merrni Çelësin e Enkriptimit Rezervë
Get Customer Group Details,Merrni Detajet e Grupit të Klientëve
Get Finished Goods for Manufacture,Merrni mallra të gatshme për prodhim
Get Header and Footer wkhtmltopdf variables,Merrni variablat e Header dhe Footer wkhtmltopdf
Get OpenID Configuration,Merrni Konfigurimin e OpenID
Get Outstanding Orders,Merrni porosi të papërfunduara
Get PDF,Merr PDF-në
Get Raw Materials Cost from Consumption Entry,Merrni Koston e Lëndëve të Para nga Hyrja e Konsumit
Get Raw Materials for Purchase,Merrni lëndë të para për blerje
Get Raw Materials for Transfer,Merrni lëndë të para për transferim
Get Scrap Items,Merr artikuj të mbetur
Get Stock,Merrni aksione
Get Sub Assembly Items,Merrni artikujt e nën-montimit
Get Supplier Group Details,Merrni Detajet e Grupit të Furnizuesve
Get Timesheets,Merrni Fletët e Orarit
Get a preview of generated names with a series.,Merrni një pamje paraprake të emrave të gjeneruar me një seri.
Get more insights with,Merrni më shumë njohuri me
Get notified when an email is received on any of the documents assigned to you.,Merrni njoftime kur të merrni një email për ndonjë nga dokumentet që ju janë caktuar.
Get stops from,Merrni ndalesa nga
Getting Scrap Items,Marrja e artikujve të mbetur
Give free item for every N quantity,Jepni artikull falas për çdo sasi N
Go back,Kthehu prapa
Go to Login Required field,"Shko te fusha ""Identifikohu"" e detyrueshme"
Go to Notification Settings List,Shko te Lista e Cilësimeve të Njoftimeve
Go to Workflow,Shko te Fluksi i Punës
Go to Workspace,Shko te Hapësira e Punës
Go to this URL after completing the form,Shkoni te kjo URL pasi të plotësoni formularin
Goods,Mallra
Google Analytics anonymise IP,Google Analytics anonimizon IP-në
Google Calendar - Contact / email not found. Did not add attendee for -<br>{0},Kalendari Google - Kontakti / emaili nuk u gjet. Nuk u shtua pjesëmarrësi për -<br>{0}
Google Calendar - Could not find Calendar for {0},Kalendari Google - Nuk munda ta gjej Kalendarin për {0}
Google Drive Picker,Zgjedhësi i Google Drive
Google Drive Picker Enabled,Zgjedhësi i Google Drive është aktivizuar
Google Meet Link,Lidhja e Google Meet
Grant Commission,Komisioni i Granteve
Graph,Grafik
Gray,Gri
Greater Than,Më i madh se
Greater Than Or Equal To,Më i madh ose i barabartë me
Greeting Message,Mesazh Përshëndetjeje
Grid Empty State,Gjendja e zbrazët e rrjetit
Grid Page Length,Gjatësia e faqes së rrjetës
Grid Shortcuts,Shkurtoret e Rrjetit
Gross Profit Percent,Përqindja e Fitimit Bruto
Gross Profit Ratio,Raporti i Fitimit Bruto
Gross Purchase Amount Too Low: {0} cannot be depreciated over {1} cycles with a frequency of {2} depreciations.,Shuma bruto e blerjes është shumë e ulët: {0} nuk mund të amortizohet gjatë {1} cikleve me një frekuencë prej {2} amortizimesh.
Gross Purchase Amount should be <b>equal</b> to purchase amount of one single Asset.,Shuma bruto e blerjes duhet të jetë <b>e barabartë</b> me shumën e blerjes së një aseti të vetëm.
Group Object Class,Klasa e Objektit të Grupit
Group Same Items,Gruponi artikuj të njëjtë
Grouped by <span style='font-weight:600;'>{0}</b>,Grupuar sipas <span style='font-weight:600;'>{0}</b>
Growth View,Pamje e Rritjes
H - F,H - F
HEAD,KOKË
Handle Employee Advances,Menaxhoni avancimet e punonjësve
Handled Emails,Email-et e trajtuara
Has Alternative Item,Ka artikull alternativ
Has Corrective Cost,Ka kosto korrigjuese
Has Item Scanned,Ka skanuar artikullin
Has Next Condition,Ka kushtin tjetër
Has Priority,Ka përparësi
Has Setup Wizard,Ka Asistentin e Konfigurimit
Has Unit Price Items,Ka artikuj me çmim për njësi
Have Default Naming Series for Batch ID?,A keni seri emërtimi të parazgjedhur për ID-në e serisë?
Header Script,Skripti i Kokës
Header,Titulli
Header/Footer scripts can be used to add dynamic behaviours.,Skriptet e kokës/fundit të faqes mund të përdoren për të shtuar sjellje dinamike.
Headers must be a dictionary,Titujt duhet të jenë një fjalor
Height (cm),Lartësia (cm)
Hello,Përshëndetje
Hello,Përshëndetje
Help: To link to another record in the system,Ndihmë: Për t'u lidhur me një regjistrim tjetër në sistem
Helpful,I dobishëm
Helps you distribute the Budget/Target across months if you have seasonality in your business.,Ju ndihmon të shpërndani Buxhetin/Objektivin përgjatë muajve nëse biznesi juaj ka sezonalitet.
Helvetica Neue,Helvetica Neue
Here are the error logs for the aforementioned failed depreciation entries: {0},Ja regjistrat e gabimeve për hyrjet e dështuara të amortizimit të lartpërmendura: {0}
Here are the options to proceed:,Ja opsionet për të vazhduar:
Here's your tracking URL,Ja URL-ja juaj e gjurmimit
Here,Këtu
Here,Këtu
Hi,Përshëndetje
Hidden Fields,Fushat e Fshehura
Hide Buttons,Fshih butonat
Hide Descendants,Fshih Pasardhësit
Hide Error,Fshih Gabimin
Hide Images,Fshih imazhet
Hide Preview,Fshih pamjen paraprake
Hide Previous,Fshih të mëparshmin
Hide Saved,Fshih të ruajturat
Hide Sidebar,Fshih shiritin anësor
Hide Tags,Fshih etiketat
Hide Workspace,Fshih Hapësirën e Punës
Hide descendant records of <b>For Value</b>.,Fshih të dhënat pasardhëse të <b>Për Vlerë</b>.
Hide footer signup,Fshih regjistrimin në fund të faqes
Hide timesheets,Fshih fletët e orarit
Holiday Date {0} added multiple times,Data e Festës {0} u shtua disa herë
Hourly Maintenance,Mirëmbajtje çdo orë
Hours Spent,Orë të shpenzuara
How often should Project be updated of Total Purchase Cost ?,Sa shpesh duhet të përditësohet Projekti për Koston Totale të Blerjes?
I - J,I - J
I - K,I - K
ID (name),ID (emri)
IDs must contain only alphanumeric characters,ID-të duhet të përmbajnë vetëm karaktere alfanumerike
IMAP Details,Detajet e IMAP-it
IMAP Folder,Dosja IMAP
ISBN,ISBN
ISBN-10,ISBN-10
ISBN-13,ISBN-13
ISSN,ISSN
Idle,Në gjendje joaktive
If <b>Enabled</b> - Reconciliation happens on the <b>Advance Payment posting date</b><br>|||If <b>Disabled</b> - Reconciliation happens on oldest of 2 Dates: <b>Invoice Date</b> or the <b>Advance Payment posting date</b><br>|||,Nëse <b>Aktivizuar</b> - Pajtimi ndodh në datën e <b>postimit të Pagesës Paraprake</b><br>|||Nëse <b>Çaktivizuar</b> - Pajtimi ndodh në datën më të vjetër nga 2: <b>Data e Faturës</b> ose <b>Data e postimit të Pagesës Paraprake</b><br>|||
If an operation is divided into sub operations,Nëse një operacion ndahet në nënoperacione
If checked,Nëse është kontrolluar
If checked,Nëse është kontrolluar
If checked,Nëse është kontrolluar
If checked,Nëse është kontrolluar
If checked,Nëse është kontrolluar
If checked,Nëse është kontrolluar
If enabled then system won't apply the pricing rule on the delivery note which will be create from the pick list,"Nëse aktivizohet, atëherë sistemi nuk do të zbatojë rregullin e çmimit në fletën e dorëzimit, i cili do të krijohet nga lista e përzgjedhjes."
If enabled then system won't override the picked qty / batches / serial numbers / warehouse.,"Nëse aktivizohet, atëherë sistemi nuk do të anashkalojë sasinë / seritë / numrat serialë / magazinën e zgjedhur."
If enabled,Nëse aktivizohet
If enabled,Nëse aktivizohet
If enabled,Nëse aktivizohet
If enabled,Nëse aktivizohet
If enabled,Nëse aktivizohet
If enabled,Nëse aktivizohet
If enabled,Nëse aktivizohet
If enabled,Nëse aktivizohet
If enabled,Nëse aktivizohet
If enabled,Nëse aktivizohet
If enabled,Nëse aktivizohet
If enabled,Nëse aktivizohet
If enabled,Nëse aktivizohet
If it's empty,Nëse është bosh
If left empty,Nëse lihet bosh
If mentioned,Nëse përmendet
If no taxes are set,Nëse nuk janë vendosur taksa
If not,Nëse jo
"If rate is zero then item will be treated as ""Free Item""","Nëse çmimi është zero, atëherë artikulli do të trajtohet si ""Artikull Falas""."
If set,Nëse është vendosur
If set,Nëse është vendosur
If the BOM results in Scrap material,Nëse BOM rezulton në material skrap
If the condition is satisfied user will be rewarded with the points. eg. doc.status == 'Closed'|||,"Nëse kushti plotësohet, përdoruesi do të shpërblehet me pikë. p.sh. doc.status == 'Mbyllur'|||"
If the selected BOM has Operations mentioned in it,Nëse BOM i zgjedhur ka Operacione të përmendura në të
If there is no title column,Nëse nuk ka kolonë titulli
If this checkbox is enabled,Nëse kjo kuti kontrolli është aktivizuar
If this is undesirable please cancel the corresponding Payment Entry.,"Nëse kjo nuk është e dëshirueshme, ju lutemi anuloni Hyrjen përkatëse të Pagesës."
If this was a mistake or you need access again,Nëse ky ishte një gabim ose nëse ju nevojitet përsëri qasje
If unchecked,Nëse nuk është zgjedhur
If yes,Nëse po
If you are maintaining stock of this Item in your Inventory,Nëse po mbani stok të këtij artikulli në inventarin tuaj
If you have any questions,Nëse keni ndonjë pyetje
If you have recently restored the site you may need to copy the site config contaning original Encryption Key.,"Nëse e keni restauruar së fundmi faqen, mund t'ju duhet të kopjoni konfigurimin e faqes që përmban Çelësin origjinal të Enkriptimit."
If you just want to customize for your site,Nëse doni vetëm ta personalizoni për faqen tuaj të internetit
If you need to reconcile particular transactions against each other,Nëse keni nevojë të pajtoni transaksione të caktuara me njëra-tjetrën
If you still want to proceed,Nëse ende dëshironi të vazhdoni
If you still want to proceed,Nëse ende dëshironi të vazhdoni
If your CSV uses a different delimiter,Nëse CSV-ja juaj përdor një ndarës të ndryshëm
Ignore Account Closing Balance,Injoroni Bilancin e Mbylljes së Llogarisë
Ignore Available Stock,Injoroni Stokun e Disponueshëm
Ignore Closing Balance,Injoroni Bilancin Mbyllës
Ignore Default Payment Terms Template,Injoro Shabllonin e Kushteve të Pagesës së Parazgjedhur
Ignore Empty Stock,Injoro stokun bosh
Ignore Exchange Rate Revaluation and Gain / Loss Journals,Injoroni Rivlerësimin e Kursit të Këmbimit dhe Ditarët e Fitimit/Humbjes
Ignore Is Opening check for reporting,"Kontrolloni ""Injoro po hapet"" për raportim"
Ignore Pricing Rule is enabled. Cannot apply coupon code.,Rregulli i Injorimit të Çmimeve është aktivizuar. Kodi i kuponit nuk mund të zbatohet.
Ignore System Generated Credit / Debit Notes,Injoro shënimet e kreditit/debitit të gjeneruara nga sistemi
Ignore Voucher Type filter and Select Vouchers Manually,Injoroni filtrin e Llojit të Kuponit dhe Zgjidhni Kuponët Manualisht
Ignores legacy Is Opening field in GL Entry that allows adding opening balance post the system is in use while generating reports,"Injoron fushën e trashëguar ""Po Hapet"" në Hyrjen GL që lejon shtimin e bilancit fillestar pasi sistemi është në përdorim gjatë gjenerimit të raporteve."
Illegal template,Shabllon i paligjshëm
Image Height,Lartësia e imazhit
Image Width,Gjerësia e imazhit
Image link '{0}' is not valid,Lidhja e imazhit '{0}' nuk është e vlefshme
Image optimized,Imazh i optimizuar
Image: Corrupted Data Stream,Imazh: Rrjedhë e të Dhënave të Korruptuara
Impairment,Dëmtim
Impersonate,Imitoj
Impersonate as {0},Imito si {0}
Impersonated by {0},I imituar nga {0}
Impersonating {0},Imitimi i {0}
Implement `clear_old_logs` method to enable auto error clearing.,Implementoni metodën `clear_old_logs` për të aktivizuar fshirjen automatike të gabimeve.
Import Genericode File,Importo skedarin Genericod
Import Using CSV file,Importo duke përdorur skedarin CSV
Import completed. {0} common codes created.,Importi përfundoi. {0} kode të zakonshme u krijuan.
Import timed out,Koha e importimit skadoi
Importing Common Codes,Importimi i Kodeve të Përbashkëta
Importing {0} is not allowed.,Importimi i {0} nuk lejohet.
In House,Në Shtëpi
In List Filter,Filtri në listë
In Minutes,Brenda minutash
In Party Currency,Në monedhën e partisë
In Read Only Mode,Në Modalitetin Vetëm Lexim
In Transit Transfer,Transferimi në tranzit
In Transit Warehouse,Në Magazinë e Tranzitit
In mins,Në minuta
"In row {0} of Appointment Booking Slots: ""To Time"" must be later than ""From Time"".","Në rreshtin {0} të Orareve të Rezervimit të Takimeve: ""Deri në Orën"" duhet të jetë më vonë se ""Nga Ora""."
In this section,Në këtë seksion
Inactive Status,Statusi joaktiv
Inbox View,Pamja e Kutisë Hyrëse
Include Account Currency,Përfshi monedhën e llogarisë
Include Closed Orders,Përfshi porositë e mbyllura
Include Default FB Assets,Përfshi Asetet e Paracaktuara të FB-së
Include Disabled,Përfshini personat me aftësi të kufizuara
Include Expired Batches,Përfshi grupet e skaduara
Include Name Field,Përfshij fushën e emrit
Include Safety Stock in Required Qty Calculation,Përfshirja e Stokut të Sigurisë në Llogaritjen e Sasisë së Kërkuar
Include Timesheets in Draft Status,Përfshi fletët e kohës në statusin e draftit
Include Zero Stock Items,Përfshi Zero Artikuj në Stok
Include filters,Përfshi filtrat
Incoming (POP/IMAP) Settings,Cilësimet e Hyrjes (POP/IMAP)
Incoming Call Handling Schedule,Orari i Trajtimit të Thirrjeve Hyrëse
Incoming Call Settings,Cilësimet e Thirrjeve Hyrëse
Incoming Emails (Last 7 days),Emailet hyrëse (7 ditët e fundit)
Incoming Rate (Costing),Tarifa Hyrëse (Kostoja)
Incoming Server,Serveri Hyrës
Incoming Settings,Cilësimet hyrëse
Incompatible Setting Detected,U zbulua cilësim i papajtueshëm
Incomplete Virtual Doctype Implementation,Implementim i paplotë i Doctype Virtual
Incorrect Balance Qty After Transaction,Sasia e Bilancit të Pasaktë pas Transaksionit
Incorrect Batch Consumed,Konsumimi i serisë së gabuar
Incorrect Check in (group) Warehouse for Reorder,Regjistrim i gabuar (grup) në depo për riporositje
Incorrect Component Quantity,Sasi e pasaktë e komponentëve
Incorrect Invoice,Faturë e pasaktë
Incorrect Payment Type,Lloj pagese i pasaktë
Incorrect Reference Document (Purchase Receipt Item),Dokument Reference i Pasaktë (Artikulli i Faturës së Blerjes)
Incorrect Serial No Valuation,Vlerësim i gabuar i numrit serial
Incorrect Serial Number Consumed,Numri serial i gabuar i konsumuar
Incorrect Serial and Batch Bundle,Serial dhe Pako e pasaktë
Incorrect Stock Value Report,Raport i pasaktë i vlerës së aksioneve
Incorrect Type of Transaction,Lloj i gabuar i transaksionit
Incorrect value in row {0}:,Vlerë e pasaktë në rreshtin {0}:
Incorrect value:,Vlerë e pasaktë:
Incoterm,Inkoterm
Increase In Asset Life(Months),Rritje e Jetëgjatësisë së Aseteve (Muaj)
Indent,Indent
Index created successfully on column {0} of doctype {1},Indeksi u krijua me sukses në kolonën {0} të tipit doc {1}
Indexing authorization code,Kodi i autorizimit të indeksimit
Indexing refresh token,Simboli i rifreskimit të indeksimit
Indicator color,Ngjyra e treguesit
Indirect Expense,Shpenzime indirekte
Individual GL Entry cannot be cancelled.,Hyrja individuale në GL nuk mund të anulohet.
Individual Stock Ledger Entry cannot be cancelled.,Regjistrimi individual i regjistrit të aksioneve nuk mund të anulohet.
Initialize Summary Table,Inicializoni Tabelën Përmbledhëse
Insert Image in Markdown,Vendos imazhin në Markdown
Inspection Rejected,Inspektimi u refuzua
Inspection Submission,Dorëzimi i Inspektimit
Instagram,Instagram
Install {0} from Marketplace,Instalo {0} nga Marketplace
Installed Apps,Aplikacionet e instaluara
Instruction,Udhëzim
Insufficient Capacity,Kapacitet i pamjaftueshëm
Insufficient Permission Level for {0},Nivel i pamjaftueshëm lejesh për {0}
Insufficient Permissions for deleting Report,Leje të pamjaftueshme për fshirjen e raportit
Insufficient Permissions for editing Report,Leje të pamjaftueshme për redaktimin e raportit
Insufficient Stock for Batch,Stok i pamjaftueshëm për serinë
Insufficient attachment limit,Limit i pamjaftueshëm i bashkëngjitjes
Inter,Inter
Inter Company Purchase Order,Urdhër Blerjeje Inter Company
Inter Company Sales Order,Urdhër Shitjeje Inter Company
Inter Transfer Reference,Referenca e transferimit inter
Interest and/or dunning fee,Interesi dhe/ose tarifa e njoftimit
Internal Customer,Klient i Brendshëm
Internal Customer for company {0} already exists,Klienti i brendshëm për kompaninë {0} ekziston tashmë
Internal Purchase Order,Urdhër Blerjeje i Brendshëm
Internal Sale or Delivery Reference missing.,Mungon Referenca e Shitjes ose Dorëzimit të Brendshëm.
Internal Sales Order,Porosi Shitjesh e Brendshme
Internal Sales Reference Missing,Mungon Referenca e Shitjeve të Brendshme
Internal Supplier,Furnizues i Brendshëm
Internal Supplier for company {0} already exists,Furnizuesi i brendshëm për kompaninë {0} ekziston tashmë
Internal Transfer Reference Missing,Mungon Referenca e Transferimit të Brendshëm
Internal Transfers,Transferime të Brendshme
Internal transfers can only be done in company's default currency,Transfertat e brendshme mund të bëhen vetëm në monedhën standarde të kompanisë.
Interval should be between 1 to 59 MInutes,Intervali duhet të jetë nga 1 deri në 59 minuta.
Intro,Hyrje
Intro Video URL,URL-ja e videos hyrëse
Introspection URI,URI i Introspeksionit
"Invalid ""mandatory_depends_on"" expression","Shprehje ""mandatory_depends_on"" e pavlefshme"
Invalid Action,Veprim i pavlefshëm
Invalid Allocated Amount,Shuma e alokuar e pavlefshme
Invalid Amount,Shuma e pavlefshme
Invalid Auto Repeat Date,Datë e pavlefshme e përsëritjes automatike
Invalid Code. Please try again.,Kod i pavlefshëm. Ju lutemi provoni përsëri.
Invalid Condition: {},Kusht i pavlefshëm: {}
Invalid Cost Center,Qendër kostoje e pavlefshme
Invalid Delivery Date,Datë e pavlefshme e dorëzimit
Invalid Discount,Zbritje e pavlefshme
Invalid DocType,Lloji i dokumentit i pavlefshëm
Invalid DocType: {0},Lloji i dokumentit i pavlefshëm: {0}
Invalid Doctype,Tip dokumenti i pavlefshëm
Invalid Document,Dokument i pavlefshëm
Invalid Document Type,Lloji i dokumentit i pavlefshëm
Invalid Fieldname,Emër i pavlefshëm fushe
Invalid File URL,URL e pavlefshme e skedarit
Invalid Filter Format for field {0} of type {1}. Try using filter icon on the field to set it correctly,Format i pavlefshëm i filtrit për fushën {0} të tipit {1}. Provo të përdorësh ikonën e filtrit në fushë për ta vendosur saktë.
Invalid Formula,Formulë e pavlefshme
Invalid Group By,Grup i pavlefshëm sipas
Invalid Item Defaults,Parazgjedhjet e artikujve të pavlefshëm
Invalid Ledger Entries,Regjistrime të pavlefshme të librit të llogarisë
Invalid Naming Series: {},Seri emërtimi e pavlefshme: {}
Invalid Operation,Operacion i pavlefshëm
Invalid Outgoing Mail Server or Port: {0},Server ose Portë Dalëse e Pavlefshme: {0}
Invalid Parameters.,Parametra të pavlefshëm.
Invalid Phone Number,Numër telefoni i pavlefshëm
Invalid Primary Role,Rol Kryesor i pavlefshëm
Invalid Priority,Prioritet i pavlefshëm
Invalid Process Loss Configuration,Konfigurimi i Humbjes së Procesit i Pavlefshëm
Invalid Purchase Invoice,Faturë blerjeje e pavlefshme
Invalid Qty,Sasi e pavlefshme
Invalid Schedule,Orar i pavlefshëm
Invalid Serial and Batch Bundle,Serial dhe Pako e pavlefshme
Invalid Table Fieldname,Emër i pavlefshëm i fushës së tabelës
Invalid Transition,Kalim i pavlefshëm
Invalid Values,Vlera të pavlefshme
Invalid Warehouse,Depo e pavlefshme
Invalid Webhook Secret,Sekret i pavlefshëm i Webhook-ut
Invalid aggregate function,Funksion i pavlefshëm i përmbledhjes
Invalid amount in accounting entries of {} {} for Account {}: {},Shumë e pavlefshme në regjistrimet kontabël të {} {} për Llogarinë {}: {}
Invalid app,Aplikacion i pavlefshëm
Invalid docstatus,Status dokumenti i pavlefshëm
Invalid field for grouping,Fushë e pavlefshme për grupim
Invalid input,Të dhëna të pavlefshme
Invalid key,Çelës i pavlefshëm
Invalid name type (integer) for varchar name column,Lloji i pavlefshëm i emrit (numër i plotë) për kolonën e emrit varchar
Invalid naming series {}: dot (.) missing,Seri emërtimi {} e pavlefshme: mungon pika (.)
Invalid naming series {}: dot (.) missing before the numeric placeholders. Kindly use a format like <b>ABCD.#####</b>.,Seri emërtimi {} e pavlefshme: pika (.) mungon para vendmbajtësve numerikë. Ju lutemi përdorni një format si <b>ABCD.#####</b>.
Invalid redirect regex in row #{}: {},Rregullorja e ridrejtimit e pavlefshme në rreshtin #{}: {}
Invalid request arguments,Argumente të pavlefshme të kërkesës
Invalid result key. Response:,Çelës rezultati i pavlefshëm. Përgjigja:
Invalid role,Rol i pavlefshëm
Invalid token state! Check if the token has been created by the OAuth user.,Gjendje e pavlefshme e tokenit! Kontrolloni nëse tokeni është krijuar nga përdoruesi i OAuth.
Invalid value {0} for {1} against account {2},Vlerë e pavlefshme {0} për {1} kundrejt llogarisë {2}
Invalid values for fields:,Vlera të pavlefshme për fushat:
Invalid wkhtmltopdf version,Version i pavlefshëm i wkhtmltopdf
Inventory Dimension,Dimensioni i inventarit
Inventory Dimension Negative Stock,Dimensioni i Inventarit Stoku Negativ
Inventory Settings,Cilësimet e inventarit
Inventory Turnover Ratio,Raporti i Qarkullimit të Inventarit
Invitation already accepted,Ftesa është pranuar tashmë
Invitation already exists,Ftesa ekziston tashmë
Invitation cannot be cancelled,Ftesa nuk mund të anulohet
Invitation is cancelled,Ftesa është anuluar
Invitation is expired,Ftesa ka skaduar
Invitation not found,Ftesa nuk u gjet
Invitation to join {0} cancelled,Ftesa për t'u bashkuar me {0} u anulua
Invitation to join {0} expired,Ftesa për t'u bashkuar me {0} skadoi
Invited By,I ftuar nga
Invoice Cancellation,Anulimi i faturës
Invoice ID,ID-ja e faturës
Invoice Limit,Limiti i Faturës
Invoice Portion (%),Pjesa e Faturës (%)
Invoice and Billing,Fatura dhe Faturimi
Invoiced Amount (Excl. Tax),Shuma e faturuar (pa taksa)
Invoiced Qty,Sasia e faturuar
Invoices and Payments have been Fetched and Allocated,Faturat dhe pagesat janë marrë dhe ndarë
Invoicing Features,Karakteristikat e Faturimit
Is Adjustment Entry,A është Hyrja e Rregullimit
Is Alternative,Është Alternativë
Is Calendar and Gantt,A është Kalendari dhe Gantti
Is Cash or Non Trade Discount,Zbritje me para në dorë apo jo tregtare
Is Composite Asset,Është Aset i Përbërë
Is Corrective Job Card,A është Karta e Punës Korrektuese
Is Corrective Operation,Është operacion korrigjues
Is Custom,Është me porosi
Is Dynamic URL?,A është URL dinamike?
Is Exchange Gain / Loss?,A është shkëmbimi fitim/humbje?
Is Expandable,Është i zgjerueshëm
Is Finished Item,Është artikulli i përfunduar
Is Fully Depreciated,Është plotësisht i amortizuar
Is Group Warehouse,A është Magazina e Grupit
Is Hidden,Është i fshehur
Is Old Subcontracting Flow,A është rrjedha e nënkontraktimit të vjetër
Is Outward,Është i Jashtëm
Is Period Closing Voucher Entry,A është Hyrja e Kuponit të Mbylljes së Periudhës
Is Query Report,Është Raporti i Pyetjeve
Is Rate Adjustment Entry (Debit Note),A është Hyrja e Rregullimit të Normës (Shënim Debiti)
Is Recursive,Është rekursive
Is Rejected,Është refuzuar
Is Rejected Warehouse,A është refuzuar depoja
Is Remote Request?,A është Kërkesë në Distancë?
Is Scrap Item,Është artikull i mbetur
Is Setup Complete?,A është përfunduar konfigurimi?
Is Short/Long Year,Është vit i shkurtër/i gjatë
Is Stock Item,Është artikull në stok
Is System Generated,A është gjeneruar sistemi
Is Table Field,Është fusha e tabelës
Is Tax Withholding Account,A është llogaria e mbajtjes së tatimit në burim
Is Template,Është shabllon
Is Virtual,Është virtual
Issue Analytics,Analitika e Çështjeve
Issue Summary,Përmbledhje e Çështjes
Issue a debit note with 0 qty against an existing Sales Invoice,Lëshoni një shënim debiti me sasi 0 kundrejt një Fature Shitjeje ekzistuese
It can take upto few hours for accurate stock values to be visible after merging items.,Mund të duhen deri në disa orë që vlerat e sakta të stokut të jenë të dukshme pas bashkimit të artikujve.
It's not possible to distribute charges equally when total amount is zero,Nuk është e mundur të shpërndahen tarifat në mënyrë të barabartë kur shuma totale është zero.
Item Code (Final Product),Kodi i Artikullit (Produkti Përfundimtar)
Item Group wise Discount,Zbritje sipas Grupit të Artikullit
Item Price Settings,Cilësimet e Çmimit të Artikullit
Item Price appears multiple times based on Price List,Çmimi i artikullit shfaqet disa herë bazuar në Listën e Çmimeve
Item Reference,Referenca e artikullit
Item Warehouse based reposting has been enabled.,Ripostimi i bazuar në Deponë e Artikujve është aktivizuar.
Item and Warehouse,Artikull dhe Magazinë
Item is removed since no serial / batch no selected.,Artikulli është hequr pasi nuk është zgjedhur serial / grup.
Item qty can not be updated as raw materials are already processed.,Sasia e artikullit nuk mund të përditësohet pasi lëndët e para janë përpunuar tashmë.
Item rate has been updated to zero as Allow Zero Valuation Rate is checked for item {0},"Çmimi i artikullit është përditësuar në zero pasi është kontrolluar ""Lejo Vlerësimin Zero"" për artikullin {0}"
Item valuation reposting in progress. Report might show incorrect item valuation.,Vlerësimi i artikullit po ripostohet në vazhdim. Raporti mund të tregojë vlerësim të gabuar të artikullit.
Item {0} cannot be added as a sub-assembly of itself,Artikulli {0} nuk mund të shtohet si një nën-montim i vetvetes
Item {0} cannot be ordered more than {1} against Blanket Order {2}.,Artikulli {0} nuk mund të porositet më shumë se {1} kundrejt Porosisë së Përbashkët {2}.
Item {0} does not exist.,Artikulli {0} nuk ekziston.
Item {0} entered multiple times.,Artikulli {0} u fut disa herë.
Item {0} is already reserved/delivered against Sales Order {1}.,Artikulli {0} është rezervuar/dorëzuar tashmë kundrejt Porosisë së Shitjes {1}.
Item {0} must be a Non-Stock Item,Artikulli {0} duhet të jetë një artikull jo në stok
Item {0} not found in 'Raw Materials Supplied' table in {1} {2},Artikulli {0} nuk u gjet në tabelën 'Lëndë të Para të Furnizuara' në {1} {2}
Item {0} not found.,Artikulli {0} nuk u gjet.
Item {} does not exist.,Artikulli {} nuk ekziston.
Item/Item Code required to get Item Tax Template.,Kërkohet Kodi i Artikullit/Artikullit për të marrë Modelin e Taksave të Artikullit.
Items cannot be updated as Subcontracting Order is created against the Purchase Order {0}.,Artikujt nuk mund të përditësohen pasi Urdhri i Nënkontraktimit është krijuar kundrejt Urdhrit të Blerjes {0}.
Items rate has been updated to zero as Allow Zero Valuation Rate is checked for the following items: {0},"Çmimi i artikujve është përditësuar në zero pasi është kontrolluar ""Lejo Vlerësimin Zero"" për artikujt e mëposhtëm: {0}"
Items to Be Repost,Artikuj që do të ripostohen
Items to Reserve,Artikuj për të rezervuar
Items {0} do not exist in the Item master.,Artikujt {0} nuk ekzistojnë në masterin e artikujve.
JAN,JANAR
JS Message,Mesazhi i JS-së
Jane Doe,Jane Doe
Job Capacity,Kapaciteti i Punës
Job Card Operation,Funksionimi i Kartës së Punës
Job Card Scheduled Time,Ora e Planifikuar e Kartës së Punës
Job Card Scrap Item,Artikull i mbetur i kartës së punës
Job Card and Capacity Planning,Karta e Punës dhe Planifikimi i Kapacitetit
Job Cards,Kartat e Punës
Job ID,ID e punës
Job Id,ID e punës
Job Info,Informacion për punën
Job Name,Emri i punës
Job Paused,Puna u ndërpre
Job Status,Statusi i Punës
Job Stopped Successfully,Puna u ndalua me sukses
Job Worker,Punëtor pune
Job Worker Address,Adresa e Punëtorit të Punës
Job Worker Address Details,Detajet e Adresës së Punëtorit të Punës
Job Worker Contact,Kontakti i Punëtorit të Punës
Job Worker Delivery Note,Shënim Dorëzimi për Punëtorin e Punës
Job Worker Name,Emri i Punëtorit të Punës
Job Worker Warehouse,Depoja e Punëtorëve të Punës
Job is in {0} state and can't be cancelled,Puna është në gjendjen {0} dhe nuk mund të anulohet
Job is not running.,Puna nuk është duke u ekzekutuar.
Job: {0} has been triggered for processing failed transactions,Puna: {0} është aktivizuar për përpunimin e transaksioneve të dështuara
Join video conference with {0},Bashkohu në videokonferencë me {0}
Joining,Duke u bashkuar
Journal Entries,Hyrjet në ditar
Journal Entry for Asset scrapping cannot be cancelled. Please restore the Asset.,Regjistrimi në ditar për heqjen e aseteve nuk mund të anulohet. Ju lutemi rivendosni asetet.
Journal Entry type should be set as Depreciation Entry for asset depreciation,Lloji i Regjistrimit të Ditarit duhet të vendoset si Regjistrim i Amortizimit për amortizimin e aseteve.
Journal entries have been created,Shënimet në ditar janë krijuar
Journals,Revista
K,K
Kanban Settings,Cilësimet e Kanbanit
Kanban View,Pamja e Kanbanit
Keycloak,Mbulesë çelësash
Kh,Kh
Kindly cancel the Manufacturing Entries first against the work order {0}.,Ju lutemi anuloni së pari Hyrjet e Prodhimit kundrejt urdhrit të punës {0}.
L,L
LDAP Auth,Autorizimi LDAP
LDAP Custom Settings,Cilësimet e personalizuara të LDAP-it
LDAP Group Member attribute,Atributi i Anëtarit të Grupit LDAP
LDAP Search String must be enclosed in '()' and needs to contian the user placeholder {0},Vargu i kërkimit LDAP duhet të jetë i mbyllur në '()' dhe duhet të përmbajë vendin e përdoruesit {0}
LDAP Search and Paths,Kërkimi dhe Shtigjet LDAP
LDAP Server Settings,Cilësimet e Serverit LDAP
LDAP search path for Groups,Shtegu i kërkimit LDAP për Grupet
LDAP search path for Users,Shtegu i kërkimit LDAP për Përdoruesit
LDAP settings incorrect. validation response was: {0},Cilësimet e LDAP-it janë të pasakta. Përgjigja e validimit ishte: {0}
LIFO,LIFO
Last 10 active users,10 Përdoruesit e fundit aktivë
Last 14 Days,14 Ditët e fundit
Last 30 Days,30 Ditët e fundit
Last 6 Months,6 Muajt e fundit
Last 7 Days,7 Ditët e fundit
Last 90 Days,90 Ditët e fundit
Last GL Entry update was done {}. This operation is not allowed while system is actively being used. Please wait for 5 minutes before retrying.,Përditësimi i fundit i Hyrjes GL u krye {}. Ky veprim nuk lejohet ndërsa sistemi është duke u përdorur në mënyrë aktive. Ju lutemi prisni 5 minuta para se të provoni përsëri.
Last Heartbeat,Rrahja e Fundit e Zemrës
Last Name,Mbiemri
Last Reset Password Key Generated On,Çelësi i fundit i rivendosjes së fjalëkalimit u gjenerua më
Last Scanned Warehouse,Magazina e Skanuar e Fundit
Last transacted,Transaksioni i fundit
Layout Reset,Rivendosja e Paraqitjes
Layout will be reset to standard layout,Paraqitja do të rivendoset në paraqitjen standarde
Lead -> Prospect,Kontakt -> Perspektivë
Lead Owner cannot be same as the Lead Email Address,Pronari i Propozimit nuk mund të jetë i njëjtë me Adresën e Email-it të Propozuesit
Lead {0} has been added to prospect {1}.,Klienti potencial {0} është shtuar te klienti potencial {1}.
Leads,Kontaktet
"Learn about <a href=""https://docs.erpnext.com/docs/v13/user/manual/en/accounts/articles/common_party_accounting#:~:text=Common%20Party%20Accounting%20in%20ERPNext","Mësoni rreth <a href=""https://docs.erpnext.com/docs/v13/user/manual/en/accounts/articles/common_party_accounting#:~:text=Common%20Party%20Accounting%20in%20ERPNext"
Learn more,Mëso më shumë
Leave blank for home.|||This is relative to site URL,Lëreni bosh për faqen kryesore.|||Kjo është në lidhje me URL-në e faqes.
Ledger Health,Shëndeti i Ledger
Ledger Health Monitor,Monitori i Shëndetit të Librit Llogaritar
Ledger Health Monitor Company,Kompania e Monitorimit të Shëndetit Ledger
Ledger Merge,Bashkimi i Librave të Llogarive
Ledger Merge Accounts,Llogaritë e Bashkimit të Librit Kryesor
Left Bottom,Majtas Poshtë
Left Center,Qendra e Majtë
Left Child,Fëmija i majtë
Legacy Fields,Fushat e Trashëguara
Legend,Legjenda
Length (cm),Gjatësia (cm)
Length of passed data array is greater than value of maximum allowed label points!,Gjatësia e vargut të të dhënave të kaluara është më e madhe se vlera e pikëve maksimale të lejuara të etiketës!
Less Than,Më pak se
Less Than Or Equal To,Më pak se ose e barabartë me
Let us continue with the onboarding,Le të vazhdojmë me integrimin
Let's set up your account,Le të konfigurojmë llogarinë tënde
Letter Head Scripts,Skripte me Kokë Letre
Letter Head cannot be both disabled and default,Koka e Letrës nuk mund të jetë njëkohësisht e çaktivizuar dhe e parazgjedhur.
Level (BOM),Niveli (BOM)
Library,Biblioteka
License Type,Lloji i Licencës
Light,Dritë
Light Blue,Blu e çelët
Light Theme,Temë e çelët
Like limit,Limiti i pëlqimeve
Like limit per hour,Limiti i pëlqimeve për orë
Like on {0}: {1},Pëlqe në {0}: {1}
Liked by me,Më pëlqeu mua
Limit timeslot for Stock Reposting,Kufizimi i intervalit kohor për ripostimin e aksioneve
Limits don't apply on,Limitet nuk zbatohen në
Link Count,Numri i lidhjeve
Link Details,Detajet e lidhjes
Link Field Results Limit,Limiti i Rezultateve të Fushës së Lidhjes
Link Filters,Filtrat e lidhjeve
Link To in Row,Lidhje me në rresht
Link Type,Lloji i lidhjes
Link Type in Row,Lloji i lidhjes në rresht
Link a new bank account,Lidh një llogari të re bankare
"Link for About Us Page is ""/about"".","Lidhja për faqen Rreth Nesh është ""/about""."
Link that is the website home page. Standard Links (home,Lidhje që është faqja kryesore e faqes së internetit. Lidhje standarde (faqja kryesore
Link with Customer,Lidhu me Klientin
Link with Supplier,Lidhja me Furnizuesin
Linked with submitted documents,Lidhur me dokumentet e paraqitura
Linking Failed,Lidhja dështoi
Linking to Customer Failed. Please try again.,Lidhja me klientin dështoi. Ju lutemi provoni përsëri.
Linking to Supplier Failed. Please try again.,Lidhja me Furnizuesin Dështoi. Ju lutemi provoni përsëri.
Liquidity Ratios,Raportet e Likuiditetit
List / Search Settings,Cilësimet e listës / kërkimit
List Columns,Kolonat e listës
List View,Pamje liste
List setting message,Mesazhi i konfigurimit të listës
Lists,Listat
Load More Communications,Ngarko më shumë komunikime
Load more,Ngarko më shumë
Loading Invoices! Please Wait...,Duke ngarkuar faturat! Ju lutemi prisni...
Loading user profile,Duke ngarkuar profilin e përdoruesit
Loading versions...,Duke ngarkuar versionet...
Locked,I kyçur
Log API Requests,Kërkesat e API-t të Regjistrimit
Log DocType,Lloji i Dokumentit të Regjistrimit
Log Entries,Hyrjet e regjistrit
Log In To {0},Kyçu në {0}
Log Index,Indeksi i Logaritmit
Log out,Dil nga llogaria
Log the selling and buying rate of an Item,Regjistroni shkallën e shitjes dhe blerjes së një artikulli
Login Failed please try again,"Hyrja dështoi, ju lutemi provoni përsëri."
Login Methods,Metodat e hyrjes
Login Page,Faqja e hyrjes
Login To {0},Kyçu në {0}
Login is required to see web form list view. Enable {0} to see list settings,Kërkohet identifikim për të parë pamjen e listës së formularëve në internet. Aktivizo {0} për të parë cilësimet e listës.
Login link sent to your email,Lidhja e hyrjes u dërgua në emailin tuaj
Login required,Kërkohet hyrje
Login to start a new discussion,Kyçu për të filluar një diskutim të ri
Login to {0},Kyçu në {0}
Login with Email Link,Kyçu me Lidhjen e Email-it
Login with Frappe Cloud,Kyçu me Frappe Cloud
Login with email link,Kyçu me lidhjen e email-it
Login with email link expiry (in minutes),Identifikohu me skadimin e lidhjes së email-it (në minuta)
Login with username and password is not allowed.,Hyrja me emër përdoruesi dhe fjalëkalim nuk lejohet.
Login with {0},Kyçu me {0}
Logs To Clear,Logje për t'u fshirë
Logs to Clear,Logje për t'u fshirë
Looks like you haven\u2019t received any notifications.,Me sa duket nuk ke marrë asnjë njoftim.
Looks like you haven’t added any third party apps.,Me sa duket nuk ke shtuar asnjë aplikacion të palës së tretë.
Looks like you haven’t received any notifications.,Me sa duket nuk ke marrë asnjë njoftim.
Lost Quotations,Citate të Humbura
Lost Quotations %,% E Kuotimeve të Humbura
Lost Reasons are required in case opportunity is Lost.,Arsyet e Humbura kërkohen në rast se humbet mundësia.
Lost Value,Vlerë e Humbur
Lost Value %,% E Vlerës së Humbur
Loving Frappe Framework?,A ju pëlqen Frappe Frape?
M,M
MAT-SCR-.YYYY.-,MAT-SCR-.YYYY.-
MAT-SCR-RET-.YYYY.-,MAT-SCR-RET-.YYYY.-
MIT License,Licencë MIT
Machine Type,Lloji i makinës
Main Cost Center,Qendra Kryesore e Kostos
Main Cost Center {0} cannot be entered in the child table,Qendra Kryesore e Kostos {0} nuk mund të futet në tabelën e fëmijëve
Maintain Asset,Mirëmbajtja e Asetit
Maintain Same Rate Throughout Internal Transaction,Ruani të njëjtën normë gjatë gjithë transaksionit të brendshëm
Maintenance Details,Detajet e Mirëmbajtjes
Major,Kryesor
Make Asset Movement,Bëni Lëvizjen e Aseteve
Make Attachment Public (by default),Bëje bashkëngjitjen publike (si parazgjedhje)
Make Attachments Public by Default,Bëji bashkëngjitjet publike si parazgjedhje
Make Quotation,Bëni një kuotë
Make Return Entry,Bëni hyrjen e kthimit
Make Serial No / Batch from Work Order,Krijo Nr. Serial / Grumbull nga Urdhri i Punës
Make sure to configure a Social Login Key before disabling to prevent lockout,Sigurohuni që të konfiguroni një Çelës Hyrjeje Sociale përpara se ta çaktivizoni për të parandaluar bllokimin.
Make {0} Variant,Bëj {0} Variantin
Make {0} Variants,Krijo {0} Variante
Making Journal Entries against advance accounts: {0} is not recommended. These Journals won't be available for Reconciliation.,Bërja e Regjistrimeve në Ditar kundrejt llogarive paraprake: {0} nuk rekomandohet. Këto Ditarë nuk do të jenë të disponueshëm për Pajtim.
Manage,Menaxho
Manage third party apps,Menaxho aplikacionet e palëve të treta
Manage your apps,Menaxho aplikacionet e tua
Mandatory Accounting Dimension,Dimensioni i detyrueshëm i kontabilitetit
Mandatory Depends On (JS),Varet nga e detyrueshme (JS)
Mandatory Field,Fushë e detyrueshme
Mandatory Section,Seksioni i detyrueshëm
Mandatory fields required:,Fushat e detyrueshme të kërkuara:
Manual Inspection,Inspektim manual
Manufacturing Type,Lloji i Prodhimit
Map,Hartë
Map View,Pamja e Hartës
Mapping Purchase Receipt ...,Faturë Blerjeje Hartuese ...
Mapping Subcontracting Order ...,Hartimi i Urdhrit të Nënkontraktimit ...
Mapping {0} ...,Hartimi i {0} ...
Margin Bottom,Marzhi i poshtëm
Margin Left,Margjina e majtë
Margin Right,Margjina e djathtë
Margin Top,Marzhi i Sipërm
Margin View,Pamje Margjinale
MariaDB Variables,Variablat e MariaDB
Mark As Closed,Shëno si të mbyllur
Mark all as read,Shëno të gjitha si të lexuara
Marketing Campaign,Fushata e Marketingut
Material Returned from WIP,Materiali i kthyer nga WIP
Material Transfer (In Transit),Transferimi i Materialeve (Në Tranzit)
Materials are already received against the {0} {1},Materialet janë marrë tashmë sipas {0} {1}
Materials needs to be transferred to the work in progress warehouse for the job card {0},Materialet duhet të transferohen në magazinën e punës në vazhdim për kartën e punës {0}
Max File Size (MB),Madhësia maksimale e skedarit (MB)
Max Height,Lartësia maksimale
Max Qty (As Per Stock UOM),Sasia Maks (Sipas UOM në Stok)
Max Report Rows,Rreshtat Maksimale të Raportit
Max attachment size,Madhësia maksimale e bashkëngjitjes
Max auto email report per user,Raporti maksimal automatik i email-it për përdorues
Max signups allowed per hour,Numri maksimal i regjistrimeve të lejuara në orë
Maximum Attachment Limit of {0} has been reached for {1} {2}.,Është arritur limiti maksimal i bashkëngjitjeve prej {0} për {1} {2}.
Maximum Net Rate,Shkalla maksimale neto
Maximum Payment Amount,Shuma Maksimale e Pagesës
Maximum Value,Vlera Maksimale
Maximum attachment limit of {0} has been reached.,Është arritur limiti maksimal i bashkëngjitjeve prej {0}.
Maximum points allowed after multiplying points with the multiplier value|||(Note: For no limit leave this field empty or set 0),"Pikët maksimale të lejuara pas shumëzimit të pikëve me vlerën e shumëzuesit|||(Shënim: Për pa limit, lëreni këtë fushë bosh ose vendosni 0)"
Maximum quantity scanned for item {0}.,Sasia maksimale e skanuar për artikullin {0}.
Meets Condition?,Përmbush kushtet?
Memory Usage,Përdorimi i kujtesës
Memory Usage in MB,Përdorimi i memories në MB
Mention if non-standard Receivable account,Përmendni nëse është jo standarde Llogaria e të Arkëtueshmeve
Merge Invoices Based On,Bashkoni Faturat Bazuar në
Merge Progress,Progresi i bashkimit
Merge Similar Account Heads,Bashkoni Kryetarët e Llogarive të Ngjashme
Merge taxes from multiple documents,Bashkoni taksat nga dokumente të shumta
Merged,Të bashkuara
Merging is only possible if following properties are same in both records. Is Group,Bashkimi është i mundur vetëm nëse vetitë e mëposhtme janë të njëjta në të dy regjistrimet. Është Grupi
Merging {0} of {1},Duke bashkuar {0} nga {1}
Message Type,Lloji i mesazhit
Message to be displayed on successful completion,Mesazhi që do të shfaqet pas përfundimit me sukses
Messages,Mesazhe
Meta,Meta
Meta description,Përshkrim meta
Meta image,Imazh meta
Meta title,Meta titull
Method Not Allowed,Metoda nuk lejohet
Method is required to create a number card,Kërkohet metodë për të krijuar një kartë numrash
Mid Center,Qendra e Mesme
Min Qty (As Per Stock UOM),Sasia Min (Sipas UOM në Stok)
Min Qty should be greater than Recurse Over Qty,Sasia Min duhet të jetë më e madhe se Sasia Recurse Over
Minimum Net Rate,Norma minimale neto
Minimum Payment Amount,Shuma minimale e pagesës
Minimum Value,Vlera Minimale
Minor,Minor
Misconfigured,I konfiguruar gabimisht
Mismatch,Mospërputhje
Missing,Mungon
Missing Asset,Aseti që mungon
Missing Cost Center,Mungon Qendra e Kostos
Missing Default in Company,Mungon Default në Kompani
Missing DocType,Mungon Lloji i Dokumentit
Missing Field,Fushë që mungon
Missing Filters Required,Kërkohen filtra që mungojnë
Missing Finance Book,Libri i Financave që Mungon
Missing Finished Good,Mungon Përfundimi i Mirë
Missing Formula,Formula që mungon
Missing Item,Artikull që mungon
Missing Items,Artikuj që mungojnë
Missing Payments App,Mungon aplikacioni i pagesave
Missing Permission,Mungon leja
Missing Serial No Bundle,Mungon numri serial i paketës
Missing Value,Vlerë që mungon
Missing value,Mungon vlerë
Mobile:,Celular:
Modal Trigger,Shkaktues modal
Modified On,Modifikuar më
Module (for export),Moduli (për eksport)
Module HTML,HTML i modulit
Module Profile,Profili i Modulit
Module Profile Name,Emri i Profilit të Modulit
Module onboarding progress reset,Rivendosja e progresit të integrimit të modulit
Module {} not found,Moduli {} nuk u gjet
Monitor for Last 'X' days,Monitoroni për ditët e fundit 'X'
Monthly Rank,Renditja mujore
More/Less than 12 months.,Më shumë/më pak se 12 muaj.
Most probably your password is too long.,Me shumë mundësi fjalëkalimi juaj është shumë i gjatë.
Move Stock,Zhvendosja e aksioneve
Move current and all subsequent sections to a new tab,Zhvendos seksionet aktuale dhe të gjitha seksionet pasuese në një skedë të re
Move cursor to above row,Zhvendos kursorin në rreshtin sipër
Move cursor to below row,Zhvendos kursorin në rreshtin poshtë
Move cursor to next column,Zhvendos kursorin në kolonën tjetër
Move cursor to previous column,Zhvendos kursorin në kolonën e mëparshme
Move sections to new tab,Zhvendos seksionet në skedë të re
Move the current field and the following fields to a new column,Zhvendos fushën aktuale dhe fushat e mëposhtme në një kolonë të re
Move to Cart,Zhvendos në shportë
Move to next step when clicked inside highlighted area.,Kaloni në hapin tjetër kur klikoni brenda zonës së theksuar.
Movement,Lëvizje
Moving up in tree ...,Duke lëvizur lart në pemë...
Mozilla doesn't support :has() so you can pass parent selector here as workaround,"Mozilla nuk e mbështet :has(), kështu që mund ta kaloni përzgjedhësin prindëror këtu si zgjidhje alternative."
Multi-level BOM Creator,Krijuesi i BOM-it me shumë nivele
Multiple Loyalty Programs found for Customer {}. Please select manually.,U gjetën disa programe besnikërie për klientin {}. Ju lutemi zgjidhni manualisht.
Multiple Warehouse Accounts,Llogari të shumëfishta depoje
Multiple items cannot be marked as finished item,Artikuj të shumtë nuk mund të shënohen si artikuj të përfunduar
Must be a publicly accessible Google Sheets URL and adding Bank Account column is necessary for importing via Google Sheets,Duhet të jetë një URL e Google Sheets e aksesueshme publikisht dhe shtimi i kolonës së Llogarisë Bankare është i nevojshëm për importimin nëpërmjet Google Sheets.
Must be enclosed in '()' and include '{0}',Duhet të jetë i mbyllur në '()' dhe të përfshijë '{0}'
My Device,Pajisja ime
My Filter,Filtri im
My Profile,Profili im
My Settings,Cilësimet e mia
NOTE: If you add states or transitions in the table,SHËNIM: Nëse shtoni gjendje ose tranzicione në tabelë
NOTE: This box is due for depreciation. Please re-setup LDAP to work with the newer settings,SHËNIM: Kjo kuti duhet të amortizohet. Ju lutemi rikonfiguroni LDAP që të funksionojë me cilësimet më të reja.
Name (Doc Name),Emri (Emri i Doktorit)
Name already taken,Emri është marrë tashmë
Named Place,Vend i emëruar
Naming Options:|||<ol><li><b>field:[fieldname]</b> - By Field</li><li><b>autoincrement</b> - Uses Databases' Auto Increment feature</li><li><b>naming_series:</b> - By Naming Series (field called naming_series must be present)</li><li><b>Prompt</b> - Prompt user for a name</li><li><b>[series]</b> - Series by prefix (separated by a dot); for example PRE.#####</li>|||<li><b>format:EXAMPLE-{MM}morewords{fieldname1}-{fieldname2}-{#####}</b> - Replace all braced words (fieldnames,Opsionet e Emërtimit:|||<ol><li><b>fusha:[emri i fushës]</b> - Sipas fushës</li><li><b>autoincrement</b> - Përdor veçorinë e Rritjes Automatike të Bazave të të Dhënave</li><li><b>naming_series:</b> - Sipas Emërtimit të Serive (fusha e quajtur naming_series duhet të jetë e pranishme)</li><li><b>Pyetje</b> - Kërko nga përdoruesi një emër</li><li><b>[series]</b> - Seri sipas parashtesës (e ndarë me një pikë); për shembull PRE.#####</li>|||<li><b>format:EXAMPLE-{MM}morewords{fieldname1}-{fieldname2}-{#####}</b> - Zëvendësoni të gjitha fjalët me kllapa (fieldnames
Naming Options:|||<ol><li><b>field:[fieldname]</b> - By Field</li><li><b>naming_series:</b> - By Naming Series (field called naming_series must be present)</li><li><b>Prompt</b> - Prompt user for a name</li><li><b>[series]</b> - Series by prefix (separated by a dot); for example PRE.#####</li>|||<li><b>format:EXAMPLE-{MM}morewords{fieldname1}-{fieldname2}-{#####}</b> - Replace all braced words (fieldnames,Opsionet e Emërtimit:|||<ol><li><b>fusha:[emri_i_fushës]</b> - Sipas Fushës</li><li><b>seria_e_emërtimit:</b> - Sipas Serisë së Emërtimit (fusha e quajtur seria_e_emërtimit duhet të jetë e pranishme)</li><li><b>Kërkesë</b> - Kërko nga përdoruesi një emër</li><li><b>[seria]</b> - Seria sipas parashtesës (e ndarë me pikë); për shembull PRE.#####</li>|||<li><b>format:EXAMPLE-{MM}morewords{emri_i_fushës1}-{emri_i_fushës2}-{#####}</b> - Zëvendësoni të gjitha fjalët me kllapa (emrat_e_fushës
Naming Rule,Rregulli i Emërtimit
Naming Series and Price Defaults,Emërtimi i Serive dhe Çmimeve të Paracaktuara
Naming Series is mandatory,Seria e emërtimit është e detyrueshme
Navigate to main content,Navigo te përmbajtja kryesore
Navigation Settings,Cilësimet e navigimit
Need Help?,Keni nevojë për ndihmë?
Need Workspace Manager role to edit private workspace of other users,Nevojitet roli i Menaxherit të Hapësirës së Punës për të modifikuar hapësirën private të punës të përdoruesve të tjerë
Need Workspace Manager role to hide/unhide public workspaces,Nevojitet roli i Menaxherit të Hapësirës së Punës për të fshehur/zbuluar hapësirat publike të punës
Negative Stock Error,Gabim negativ i aksioneve
Net Profit Ratio,Raporti i Fitimit Neto
Net Purchase Amount,Shuma Neto e Blerjes
Net total calculation precision loss,Humbja totale neto e saktësisë së llogaritjes
Network Printer Settings,Cilësimet e Printerit të Rrjetit
New Balance In Account Currency,Bilanci i Ri në Valutën e Llogarisë
New Document Form,Formular i ri dokumenti
New Note,Shënim i ri
New Task,Detyrë e re
New Users (Last 30 days),Përdorues të rinj (30 ditët e fundit)
New Version,Version i Ri
New Workflow Name,Emri i ri i rrjedhës së punës
New Workspace,Hapësirë ​​e re pune
New password cannot be same as old password,Fjalëkalimi i ri nuk mund të jetë i njëjtë me fjalëkalimin e vjetër
New users will have to be manually registered by system managers.,Përdoruesit e rinj do të duhet të regjistrohen manualisht nga menaxherët e sistemit.
Newly created user {0} has no roles enabled.,Përdoruesi i sapokrijuar {0} nuk ka role të aktivizuara.
Newsletter Attachment,Shtojcë e Buletinit
Newsletter must be published to send webview link in email,Buletini duhet të publikohet për të dërguar lidhjen e pamjes së internetit në email
Next 14 Days,14 Ditët e ardhshme
Next 30 Days,30 Ditët e ardhshme
Next 6 Months,6 Muajt ​​e Ardhshëm
Next 7 Days,7 Ditët e ardhshme
Next Document,Dokumenti tjetër
Next Execution,Ekzekutimi i ardhshëm
Next Form Tour,Turneu i Formës së Ardhshme
Next Month,Muajin e ardhshëm
Next Quarter,Tremujori i ardhshëm
Next Step Condition,Kushti i Hapit të Ardhshëm
Next Week,Java e Ardhshme
Next Year,Viti i ardhshëm
Next on Click,Tjetër me klikim
No Answer,Pa përgjigje
No Customers found with selected options.,Nuk u gjetën klientë me opsionet e zgjedhura.
No Data to Show,Nuk ka të dhëna për t'u shfaqur
No Data...,Pa të dhëna...
No Email field found in {0},Nuk u gjet asnjë fushë email-i në {0}
No Images,Pa imazhe
No Items Found,Nuk u gjetën artikuj
No Items selected for transfer.,Nuk janë përzgjedhur artikuj për transferim.
No Letterhead,Pa letër me kokë
No Matching Bank Transactions Found,Nuk u gjetën transaksione bankare që përputhen
No Matching Vouchers Found,Nuk u gjetën kuponë që përputhen
No New notifications,Nuk ka njoftime të reja
No Notes,Pa shënime
No Outstanding Invoices found for this party,Nuk u gjetën fatura të papaguara për këtë palë
No POS Profile found. Please create a New POS Profile first,Nuk u gjet asnjë profil POS. Ju lutemi krijoni së pari një profil të ri POS.
No RQ Workers connected. Try restarting the bench.,Nuk ka punonjës RQ të lidhur. Provo ta rinisësh bankën.
No Records for these settings.,Nuk ka të dhëna për këto cilësime.
No Results found,Nuk u gjetën rezultate
No Roles Specified,Nuk janë specifikuar role
No Select Field Found,Nuk u gjet fushë përzgjedhjeje
No Selection,Pa përzgjedhje
No Serial / Batches are available for return,Nuk ka Serial/Batch të disponueshëm për kthim
No Stock Available Currently,Nuk ka stok në dispozicion aktualisht
No Suggestions,Pa sugjerime
No Summary,Pa Përmbledhje
No Tax Withholding data found for the current posting date.,Nuk u gjetën të dhëna për Mbajtjen e Tatimit në Burim për datën aktuale të postimit.
No Terms,Pa kushte
No Unreconciled Invoices and Payments found for this party and account,Nuk u gjetën fatura dhe pagesa të papajtuara për këtë palë dhe llogari
No Unreconciled Payments found for this party,Nuk u gjetën pagesa të papajtuara për këtë palë
No Work Orders were created,Nuk u krijuan Urdhëra Pune
No activities to show,Nuk ka aktivitete për të shfaqur
No additional fields available,Nuk ka fusha shtesë në dispozicion
No automatic optimization suggestions available.,Nuk ka sugjerime automatike për optimizim.
No billing email found for customer: {0},Nuk u gjet email faturimi për klientin: {0}
No broken links found in the email content,Nuk u gjetën lidhje të prishura në përmbajtjen e email-it
No changes made because old and new name are the same.,Nuk janë bërë ndryshime sepse emri i vjetër dhe i ri janë të njëjtë.
No changes made on the page,Nuk u bënë ndryshime në faqe
No changes to sync,Nuk ka ndryshime për sinkronizim
No changes to update,Nuk ka ndryshime për përditësim
No comments yet.,Nuk ka ende komente.
No data found. Seems like you uploaded a blank file,Nuk u gjetën të dhëna. Me sa duket keni ngarkuar një skedar bosh.
No email addresses to invite,Nuk ka adresa email-i për të ftuar
No employee was scheduled for call popup,Asnjë punonjës nuk ishte planifikuar për thirrjen e menjëhershme
No filters selected,Nuk janë zgjedhur filtra
No item available for transfer.,Nuk ka asnjë artikull të disponueshëm për transferim.
No items are available in sales orders {0} for production,Nuk ka artikuj të disponueshëm në porositë e shitjes {0} për prodhim
No items are available in the sales order {0} for production,Nuk ka artikuj të disponueshëm në porosinë e shitjes {0} për prodhim
No items in cart,Nuk ka artikuj në shportë
No matches occurred via auto reconciliation,Nuk u ndodhën përputhje nëpërmjet pajtimit automatik
No more children on Left,Jo më fëmijë në të majtë
No more children on Right,S’ka më fëmijë në të djathtë
No new notifications,Nuk ka njoftime të reja
No of Docs,Numri i dokumenteve
No of Employees,Numri i punonjësve
No of Months (Expense),Numri i Muajve (Shpenzime)
No of Months (Revenue),Numri i Muajve (Të Ardhurat)
No open POS Opening Entry found for POS Profile {0}.,Nuk u gjet asnjë hyrje hapjeje POS për profilin POS {0}.
No open event,Asnjë ngjarje e hapur
No open task,Asnjë detyrë e hapur
No outstanding {0} found for the {1} {2} which qualify the filters you have specified.,Nuk u gjet asnjë {0} i pazgjidhur për {1} {2} që kualifikon filtrat që keni specifikuar.
No primary email found for customer: {0},Nuk u gjet email kryesor për klientin: {0}
No recent transactions found,Nuk u gjetën transaksione të fundit
No records found in Allocation table,Nuk u gjetën të dhëna në tabelën e Shpërndarjes
No records found in the Invoices table,Nuk u gjetën të dhëna në tabelën e Faturave
No records found in the Payments table,Nuk u gjetën të dhëna në tabelën e Pagesave
No stock ledger entries were created. Please set the quantity or valuation rate for the items properly and try again.,Nuk u krijuan hyrje në librin e stokut. Ju lutemi vendosni sasinë ose normën e vlerësimit për artikujt siç duhet dhe provoni përsëri.
No stock transactions can be created or modified before this date.,Asnjë transaksion aksioni nuk mund të krijohet ose modifikohet para kësaj date.
No {0},Jo {0}
No {0} Accounts found for this company.,Nuk u gjetën llogari {0} për këtë kompani.
No {0} Found,Nuk u gjet {0}
No {0} found with matching filters. Clear filters to see all {0}.,Nuk u gjet asnjë {0} me filtra që përputhen. Fshini filtrat për të parë të gjitha {0}.
No.,Jo.
No. of Employees,Numri i punonjësve
No. of parallel job cards which can be allowed on this workstation. Example: 2 would mean this workstation can process production for two Work Orders at a time.,Numri i kartave paralele të punës që mund të lejohen në këtë stacion pune. Shembull: 2 do të thotë që ky stacion pune mund të përpunojë prodhimin për dy Urdhra Pune në të njëjtën kohë.
Non Depreciable Category,Kategoria e Paamortizueshme
Normalized Copies,Kopje të Normalizuara
Normalized Query,Pyetje e normalizuar
Not Helpful,Jo i dobishëm
Not Permitted to read {0},Nuk lejohet të lexohet {0}
Not able to find the earliest Fiscal Year for the given company.,Nuk është në gjendje të gjejë vitin fiskal më të hershëm për kompaninë e dhënë.
Not allowed to create custom Virtual DocType.,Nuk lejohet krijimi i një Virtual DocType të personalizuar.
Not allowed via controller permission check,Nuk lejohet nëpërmjet kontrollit të lejeve të kontrolluesit
Note: Automatic log deletion only applies to logs of type <i>Update Cost</i>,Shënim: Fshirja automatike e regjistrave vlen vetëm për regjistrat e tipit <i>Kostoja e Përditësimit</i>
Note: Due Date exceeds allowed {0} credit days by {1} day(s),Shënim: Data e skadimit tejkalon {0} ditët e lejuara të kreditit me {1} ditë
Note: Etc timezones have their signs reversed.,Shënim: Zonat kohore etj. kanë shenjat e tyre të përmbysura.
Note: If you want to use the finished good {0} as a raw material,Shënim: Nëse dëshironi të përdorni produktin e përfunduar {0} si lëndë të parë
Note: On checking Is Mandatory the accounting dimension will become mandatory against that specific account for all accounting transactions,"Shënim: Gjatë kontrollit ""Është e detyrueshme"", dimensioni i kontabilitetit do të bëhet i detyrueshëm kundrejt asaj llogarie specifike për të gjitha transaksionet e kontabilitetit."
Note: Please create Sales Orders from individual Quotations to select from among Alternative Items.,Shënim: Ju lutemi krijoni Porosi Shitjeje nga Kuota individuale për të zgjedhur nga Artikujt Alternativë.
Note: This will be shared with user.,Shënim: Kjo do të ndahet me përdoruesin.
Note: To merge the items,Shënim: Për të bashkuar artikujt
Note: Your request for account deletion will be fulfilled within {0} hours.,Shënim: Kërkesa juaj për fshirjen e llogarisë do të përmbushet brenda {0} orësh.
Notes HTML,Shënime HTML
Nothing New,Asgjë e re
Nothing left to redo,Asgjë nuk ka mbetur për të ribërë
Nothing left to undo,Asgjë nuk ka mbetur për t'u zhbërë
Notification sent to,Njoftimi u dërgua te
Notify Reposting Error to Role,Njofto Gabim Ripostimi për Rolin
Number Card Name,Emri i Kartës me Numër
Number of Days,Numri i ditëve
Number of Queries,Numri i pyetjeve
Number of attachment fields are more than {},Numri i fushave të bashkëngjitjes është më shumë se {}
Number of backups must be greater than zero.,Numri i kopjeve rezervë duhet të jetë më i madh se zero.
Number of days after which the document Web View link shared on email will be expired,Numri i ditëve pas të cilave lidhja e dokumentit Web View e ndarë në email do të skadojë
Number of keys,Numri i çelësave
Number of onsite backups,Numri i kopjeve rezervë në vend
Numeric,Numerik
Numeric Inspection,Inspektim Numerik
OAuth,OAuth
OAuth Client Role,Roli i Klientit OAuth
OAuth Error,Gabim i OAuth
OAuth Scope,Fushëveprimi i OAuth
"OAuth has been enabled but not authorised. Please use ""Authorise API Access"" button to do the same.","OAuth është aktivizuar, por nuk është autorizuar. Ju lutemi përdorni butonin ""Autorizoni Qasjen e API-t"" për të bërë të njëjtën gjë."
OK,Në rregull
OPTIONS,OPSIONET
OR,OSE
OTP Secret Reset - {0},Rivendosja e Sekretit OTP - {0}
Occurrences,Ngjarjet
Official Documentation,Dokumentacioni Zyrtar
Offset X,Zhvendosja X
Offset Y,Zhvendosje Y
Offsetting Account,Llogaria e Kompensimit
Offsetting for Accounting Dimension,Kompensimi për Dimensionin e Kontabilitetit
Old and new fieldnames are same.,Emrat e fushave të vjetra dhe të reja janë të njëjta.
Oldest Of Invoice Or Advance,Më e vjetra e faturës ose e paradhënies
Oldest Unscheduled Job,Puna më e vjetër e paplanifikuar
On Paid Amount,Mbi shumën e paguar
On Payment Authorization,Në Autorizimin e Pagesës
On This Date,Në këtë datë
On Track,Në rrugën e duhur
On checking this option,Duke kontrolluar këtë opsion
On enabling this cancellation entries will be posted on the actual cancellation date and reports will consider cancelled entries as well,"Me aktivizimin e kësaj, hyrjet e anulimit do të postohen në datën aktuale të anulimit dhe raportet do të marrin në konsideratë edhe hyrjet e anuluara."
On expanding a row in the Items to Manufacture table,Mbi zgjerimin e një rreshti në tabelën Artikuj për t'u prodhuar
On or After,Në ose pas
On or Before,Më ose më parë
On submission of the stock transaction,Me dorëzimin e transaksionit të aksioneve
Onboard,Në bord
Onboarding Name,Emri i regjistrimit
Onboarding Status,Statusi i regjistrimit
Onboarding complete,Përfshirja përfundoi
Once the Work Order is Closed. It can't be resumed.,"Pasi Urdhri i Punës të jetë mbyllur, ai nuk mund të rifillohet."
One of the child page with name {0} already exist in {1} Section. Please update the name of the child page first before moving,Një nga faqet fëmijë me emrin {0} ekziston tashmë në seksionin {1}. Ju lutemi përditësoni emrin e faqes fëmijë përpara se ta zhvendosni.
Only 'Payment Entries' made against this advance account are supported.,Vetëm 'Hyrjet e Pagesave' të bëra në këtë llogari paraprake mbështeten.
Only CSV and Excel files can be used to for importing data. Please check the file format you are trying to upload,Vetëm skedarët CSV dhe Excel mund të përdoren për importimin e të dhënave. Ju lutemi kontrolloni formatin e skedarit që po përpiqeni të ngarkoni.
Only Deduct Tax On Excess Amount,Zbritni vetëm taksën mbi shumën e tepërt
Only Include Allocated Payments,Përfshi vetëm pagesat e alokuara
Only Parent can be of type {0},Vetëm Prindi mund të jetë i tipit {0}
Only Workspace Manager can edit public workspaces,Vetëm Menaxheri i Hapësirës së Punës mund të modifikojë hapësirat publike të punës
Only Workspace Manager can sort or edit this page,Vetëm Menaxheri i Hapësirës së Punës mund ta rendisë ose modifikojë këtë faqe
Only allowed to export customizations in developer mode,Lejohet vetëm eksportimi i personalizimeve në modalitetin e zhvilluesit
Only applies for Normal Payments,Vlen vetëm për pagesat normale
Only change this if you want to use other S3 compatible object storage backends.,Ndryshojeni këtë vetëm nëse doni të përdorni backend-e të tjera të ruajtjes së objekteve të pajtueshme me S3.
Only existing assets,Vetëm asetet ekzistuese
Only for,Vetëm për
Only one {0} entry can be created against the Work Order {1},Vetëm një hyrje {0} mund të krijohet kundrejt Urdhrit të Punës {1}
Only payment entries with apply tax withholding unchecked will be considered for checking cumulative threshold breach,Vetëm hyrjet e pagesave me mbajtjen e taksës së zbatuar të pazgjidhur do të merren në konsideratë për kontrollin e shkeljes së pragut kumulativ.
Only reports of type Report Builder can be deleted,Vetëm raportet e tipit Ndërtues Raportesh mund të fshihen
Only reports of type Report Builder can be edited,Vetëm raportet e tipit Ndërtues Raportesh mund të modifikohen
Only the assignee can complete this to-do.,Vetëm personi që i është caktuar detyra mund ta përfundojë këtë detyrë.
Only values between [0,Vetëm vlerat midis [0
Only {0} are supported,Vetëm {0} mbështeten
Only {0} emailed reports are allowed per user.,Vetëm {0} raporte të dërguara me email lejohen për përdorues.
Oops! Something went wrong.,Ups! Diçka shkoi keq.
Open Activities HTML,Hap HTML-në e Aktiviteteve
Open Call Log,Hap Regjistrin e Thirrjeve
Open Communication,Komunikim i Hapur
Open Event,Ngjarje e Hapur
Open Events,Ngjarje të Hapura
Open Sales Orders,Porosi të Hapura Shitjesh
Open Task,Hap Detyrën
Open Tasks,Hap Detyrat
Open Work Order {0},Urdhri i Punës i Hapur {0}
Open in a new tab,Hap në një skedë të re
OpenID Configuration,Konfigurimi i OpenID
OpenID Configuration fetched successfully!,Konfigurimi i OpenID u mor me sukses!
OpenLDAP,OpenLDAP
Opening Accumulated Depreciation must be less than or equal to {0},Amortizimi i Akumuluar Fillestar duhet të jetë më i vogël ose i barabartë me {0}
Opening Entry can not be created after Period Closing Voucher is created.,Hyrja Hapëse nuk mund të krijohet pasi të jetë krijuar Kuponi i Mbylljes së Periudhës.
Opening Invoice has rounding adjustment of {0}.<br><br> '{1}' account is required to post these values. Please set it in Company: {2}.<br><br> Or,Fatura fillestare ka rregullim të rrumbullakimit prej {0}.<br><br> Llogaria '{1}' është e nevojshme për të postuar këto vlera. Ju lutemi ta vendosni në Kompaninë: {2}.<br><br> Ose
Opening Number of Booked Depreciations,Numri fillestar i amortizimeve të rezervuara
Opening Purchase Invoices have been created.,Faturat e Blerjes Hapëse janë krijuar.
Opening Sales Invoices have been created.,Faturat e Hapjes së Shitjeve janë krijuar.
Operating Cost Per BOM Quantity,Kosto Operative për Sasinë BOM
Operation & Workstation,Operimi dhe Stacioni i Punës
Operation time does not depend on quantity to produce,Koha e funksionimit nuk varet nga sasia që do të prodhohet
Opportunity Amount (Company Currency),Shuma e Mundësisë (Monuta e Kompanisë)
Opportunity Owner,Zotëruesi i Mundësisë
Opportunity Source,Burimi i Mundësive
Opportunity Summary by Sales Stage,Përmbledhje e Mundësive sipas Fazës së Shitjeve
Opportunity Value,Vlera e Mundësisë
Optimize,Optimizo
Optimizing image...,Duke optimizuar imazhin...
Options for Rating field can range from 3 to 10,Opsionet për fushën e Vlerësimit mund të variojnë nga 3 deri në 10
Options is required for field {0} of type {1},Opsionet janë të nevojshme për fushën {0} të tipit {1}
Order Date,Data e porosisë
Order No,Numri i porosisë
Order Status,Statusi i porosisë
Other Info,Informacione të tjera
Out of stock,Nuk është në dispozicion
Outgoing (SMTP) Settings,Cilësimet e Dërgimit (SMTP)
Outgoing Emails (Last 7 days),Emailet dalëse (7 ditët e fundit)
Outgoing Server,Serveri i të dhënave dalëse
Outgoing Settings,Cilësimet e të dhënave dalëse
Outstanding (Company Currency),Papaguar (Monuta e Kompanisë)
Over Billing Allowance exceeded for Purchase Receipt Item {0} ({1}) by {2}%,Lejimi i Faturimit të Mbi-Faturës është tejkaluar për Artikullin e Faturës së Blerjes {0} ({1}) me {2}%.
Over Picking Allowance,Lejimi i Mbizgjedhjes
Over Receipt,Faturë e tepërt
Over Receipt/Delivery of {0} {1} ignored for item {2} because you have {3} role.,Marrja/Dërgimi i tepërt i {0} {1} u injorua për artikullin {2} sepse ju keni rolin {3}.
Over Transfer Allowance,Lejimi i Transferimit të Tepërt
Overbilling of {0} {1} ignored for item {2} because you have {3} role.,Faturimi i tepërt i {0} {1} u injorua për artikullin {2} sepse ju keni rolin {3}.
Overbilling of {} ignored because you have {} role.,Faturimi i tepërt i {} u injorua sepse ju keni rolin {}.
Overdue Payment,Pagesë e vonuar
Overdue Payments,Pagesat e vonuara
Overdue Tasks,Detyrat e vonuara
Overview,Përmbledhje
PATCH,PATCH
PDF Generation in Progress,Gjenerimi i PDF-ve në vazhdim
PDF Generator,Gjenerator PDF
PDF Name,Emri i PDF-së
PDF Page Height (in mm),Lartësia e faqes PDF (në mm)
PDF Page Width (in mm),Gjerësia e faqes PDF (në mm)
PDF generation may not work as expected.,Gjenerimi i PDF-ve mund të mos funksionojë siç pritet.
"PDF printing via ""Raw Print"" is not supported.","Printimi i PDF-ve nëpërmjet ""Raw Print"" nuk mbështetet."
PID,PID
POS Closed,POS i mbyllur
POS Closing Failed,Mbyllja e POS dështoi
POS Closing failed while running in a background process. You can resolve the {0} and retry the process again.,Mbyllja e POS dështoi gjatë ekzekutimit në një proces në sfond. Mund ta zgjidhni problemin {0} dhe ta riprovoni procesin përsëri.
POS Invoice is already consolidated,Fatura POS është tashmë e konsoliduar
POS Invoice is not submitted,Fatura POS nuk është dorëzuar
POS Invoice should have the field {0} checked.,Fatura POS duhet ta ketë të shënuar fushën {0}.
POS Invoices will be consolidated in a background process,Faturat POS do të konsolidohen në një proces në sfond
POS Invoices will be unconsolidated in a background process,Faturat POS do të jenë të pakonsoliduara në një proces në sfond
POS Opening Entry Missing,Mungon Hyrja e Hapjes së POS-it
POS Profile doesn't match {},Profili i POS nuk përputhet me {}
POS Profile {} contains Mode of Payment {}. Please remove them to disable this mode.,Profili POS {} përmban Modalitetin e Pagesës {}. Ju lutemi hiqini ato për të çaktivizuar këtë modalitet.
POS Search Fields,Fushat e Kërkimit të POS-it
POS Setting,Vendosja e POS-it
POS has been closed at {0}. Please refresh the page.,POS është mbyllur në {0}. Ju lutemi rifreskoni faqen.
POST,POSTO
PRLE-.####,PRLE-.####
PROJ-.####,PROJ-.####
PUT,VENDOS
PZN,PZN
Package,Pako
Package Import,Importi i Paketave
Package Name,Emri i paketës
Package No(s) already in use. Try from Package No {0},Nr.(at) e paketës janë tashmë në përdorim. Provojeni nga Nr. i paketës {0}
Package Release,Publikimi i paketës
Packaging Slip From Delivery Note,Fletë paketimi nga fletëdorëzimi
Packed Items cannot be transferred internally,Artikujt e paketuar nuk mund të transferohen brenda vendit
Packed Qty,Sasia e paketuar
Page Break After Each SoA,Ndërprerje faqeje pas çdo SoA
Page Height (in mm),Lartësia e faqes (në mm)
Page Margins,Margjinat e faqes
Page Number,Numri i faqes
Page Route,Rruga e faqes
Page Saved Successfully,Faqja u ruajt me sukses
Page Size,Madhësia e faqes
Page Title,Titulli i faqes
Page Width (in mm),Gjerësia e faqes (në mm)
Page height and width cannot be zero,Lartësia dhe gjerësia e faqes nuk mund të jenë zero
Page to show on the website|||,Faqja që do të shfaqet në faqen e internetit|||
Page with title {0} already exist.,Faqja me titull {0} ekziston tashmë.
Paid Amount After Tax,Shuma e paguar pas taksës
Paid Amount After Tax (Company Currency),Shuma e Paguar Pas Taksave (Monedha e Kompanisë)
Paid From Account Type,Lloji i llogarisë së paguar
Paid To Account Type,Lloji i llogarisë së paguar
Pallets,Paleta
Parameter Group,Grupi i parametrave
Parameter Group Name,Emri i Grupit të Parametrave
Parcel Template,Shablloni i Parcelës
Parcel Template Name,Emri i Shabllonit të Parcelës
Parcel weight cannot be 0,Pesha e pakos nuk mund të jetë 0
Parcels,Pako
Parent Account Missing,Mungon llogaria e prindit
Parent DocType,Lloji i Dokumentit Prind
Parent Document,Dokumenti prindëror
Parent Document Type,Lloji i Dokumentit Prindëror
Parent Document Type is required to create a number card,Lloji i Dokumentit Prindëror është i nevojshëm për të krijuar një kartë numrash
Parent Element Selector,Përzgjedhësi i Elementit Prind
Parent Field,Fusha Prindërore
Parent Item {0} must not be a Fixed Asset,Artikulli prind {0} nuk duhet të jetë një aset fiks
Parent Missing,Prindi mungon
Parent Page,Faqja Kryesore
Parent Row No,Nr. i rreshtit prind
Parent Row No not found for {0},Numri i rreshtit prind nuk u gjet për {0}
Parent Task {0} is not a Template Task,Detyra prindërore {0} nuk është një detyrë shabllon
Parent document type is required to create a dashboard chart,Lloji i dokumentit mëmë është i nevojshëm për të krijuar një grafik të panelit të kontrollit
Parent-to-child or child-to-different-child grouping is not allowed.,Grupimi prind-me-fëmijë ose fëmijë-me-fëmijë të ndryshëm nuk lejohet.
Parentfield not specified in {0}: {1},Fusha prindërore nuk është specifikuar në {0}: {1}
Parenttype,Lloji i prindit
Parsing Error,Gabim në analizim
Partial,Pjesërisht
Partial Material Transferred,Material i pjesshëm i transferuar
Partial Payment in POS Invoice is not allowed.,Pagesa e pjesshme në faturë POS nuk lejohet.
Partial Stock Reservation,Rezervim i pjesshëm i stokut
Partial stock can be reserved. For example,Mund të rezervohet pjesërisht stoku. Për shembull
Partially Delivered,Pjesërisht i dorëzuar
Partially Reconciled,Pjesërisht i Pajtuar
Partially Reserved,Pjesërisht i rezervuar
Partially Sent,Pjesërisht i dërguar
Partly Paid,Pjesërisht i paguar
Partly Paid and Discounted,Pjesërisht i paguar dhe me zbritje
Partnership,Partneritet
Party Account No. (Bank Statement),Nr. i Llogarisë së Palës (Pasqyra Bankare)
Party Account {0} currency ({1}) and document currency ({2}) should be same,Monedha e Llogarisë së Palës {0} ({1}) dhe monedha e dokumentit ({2}) duhet të jenë të njëjta
Party Full Name,Emri i plotë i partisë
Party IBAN (Bank Statement),IBAN i palës (Pasqyra bankare)
Party Item Code,Kodi i Artikullit të Partisë
Party Link,Lidhja e Partisë
Party Mismatch,Mospërputhje Partish
Party Name/Account Holder (Bank Statement),Emri i palës/Mbajtësi i llogarisë (Pasqyra bankare)
Party Not Required,Palë e detyrueshme
Party Specific Item,Artikull specifik për palën
Party Type and Party can only be set for Receivable / Payable account<br><br>{0},Lloji i palës dhe pala mund të caktohen vetëm për llogarinë e të arkëtueshmeve / të pagueshmeve<br><br>{0}
Party Type and Party is required for Receivable / Payable account {0},Lloji i palës dhe pala janë të nevojshme për llogarinë e arkëtueshme / të pagueshme {0}
Party can only be one of {0},Pala mund të jetë vetëm një nga {0}
Passport Details,Detajet e Pasaportës
Password Email Sent,Email-i i fjalëkalimit u dërgua
Password cannot be filtered,Fjalëkalimi nuk mund të filtrohet
Password missing in Email Account,Mungon fjalëkalimi në llogarinë e email-it
Password not found for {0} {1} {2},Fjalëkalimi nuk u gjet për {0} {1} {2}
Password set,Fjalëkalimi u vendos
Password size exceeded the maximum allowed size,Madhësia e fjalëkalimit tejkaloi madhësinë maksimale të lejuar
Password size exceeded the maximum allowed size.,Madhësia e fjalëkalimit tejkaloi madhësinë maksimale të lejuar.
Passwords do not match,Fjalëkalimet nuk përputhen
Past dates are not allowed for Scheduling.,Datat e kaluara nuk lejohen për Planifikim.
Patch type {} not found in patches.txt,Lloji i patch-it {} nuk u gjet në patches.txt
Path {0} it not a valid path,Shtegu {0} nuk është një shteg i vlefshëm
Pause Job,Ndërprit punën
Paused,U ndalua
Payload Count,Numri i ngarkesës
Payment Amount (Company Currency),Shuma e pagesës (Monuta e kompanisë)
Payment Entry {0} is linked against Order {1},Hyrja e Pagesës {0} është e lidhur me Porosinë {1}
Payment Ledger,Libri i Pagesave
Payment Ledger Balance,Bilanci i Librit të Pagesave
Payment Ledger Entry,Hyrja në Librin e Pagesave
Payment Limit,Limiti i Pagesës
Payment Reconciliation Allocation,Shpërndarja e Pajtimit të Pagesave
Payment Reconciliation Job: {0} is running for this party. Can't reconcile now.,Punë Pajtimi Pagesash: {0} po kandidon për këtë palë. Nuk mund të pajtohet tani.
Payment Reconciliation Settings,Cilësimet e Pajtimit të Pagesave
Payment Request Outstanding,Kërkesë për pagesë të papaguar
Payment Request created from Sales Order or Purchase Order will be in Draft status. When disabled document will be in unsaved state.,"Kërkesa për pagesë e krijuar nga Urdhri i Shitjes ose Urdhri i Blerjes do të jetë në statusin e Draftit. Kur dokumenti të çaktivizohet, ai do të jetë në gjendje të paruajtur."
Payment Request is already created,Kërkesa për pagesë është krijuar tashmë
Payment Request took too long to respond. Please try requesting for payment again.,Kërkesa për pagesë vonoi shumë për t'u përgjigjur. Ju lutemi provoni përsëri të kërkoni pagesën.
Payment Requests cannot be created against: {0},Kërkesat për pagesë nuk mund të krijohen kundër: {0}
Payment Status,Statusi i pagesës
Payment Term Outstanding,Afati i pagesës i papaguar
Payment Terms Status for Sales Order,Statusi i Kushteve të Pagesës për Porosinë e Shitjes
Payment Terms from orders will be fetched into the invoices as is,Kushtet e pagesës nga porositë do të përfshihen në fatura siç janë
Payment Unlink Error,Gabim i Shkëputjes së Pagesës
Payment of {0} received successfully.,Pagesa prej {0} u pranua me sukses.
Payment of {0} received successfully. Waiting for other requests to complete...,Pagesa prej {0} u pranua me sukses. Duke pritur që kërkesat e tjera të përfundojnë...
Payment request failed,Kërkesa për pagesë dështoi
Payment term {0} not used in {1},Termi i pagesës {0} nuk është përdorur në {1}
Peak Memory Usage,Përdorimi maksimal i kujtesës
Pegged Against,I fiksuar kundër
Pegged Currencies,Monedhat e fiksuara
Pegged Currency Details,Detajet e monedhës së fiksuar
Pending Emails,Emailet në pritje
Pending Jobs,Punë në pritje
Pending processing,Në pritje të përpunimit
Per Received,Për të marrë
Percentage (%),Përqindja (%)
Percentage you are allowed to order beyond the Blanket Order quantity.,Përqindja që ju lejohet të porosisni përtej sasisë së Porosisë së Batanijes.
Percentage you are allowed to sell beyond the Blanket Order quantity.,Përqindja që ju lejohet të shisni përtej sasisë së Porosisë së Përbashkët.
Period Closed,Periudha e Mbyllur
Period Closing Entry For Current Period,Hyrja e Mbylljes së Periudhës për Periudhën Aktuale
Period Closing Settings,Cilësimet e Mbylljes së Periudhës
Period Details,Detajet e Periudhës
Period End Date cannot be greater than Fiscal Year End Date,Data e Mbarimit të Periudhës nuk mund të jetë më e madhe se Data e Mbarimit të Vitit Fiskal
Period Start Date cannot be greater than Period End Date,Data e Fillimit të Periudhës nuk mund të jetë më e madhe se Data e Mbarimit të Periudhës
Period Start Date must be {0},Data e Fillimit të Periudhës duhet të jetë {0}
Period To Date,Periudha deri më sot
Period_from_date,Periudha_nga_data
Permission Inspector,Inspektori i Lejeve
Permission Query,Kërkesë për leje
Permission Type,Lloji i lejes
Permissions Error,Gabim në leje
Permitted Roles,Rolet e lejuara
Personal Data Deletion Step,Hapi i Fshirjes së të Dhënave Personale
Phone Ext.,Telefoni i zgjeruar
Phone Number {0} set in field {1} is not valid.,Numri i telefonit {0} i vendosur në fushën {1} nuk është i vlefshëm.
Pick List Incomplete,Lista e Zgjedhjeve e Paplotë
Pick Manually,Zgjidh manualisht
Pick Serial / Batch,Zgjidh Serialin / Grupin
Pick Serial / Batch Based On,Zgjidhni Serialin / Grupin Bazuar në
Pick Serial / Batch No,Zgjidhni numrin serial / serial
Picked Qty (in Stock UOM),Sasia e zgjedhur (në magazinë UOM)
Pickup,Marrje
Pickup Contact Person,Personi i Kontaktit për Marrje
Pickup Date,Data e Marrjes
Pickup Date cannot be before this day,Data e marrjes nuk mund të jetë para kësaj dite
Pickup From,Marrje nga
Pickup To time should be greater than Pickup From time,Ora e Marrjes Deri duhet të jetë më e madhe se Ora e Marrjes Nga
Pickup Type,Lloji i Marrjes
Pickup from,Marrja nga
Pickup to,Marrja për në
Pink,Rozë
Pipeline By,Tubacioni Nga
Placeholder,Vendmbajtës
Plaid Link Failed,Lidhja Plaid dështoi
Plaid Link Refresh Required,Kërkohet rifreskimi i lidhjes Plaid
Plaid Link Updated,Lidhja Plaid u përditësua
Plain Text,Tekst i thjeshtë
Plan to Request Qty,Planifikoni të kërkoni sasi
Plant Dashboard,Paneli i Impiantit
Plant Floor,Dyshemeja e bimëve
Please Authorize OAuth for Email Account {},Ju lutemi autorizoni OAuth për llogarinë e email-it {}
Please Set Priority,Ju lutem vendosni përparësinë
Please Specify Account,Ju lutem specifikoni llogarinë
Please add 'Supplier' role to user {0}.,Ju lutem shtoni rolin 'Furnizues' te përdoruesi {0}.
Please add Request for Quotation to the sidebar in Portal Settings.,Ju lutemi shtoni Kërkesën për Kuotim në shiritin anësor në Cilësimet e Portalit.
Please add Root Account for - {0},Ju lutem shtoni Llogarinë Root për - {0}
Please add atleast one Serial No / Batch No,Ju lutem shtoni të paktën një Nr. Serial / Nr. Grumbullimi
Please add the Bank Account column,Ju lutem shtoni kolonën e Llogarisë Bankare
Please add the account to root level Company - {0},Ju lutem shtoni llogarinë në nivelin rrënjë të Kompanisë - {0}
Please add {1} role to user {0}.,Ju lutem shtoni rolin {1} te përdoruesi {0}.
Please adjust the qty or edit {0} to proceed.,Ju lutem rregulloni sasinë ose modifikoni {0} për të vazhduar.
Please attach CSV file,Ju lutem bashkëngjitni skedarin CSV
Please attach an image file to set HTML for Footer.,Ju lutemi bashkëngjitni një skedar imazhi për të vendosur HTML për Fundin e Faqes.
Please attach an image file to set HTML for Letter Head.,Ju lutemi bashkëngjitni një skedar imazhi për të vendosur HTML për Kokën e Letrës.
Please attach the package,Ju lutem bashkëngjitni paketën
Please cancel and amend the Payment Entry,Ju lutemi anuloni dhe ndryshoni Hyrjen e Pagesës
Please cancel payment entry manually first,Ju lutemi anuloni së pari hyrjen e pagesës manualisht
Please cancel related transaction.,Ju lutem anuloni transaksionin përkatës.
Please check Process Deferred Accounting {0} and submit manually after resolving errors.,Ju lutemi kontrolloni Procesin e Kontabilitetit të Shtyrë {0} dhe dorëzojeni manualisht pasi të keni zgjidhur gabimet.
Please check either with operations or FG Based Operating Cost.,Ju lutemi kontrolloni ose me operacionet ose me koston operative të bazuar në FG.
Please check the error message and take necessary actions to fix the error and then restart the reposting again.,Ju lutemi kontrolloni mesazhin e gabimit dhe ndërmerrni veprimet e nevojshme për ta rregulluar gabimin dhe më pas rifilloni ripostimin.
Please check your email login credentials.,Ju lutemi kontrolloni kredencialet e hyrjes në emailin tuaj.
Please check your email to confirm the appointment,Ju lutemi kontrolloni email-in tuaj për të konfirmuar takimin
Please click on the following link and follow the instructions on the page. {0},Ju lutemi klikoni në lidhjen e mëposhtme dhe ndiqni udhëzimet në faqe. {0}
Please contact any of the following users to extend the credit limits for {0}: {1},Ju lutemi të kontaktoni cilindo nga përdoruesit e mëposhtëm për të zgjatur limitet e kreditit për {0}: {1}
Please contact any of the following users to {} this transaction.,Ju lutemi të kontaktoni cilindo nga përdoruesit e mëposhtëm për të {} kryer këtë transaksion.
Please contact your administrator to extend the credit limits for {0}.,Ju lutemi të kontaktoni administratorin tuaj për të zgjatur limitet e kreditit për {0}.
Please contact your system manager to install correct version.,Ju lutemi të kontaktoni menaxherin e sistemit tuaj për të instaluar versionin e saktë.
Please create Landed Cost Vouchers against Invoices that have 'Update Stock' enabled.,Ju lutemi krijoni Kupona me Kosto të Zbritjes kundrejt Faturave që kanë të aktivizuar 'Përditëso Stokun'.
Please create a new Accounting Dimension if required.,Ju lutemi krijoni një Dimension të ri Kontabiliteti nëse është e nevojshme.
Please create purchase from internal sale or delivery document itself,Ju lutemi krijoni blerjen nga shitja e brendshme ose vetë dokumenti i dorëzimit
Please delete Product Bundle {0},Ju lutem fshini Pakon e Produkteve {0}
Please delete the field from {0} or add the required doctype.,Ju lutem fshini fushën nga {0} ose shtoni llojin e doktrinës së kërkuar.
Please do not book expense of multiple assets against one single Asset.,Ju lutemi mos i regjistroni shpenzimet e shumë aseteve kundrejt një Aseti të vetëm.
Please enable Use Old Serial / Batch Fields to make_bundle,"Ju lutem aktivizoni ""Përdor fushat e vjetra seriale / seriale"" te make_bundle"
Please enable atleast one Social Login Key or LDAP or Login With Email Link before disabling username/password based login.,Ju lutemi aktivizoni të paktën një Çelës Hyrjeje Sociale ose LDAP ose Hyrje me Lidhje Emaili përpara se të çaktivizoni hyrjen e bazuar në emër përdoruesi/fjalëkalim.
Please enable only if the understand the effects of enabling this.,Aktivizojeni vetëm nëse i kuptoni efektet e aktivizimit të kësaj.
Please enable {0} in the {1}.,Ju lutem aktivizoni {0} në {1}.
Please enable {} before continuing.,Ju lutemi aktivizoni {} përpara se të vazhdoni.
Please enable {} in {} to allow same item in multiple rows,Ju lutem aktivizoni {} në {} për të lejuar të njëjtin artikull në rreshta të shumtë
Please ensure that the {0} account is a Balance Sheet account. You can change the parent account to a Balance Sheet account or select a different account.,Ju lutemi sigurohuni që llogaria {0} është një llogari Bilanci. Mund ta ndryshoni llogarinë prindërore në një llogari Bilanci ose të zgjidhni një llogari tjetër.
Please ensure that the {0} account {1} is a Payable account. You can change the account type to Payable or select a different account.,Ju lutemi sigurohuni që llogaria {0} {1} është një llogari e pagueshme. Mund ta ndryshoni llojin e llogarisë në të pagueshme ose të zgjidhni një llogari tjetër.
Please ensure {} account is a Balance Sheet account.,Ju lutemi sigurohuni që llogaria {} është një llogari e Bilancit.
Please ensure {} account {} is a Receivable account.,Ju lutemi sigurohuni që llogaria {} {} është një llogari e arkëtueshme.
Please enter OpenID Configuration URL,Ju lutemi futni URL-në e Konfigurimit të OpenID-së
Please enter Root Type for account- {0},Ju lutem futni Llojin e Rrënjës për llogarinë - {0}
Please enter Serial Nos,Ju lutem shkruani numrat serialë
Please enter Shipment Parcel information,Ju lutemi shkruani informacionin e paketës së dërgesës
Please enter Stock Items consumed during the Repair.,Ju lutemi shënoni artikujt në magazinë të konsumuar gjatë Riparimit.
Please enter a valid email address.,Ju lutemi futni një adresë të vlefshme email-i.
Please enter both your email and message so that we can get back to you. Thanks!,Ju lutemi shkruani email-in dhe mesazhin tuaj në mënyrë që të mund t'ju kontaktojmë. Faleminderit!
Please enter mobile number first.,Ju lutemi futni së pari numrin e celularit.
Please enter quantity for item {0},Ju lutemi shkruani sasinë për artikullin {0}
Please enter serial nos,Ju lutem shkruani numrat serialë
Please enter the password for: <b>{0}</b>,Ju lutem futni fjalëkalimin për: <b>{0}</b>
Please enter your new password.,Ju lutemi futni fjalëkalimin tuaj të ri.
Please enter your old password.,Ju lutemi futni fjalëkalimin tuaj të vjetër.
Please first set Last Name,Ju lutemi vendosni së pari Mbiemrin
Please fix overlapping time slots for {0},Ju lutem rregulloni intervalet kohore që mbivendosen për {0}
Please fix overlapping time slots for {0}.,Ju lutem rregulloni intervalet kohore që mbivendosen për {0}.
Please import accounts against parent company or enable {} in company master.,Ju lutem importoni llogaritë nga kompania mëmë ose aktivizoni {} në skedarin kryesor të kompanisë.
Please keep one Applicable Charges,Ju lutem mbani një. Tarifat e zbatueshme
Please login to post a comment.,Ju lutemi identifikoheni për të postuar një koment.
Please make sure the file you are using has 'Parent Account' column present in the header.,Ju lutemi sigurohuni që skedari që po përdorni të ketë kolonën 'Llogaria Prindërore' në kokë.
Please mention 'Weight UOM' along with Weight.,Ju lutemi përmendni 'Pesha UOM' së bashku me Peshën.
Please mention '{0}' in Company: {1},Ju lutem përmendni '{0}' në Kompaninë: {1}
Please mention the Current and New BOM for replacement.,Ju lutemi përmendni BOM-in aktual dhe të ri për zëvendësim.
Please rectify and try again.,Ju lutem korrigjojeni dhe provoni përsëri.
Please refresh or reset the Plaid linking of the Bank {}.,Ju lutem rifreskoni ose rivendosni lidhjen Plaid të Bankës {}.
Please remove the printer mapping in Printer Settings and try again.,Hiqni hartën e printerit te Cilësimet e Printerit dhe provoni përsëri.
Please save before proceeding.,Ju lutemi ruajeni përpara se të vazhdoni.
Please select Bank Account,Ju lutem zgjidhni Llogarinë Bankare
Please select Finished Good Item for Service Item {0},Ju lutemi zgjidhni Artikullin e Përfunduar për Artikullin e Shërbimit {0}
Please select Serial/Batch Nos to reserve or change Reservation Based On to Qty.,Ju lutemi zgjidhni numrat serialë/seriorë për të rezervuar ose ndryshoni rezervimin bazuar në sasi.
Please select Subcontracting Order instead of Purchase Order {0},Ju lutem zgjidhni Urdhrin e Nënkontraktimit në vend të Urdhrit të Blerjes {0}
Please select Unrealized Profit / Loss account or add default Unrealized Profit / Loss account account for company {0},Ju lutem zgjidhni llogarinë e Fitimit/Humbjes së Parealizuar ose shtoni llogarinë e parazgjedhur të Fitimit/Humbjes së Parealizuar për kompaninë {0}
Please select X and Y fields,Ju lutem zgjidhni fushat X dhe Y
Please select a Subcontracting Purchase Order.,Ju lutemi zgjidhni një Urdhër Blerjeje me Nënkontraktim.
Please select a Warehouse,Ju lutemi zgjidhni një Magazinë
Please select a Work Order first.,Ju lutemi zgjidhni së pari një Urdhër Pune.
Please select a country,Ju lutem zgjidhni një vend
Please select a country code for field {1}.,Ju lutem zgjidhni një kod shteti për fushën {1}.
Please select a customer for fetching payments.,Ju lutemi zgjidhni një klient për të marrë pagesat.
Please select a date,Ju lutem zgjidhni një datë
Please select a date and time,Ju lutem zgjidhni një datë dhe orë
Please select a file first.,Ju lutem zgjidhni një skedar së pari.
Please select a row to create a Reposting Entry,Ju lutem zgjidhni një rresht për të krijuar një Hyrje Ripostimi
Please select a supplier for fetching payments.,Ju lutemi zgjidhni një furnizues për të marrë pagesat.
Please select a valid Purchase Order that has Service Items.,Ju lutemi zgjidhni një Urdhër Blerjeje të vlefshëm që përmban Artikuj Shërbimi.
Please select a valid Purchase Order that is configured for Subcontracting.,Ju lutemi zgjidhni një Urdhër Blerjeje të vlefshëm që është konfiguruar për Nënkontraktim.
Please select an item code before setting the warehouse.,Ju lutemi zgjidhni një kod artikulli përpara se të caktoni depon.
Please select atleast one item to continue,Ju lutem zgjidhni të paktën një artikull për të vazhduar
Please select atleast one operation to create Job Card,Ju lutem zgjidhni të paktën një operacion për të krijuar Kartën e Punës
Please select either the Item or Warehouse or Warehouse Type filter to generate the report.,Ju lutemi zgjidhni filtrin Artikulli ose Magazina ose Lloji i Magazinës për të gjeneruar raportin.
Please select items to reserve.,Ju lutemi zgjidhni artikujt për të rezervuar.
Please select items to unreserve.,Ju lutemi zgjidhni artikujt për të çrezervuar.
Please select only one row to create a Reposting Entry,Ju lutem zgjidhni vetëm një rresht për të krijuar një Hyrje Ripostimi
Please select rows to create Reposting Entries,Ju lutem zgjidhni rreshtat për të krijuar Hyrje Ripostimi
Please select the LDAP Directory being used,Ju lutem zgjidhni Drejtorinë LDAP që po përdoret
Please select the required filters,Ju lutemi zgjidhni filtrat e kërkuar
Please select valid document type.,Ju lutem zgjidhni llojin e dokumentit të vlefshëm.
Please set '{0}' in Company: {1},Ju lutem vendosni '{0}' në Kompaninë: {1}
Please set Account,Ju lutem caktoni llogarinë
Please set Accounting Dimension {} in {},Ju lutem vendosni Dimensionin e Kontabilitetit {} në {}
Please set Customer Address to determine if the transaction is an export.,Ju lutemi caktoni Adresën e Klientit për të përcaktuar nëse transaksioni është një eksport.
Please set Dropbox access keys in site config or doctype,Ju lutem vendosni çelësat e qasjes në Dropbox në konfigurimin e faqes ose në doctype
Please set Email/Phone for the contact,Ju lutemi vendosni email-in/telefonin për kontaktin
Please set Fiscal Code for the customer '%s',Ju lutem vendosni Kodin Fiskal për klientin '%s'
Please set Fiscal Code for the public administration '%s',Ju lutem vendosni Kodin Fiskal për administratën publike '%s'
Please set Fixed Asset Account in Asset Category {0},Ju lutem vendosni Llogarinë e Aseteve Fikse në Kategorinë e Aseteve {0}
Please set Fixed Asset Account in {} against {}.,Ju lutem vendosni Llogarinë e Aseteve Fikse në {} kundrejt {}.
Please set Opening Number of Booked Depreciations,Ju lutem caktoni Numrin Fillestar të Amortizimeve të Rezervuara
Please set Parent Row No for item {0},Ju lutem vendosni numrin e rreshtit prind për artikullin {0}
Please set Root Type,Ju lutem vendosni Llojin e Rrënjës
Please set Tax ID for the customer '%s',Ju lutem vendosni ID-në e Tatimit për klientin '%s'
Please set VAT Accounts in {0},Ju lutem caktoni Llogaritë e TVSH-së në {0}
"Please set Vat Accounts for Company: ""{0}"" in UAE VAT Settings","Ju lutemi caktoni Llogaritë e TVSH-së për Kompaninë: ""{0}"" në Cilësimet e TVSH-së në Emiratet e Bashkuara Arabe"
Please set a Cost Center for the Asset or set an Asset Depreciation Cost Center for the Company {},Ju lutemi vendosni një Qendër Kostoje për Asetin ose vendosni një Qendër Kostoje të Amortizimit të Aseteve për Kompaninë {}
Please set a default Holiday List for Company {0},Ju lutem vendosni një listë festash të parazgjedhur për kompaninë {0}
Please set an Address on the Company '%s',Ju lutem vendosni një adresë në kompaninë '%s'
Please set an Expense Account in the Items table,Ju lutemi vendosni një Llogari Shpenzimesh në tabelën e Artikujve
Please set both the Tax ID and Fiscal Code on Company {0},Ju lutem vendosni si ID-në Tatimore ashtu edhe Kodin Fiskal në Kompaninë {0}
Please set default Exchange Gain/Loss Account in Company {},Ju lutem vendosni llogarinë e parazgjedhur të fitimit/humbjes nga këmbimi në kompaninë {}
Please set default Expense Account in Company {0},Ju lutem vendosni Llogarinë e Shpenzimeve të parazgjedhur në Kompaninë {0}
Please set default cost of goods sold account in company {0} for booking rounding gain and loss during stock transfer,Ju lutemi vendosni llogarinë e kostos së parazgjedhur të mallrave të shitura në kompaninë {0} për regjistrimin e fitimit dhe humbjes së rrumbullakosur gjatë transferimit të aksioneve
Please set one of the following:,Ju lutem vendosni një nga të mëposhtmet:
Please set the cost center field in {0} or setup a default Cost Center for the Company.,Ju lutemi vendosni fushën e qendrës së kostos në {0} ose konfiguroni një Qendër Kostoje të parazgjedhur për Kompaninë.
Please set the document name,Ju lutem vendosni emrin e dokumentit
Please set {0} first.,Ju lutem vendosni {0} së pari.
Please set {0} in BOM Creator {1},Ju lutem vendosni {0} në BOM Creator {1}
Please set {0} in Company {1} to account for Exchange Gain / Loss,Ju lutem vendosni {0} në Kompaninë {1} për të llogaritur Fitim/Humbje nga Shkëmbimi
Please set {0} to {1},Ju lutem vendosni {0} në {1}
Please setup and enable a group account with the Account Type - {0} for the company {1},Ju lutemi konfiguroni dhe aktivizoni një llogari grupi me Llojin e Llogarisë - {0} për kompaninë {1}
Please setup default outgoing Email Account from Settings > Email Account,Ju lutemi konfiguroni llogarinë e parazgjedhur të email-it dalës nga Cilësimet > Llogaria e email-it
Please setup default outgoing Email Account from Tools > Email Account,Ju lutemi konfiguroni llogarinë e parazgjedhur të email-it dalës nga Mjetet > Llogaria e email-it
Please share this email with your support team so that they can find and fix the issue.,Ju lutemi ndani këtë email me ekipin tuaj të mbështetjes në mënyrë që ata të mund ta gjejnë dhe ta rregullojnë problemin.
Please specify a valid parent DocType for {0},Ju lutemi specifikoni një DocType prind të vlefshëm për {0}
Please specify a {0} first.,Ju lutem specifikoni fillimisht një {0}.
Please try again in an hour.,Ju lutem provoni përsëri pas një ore.
Please update Repair Status.,Ju lutemi përditësoni Statusin e Riparimit.
Please update {} before continuing.,Ju lutemi përditësoni {} përpara se të vazhdoni.
Please use a valid LDAP search filter,Ju lutemi përdorni një filtër kërkimi LDAP të vlefshëm
Please use following links to download file backup.,Ju lutemi përdorni lidhjet e mëposhtme për të shkarkuar kopjen rezervë të skedarëve.
Please visit https://frappecloud.com/docs/sites/migrate-an-existing-site#encryption-key for more information.,Ju lutemi vizitoni https://frappecloud.com/docs/sites/migrate-an-existing-site#encryption-key për më shumë informacion.
Polling,Votimi
Popover Element,Elementi Popover
Popover or Modal Description,Përshkrimi Popover ose Modal
Portal User,Përdoruesi i Portalit
Portal Users,Përdoruesit e Portalit
Post it here,Postoje këtu
Posting Date Inheritance for Exchange Gain / Loss,Trashëgimia e Datës së Postimit për Fitim/Humbje nga Shkëmbimi
Posting Datetime,Data dhe ora e postimit
Posting Timestamp,Vula kohore e postimit
Powered by {0},Mundësuar nga {0}
Precision ({0}) for {1} cannot be greater than its length ({2}).,Preciziteti ({0}) për {1} nuk mund të jetë më i madh se gjatësia e tij ({2}).
Prepared Report Analytics,Analitika e Raportit të Përgatitur
Prepared report render failed,Raporti i përgatitur nuk u realizua
Prepend the template to the email message,Vendosni shabllonin paraprakisht te mesazhi i email-it
Preview Image,Pamje paraprake e imazhit
Preview Mode,Modaliteti i Pamjes Paraprake
Preview Required Materials,Shikoni paraprakisht materialet e kërkuara
Preview of generated names,Pamje paraprake e emrave të gjeneruar
Preview type,Lloji i pamjes paraprake
Preview:,Pamje paraprake:
Previous Document,Dokumenti i mëparshëm
Previous Submission,Dorëzim i mëparshëm
Previous Year is not closed,Viti i kaluar nuk është mbyllur
Price ({0}),Çmimi ({0})
Price List Defaults,Cilësimet e parazgjedhura të listës së çmimeve
Price Per Unit ({0}),Çmimi për njësi ({0})
Price is not set for the item.,Çmimi për artikullin nuk është vendosur.
Primary Address and Contact,Adresa dhe Kontakti Kryesor
Primary Contact,Kontakti Kryesor
Primary Email,Email-i kryesor
Primary Mobile,Celulari kryesor
Primary Party,Partia Primare
Primary Phone,Telefoni kryesor
Primary Role,Roli Kryesor
Print Format Builder Beta,Ndërtuesi i Formatit të Printimit Beta
Print Format Error,Gabim në formatin e printimit
Print Format Field Template,Shablloni i fushës së formatit të printimit
Print Format For,Formati i Printimit për
Print Format not found,Formati i printimit nuk u gjet
Print Receipt on Order Complete,Printo faturën pas përfundimit të porosisë
Print document,Printo dokumentin
Printed on {0},Shtypur në {0}
Printer mapping not set.,Harta e printerit nuk është vendosur.
Priority cannot be lesser than 1.,Prioriteti nuk mund të jetë më i vogël se 1.
Priority is mandatory,Prioriteti është i detyrueshëm
Private Files (MB),Skedarët privatë (MB)
Private Files Backup:,Kopje rezervë e skedarëve privatë:
Probability,Probabiliteti
Procedures dropped,Procedurat u anuluan
Proceed,Vazhdo
Process Loss,Humbja e procesit
Process Loss Percentage cannot be greater than 100,Përqindja e Humbjes së Procesit nuk mund të jetë më e madhe se 100
Process Loss Qty,Humbje në proces Sasia
Process Loss Report,Raporti i Humbjes së Procesit
Process Loss Value,Vlera e Humbjes së Procesit
Process Payment Reconciliation,Procesi i pajtimit të pagesave
Process Payment Reconciliation Log,Procesi i Regjistrit të Pajtimit të Pagesave
Process Payment Reconciliation Log Allocations,Procesi i Shpërndarjeve të Regjistrit të Pajtimit të Pagesave
Process Statement Of Accounts CC,Procesi i Pasqyrës së Llogarive CC
Process Subscription,Procesi i abonimit
Process in Single Transaction,Procesi në një transaksion të vetëm
Processed BOMs,BOM-et e përpunuara
Processing Sales! Please Wait...,Duke përpunuar shitjet! Ju lutemi prisni...
Produced / Received Qty,Sasia e prodhuar / e marrë
Product Price ID,ID e Çmimit të Produktit
Production Plan Already Submitted,Plani i Prodhimit është dorëzuar tashmë
Production Plan Item Reference,Referenca e Artikullit të Planit të Prodhimit
Production Plan Qty,Plani i Prodhimit Sasia
Production Plan Sub Assembly Item,Nën-montimi i Planit të Prodhimit
Production Plan Sub-assembly Item,Plani i Prodhimit - Nën-montimi i artikullit
Production Plan Summary,Përmbledhje e Planit të Prodhimit
Profile,Profili
Profit and Loss Summary,Përmbledhje e Fitimit dhe Humbjes
Progress (%),Progresi (%)
Project Progress:,Progresi i Projektit:
Prompt Qty,Sasia e shpejtë
Prospect,Perspektivë
Prospect Lead,Perspektivë Udhëheqëse
Prospect Opportunity,Mundësi për Perspektivë
Prospect Owner,Pronar i mundshëm
Prospect {0} already exists,Perspektiva {0} ekziston tashmë
Protect Attached Files,Mbroni skedarët e bashkangjitur
Protected File,Skedar i Mbrojtur
Provide a list of allowed file extensions for file uploads. Each line should contain one allowed file type. If unset,Jepni një listë të shtesave të lejuara të skedarëve për ngarkimet e skedarëve. Çdo rresht duhet të përmbajë një lloj skedari të lejuar. Nëse nuk është vendosur
Provisional Account,Llogaria e Përkohshme
Provisional Expense Account,Llogaria e Shpenzimeve të Përkohshme
Public Files (MB),Skedarët Publikë (MB)
Public Files Backup:,Kopja rezervë e skedarëve publikë:
Publish as a web page,Publiko si një faqe interneti
Publisher,Botues
Publisher ID,ID-ja e botuesit
Publishing Dates,Datat e publikimit
Pull Emails,Tërheq email-et
Pulling emails...,Duke tërhequr email-e...
Purchase Order Item reference is missing in Subcontracting Receipt {0},Referenca e artikullit të porosisë së blerjes mungon në faturën e nënkontraktimit {0}
Purchase Orders {0} are un-linked,Porositë e blerjes {0} janë të shkëputura
Purchase Receipt (Draft) will be auto-created on submission of Subcontracting Receipt.,Fatura e Blerjes (Draft) do të krijohet automatikisht me dorëzimin e Faturës së Nënkontraktimit.
Purchase Receipt {0} created.,Fatura e blerjes {0} u krijua.
Purchase Value,Vlera e Blerjes
Purchases,Blerjet
Purposes Required,Qëllimet e kërkuara
Push Notification Settings,Cilësimet e njoftimeve push
Put on Hold,Vendos në pritje
Putaway Rule,Rregulli i Putaway-t
Putaway Rule already exists for Item {0} in Warehouse {1}.,Rregulli Putaway ekziston tashmë për Artikullin {0} në Magazinë {1}.
Python,Python
Qty,Sasia
Qty (Company),Sasia (Kompania)
Qty (Warehouse),Sasia (Magazina)
Qty (in Stock UOM),Sasia (në Stok UOM)
Qty After Transaction,Sasia pas transaksionit
Qty As Per BOM,Sasia sipas BOM
Qty Change,Ndryshimi i Sasisë
Qty In Stock,Sasia Në Stok
Qty Per Unit,Sasia për njësi
Qty To Manufacture ({0}) cannot be a fraction for the UOM {2}. To allow this,Sasia për Prodhim ({0}) nuk mund të jetë një pjesë për UOM {2}. Për ta lejuar këtë
Qty To Produce,Sasia për t'u prodhuar
Qty Wise Chart,Grafiku i Mençur i Sasisë
Qty and Rate,Sasia dhe Çmimi
Qty as Per Stock UOM,Sasia sipas stokut UOM
Qty for which recursion isn't applicable.,Sasia për të cilën rekursioni nuk është i zbatueshëm.
Qty in Stock UOM,Sasia në Stok UOM
Qty of Finished Goods Item should be greater than 0.,Sasia e artikullit të mallrave të përfunduara duhet të jetë më e madhe se 0.
Qty to Be Consumed,Sasia për t'u konsumuar
Qty to Build,Sasia për t'u ndërtuar
Qty to Fetch,Sasia për të marrë
Qty to Produce,Sasia për t'u prodhuar
Qualification Status,Statusi i Kualifikimit
Qualified,I kualifikuar
Qualified By,Kualifikuar nga
Qualified on,Kualifikuar më
Quality Inspection Parameter,Parametri i Inspektimit të Cilësisë
Quality Inspection Parameter Group,Grupi i Parametrave të Inspektimit të Cilësisë
Quality Inspection Settings,Cilësimet e Inspektimit të Cilësisë
Quality Inspection(s),Inspektimi(et) i Cilësisë
Quantity (A - B),Sasia (A - B)
Quantity is required,Sasia është e nevojshme
Quantity must be greater than zero,Sasia duhet të jetë më e madhe se zero
Quantity to Produce should be greater than zero.,Sasia për t’u prodhuar duhet të jetë më e madhe se zero.
Quantity to Scan,Sasia për t'u skanuar
Quarter {0} {1},Tremujori {0} {1}
Query Parameters,Parametrat e pyetjes
Query analysis complete. Check suggested indexes.,Analiza e pyetjes përfundoi. Kontrolloni indekset e sugjeruara.
Query must be of SELECT or read-only WITH type.,Pyetja duhet të jetë e tipit SELECT ose WITH vetëm për lexim.
Queue,Radhë
Queue Overloaded,Radha e mbingarkuar
Queue Size should be between 5 and 100,Madhësia e radhës duhet të jetë midis 5 dhe 100
Queue Status,Statusi i radhës
Queue Type(s),Lloji(et) i radhës
Queue in Background (BETA),Radhë në Sfond (BETA)
Queue(s),Radhë(t)
Queued At,Në radhë në
Queued By,Në radhë nga
Queued for Submission. You can track the progress over {0}.,Në radhë për dorëzim. Mund të ndiqni progresin gjatë {0}.
Queued {0} emails,Email-e të vendosura në radhë {0}
Queues,Radhët
Queuing emails...,Emailet në radhë...
Queuing {0} for Submission,Në radhë {0} për dorëzim
Quick List Filter,Filtri i Listës së Shpejtë
Quick Lists,Listat e Shpejta
Quick Ratio,Raporti i Shpejtë
Quotation Number,Numri i Kuotimit
Quoted Amount,Shuma e Kuotuar
Quoting must be between 0 and 3,Kuotimi duhet të jetë midis 0 dhe 3
RQ Job,Punë me kërkesë për kërkesë
RQ Worker,Punëtor RQ
Rank,Renditja
Rate Limiting,Kufizimi i Shkallës
Rate Limits,Limitet e Tarifave
Rate Section,Seksioni i Tarifave
Rate limit for email link login,Kufiri i tarifës për hyrjen në lidhje me email
Rate of Depreciation (%),Norma e Amortizimit (%)
Rate of Stock UOM,Norma e aksioneve UOM
Ratios,Raportet
Raw Material Cost Per Qty,Kostoja e lëndës së parë për sasi
Raw Material Item,Artikull i lëndës së parë
Raw Material Value,Vlera e lëndës së parë
Raw Materials Actions,Veprimet për Lëndët e Para
Raw Materials Consumption,Konsumi i lëndëve të para
Raw Materials Warehouse,Depo Lëndësh të Para
Raw Printing Setting,Cilësimi i Printimit të Papërpunuar
Raw Printing Settings,Cilësimet e Printimit të Papërpunuar
Raw SQL,SQL i papërpunuar
Re-Run in Console,Ri-ekzekuto në Konsolë
Re:,Re:
Reached Root,Arrita Rrënjën
Read Only Depends On (JS),Leximi Vetëm Varet Nga (JS)
Read Only Mode,Modaliteti Vetëm Lexim
Read mode,Modaliteti i leximit
Read the documentation to know more,Lexoni dokumentacionin për të mësuar më shumë
Reading Value,Vlera e Leximit
Readme,Readme
Realtime (SocketIO),Në kohë reale (SocketIO)
Reason for hold:,Arsyeja e mbajtjes:
Rebuild Tree,Rindërto Pemën
Rebuilding BTree for period ...,Rindërtimi i BTree për periudhën ...
Rebuilding of tree is not supported for {},Rindërtimi i pemës nuk mbështetet për {}
Recalculate Batch Qty,Rillogarit sasinë e serisë
Recalculate Bin Qty,Rillogarit sasinë e koshit
Recalculate Incoming/Outgoing Rate,Rillogaritni Shkallën Hyrëse/Dalëse
Receivable/Payable Account,Llogari e Pranueshme/e Pagueshme
Receivable/Payable Account: {0} doesn't belong to company {1},Llogaria e Pranueshme/e Pagueshme: {0} nuk i përket kompanisë {1}
Received Amount After Tax,Shuma e marrë pas taksës
Received Amount After Tax (Company Currency),Shuma e marrë pas taksës (Monedha e kompanisë)
Received Amount cannot be greater than Paid Amount,Shuma e marrë nuk mund të jetë më e madhe se shuma e paguar
Received Qty in Stock UOM,Sasia e marrë në magazinë UOM
Received an invalid token type.,U mor një lloj tokeni i pavlefshëm.
Recent Orders,Porositë e fundit
Recent Transactions,Transaksionet e fundit
Recents,Të fundit
Recipient Account Field,Fusha e Llogarisë së Marrësit
Reconcile All Serial Nos / Batches,Pajtoni të gjithë numrat serialë / seritë
Reconcile Effect On,Efekti i Pajtimit në
Reconcile on Advance Payment Date,Pajtohuni në datën e pagesës paraprake
Reconcile the Bank Transaction,Pajtoni Transaksionin Bankar
Reconciled Entries,Hyrje të Pajtuara
Reconciliation Date,Data e Pajtimit
Reconciliation Error Log,Regjistri i Gabimeve të Pajtimit
Reconciliation Logs,Regjistrat e Pajtimit
Reconciliation Progress,Progresi i Pajtimit
Reconciliation Queue Size,Madhësia e Radhës së Pajtimit
Reconciliation Takes Effect On,Pajtimi hyn në fuqi më
Recorder Query,Pyetje për Regjistruesin
Recorder Suggested Index,Indeksi i Sugjeruar i Regjistruesit
Recording HTML,Regjistrimi i HTML-së
Recoverable Standard Rated expenses should not be set when Reverse Charge Applicable is Y,Shpenzimet standarde të rikuperueshme nuk duhet të vendosen kur zbatohet Ngarkesa e kundërt Y.
Recreate Stock Ledgers,Rikrijo regjistrat e aksioneve
Recurse Every (As Per Transaction UOM),Përsëritje Çdo (Sipas Transaksionit UOM)
Recurse Over Qty cannot be less than 0,Rekursi mbi sasinë nuk mund të jetë më i vogël se 0
Recursive Discounts with Mixed condition is not supported by the system,Zbritjet Rekursive me Kusht të Përzier nuk mbështeten nga sistemi
Recursive Fetch From,Marrje Rekursive nga
Redirect HTTP Status,Statusi i ridrejtimit të HTTP-së
Redirect To Path,Ridrejto në Shteg
Redirect URI,URI i ridrejtimit
Redirect to the selected app after login,Ridrejtohu në aplikacionin e zgjedhur pas hyrjes
Redirect to this URL after successful confirmation.,Ridrejto në këtë URL pas konfirmimit të suksesshëm.
Redirects,Ridrejtime
Redo,Ribëj
Redo last action,Ribëj veprimin e fundit
Referance Doctype and Dashboard Name both can't be used at the same time.,Tipi i dokumentit të referencës dhe emri i panelit të kontrollit nuk mund të përdoren të dy në të njëjtën kohë.
Reference Date for Early Payment Discount,Data e Referencës për Zbritje për Pagesë të Parakohshme
Reference Detail,Detajet e Referencës
Reference Doc,Dokument Reference
Reference Exchange Rate,Kursi i këmbimit referues
Reference No,Nr. i Referencës
Reference number of the invoice from the previous system,Numri i referencës së faturës nga sistemi i mëparshëm
References to Sales Invoices are Incomplete,Referencat për Faturat e Shitjes janë të Paplota
References to Sales Orders are Incomplete,Referencat për Porositë e Shitjes janë të Paplota
References {0} of type {1} had no outstanding amount left before submitting the Payment Entry. Now they have a negative outstanding amount.,Referencat {0} të tipit {1} nuk kishin shumë të papaguar përpara se të dorëzonin Hyrjen e Pagesës. Tani ato kanë një shumë negative të papaguar.
Refresh List,Rifresko listën
Refresh Plaid Link,Rifresko lidhjen e Plaid
Regenerate Closing Stock Balance,Rigjenerimi i Bilancit të Stokut në Mbyllje
Rejected,Refuzuar
Rejected Serial and Batch Bundle,Serial dhe Batch Bundle i Refuzuar
Rejected Warehouse and Accepted Warehouse cannot be same.,Magazina e Refuzuar dhe Magazina e Pranuar nuk mund të jenë të njëjta.
Relay Server URL missing,URL-ja e serverit të transmetimit mungon
Relay Settings,Cilësimet e Relesë
Release Notes,Shënime për publikimin
Reload List,Ringarko listën
Reload Report,Raporti i Ringarkimit
Remarks Column Length,Gjatësia e kolonës së shënimeve
Remind At,Kujtoj në
Remind Me,Më kujto
Remind Me In,Më kujto brenda
Reminder,Kujtesë
Reminder cannot be created in past.,Kujtesa nuk mund të krijohet në të kaluarën.
Reminder set at {0},Kujtesa u caktua në {0}
Remove Failed Jobs,Hiq Punët e Dështuara
Remove Parent Row No in Items Table,Hiq numrin e rreshtit prind në tabelën e artikujve
Remove SABB Entry,Hiq Hyrjen SABB
Remove all fields in the column,Hiq të gjitha fushat në kolonë
Remove column,Hiq kolonën
Remove field,Hiq fushën
Remove last column,Hiq kolonën e fundit
Remove page break,Hiq ndërprerjen e faqes
Remove section,Hiq seksionin
Remove tab,Hiq skedën
Removing rows without exchange gain or loss,Heqja e rreshtave pa fitim ose humbje nga shkëmbimi
Rename Fieldname,Riemërto emrin e fushës
Rename jobs for doctype {0} have been enqueued.,Punët e riemërtimit për llojin e doktinës {0} janë vendosur në radhë.
Rename jobs for doctype {0} have not been enqueued.,Punët e riemërtimit për llojin e doktinës {0} nuk janë vendosur në radhë.
Render labels to the left and values to the right in this section,Paraqit etiketat në të majtë dhe vlerat në të djathtë në këtë seksion
Repair Asset,Riparimi i Aseteve
Repair Details,Detajet e riparimit
Repeat Header and Footer,Përsëritja e kokës dhe fundit të faqes
Repeat on Days,Përsëriteni në ditë
Replace a particular BOM in all other BOMs where it is used. It will replace the old BOM link,Zëvendësoni një BOM të caktuar në të gjitha BOM-et e tjera ku përdoret. Do të zëvendësojë lidhjen e vjetër të BOM-it.
Report Error,Raporto Gabim
Report Name,Emri i Raportit
Report Ref DocType,Lloji i Dokumentit të Referencës së Raportit
Report View,Pamja e Raportit
Report an Issue,Raporto një problem
Report initiated,Raporti u nis
Report limit reached,U arrit limiti i raportimit
Report timed out.,Raporti skadoi.
Report {0} deleted,Raporti {0} u fshi
Report {0} saved,Raporti {0} u ruajt
Repost Accounting Ledger,Ripostoni Librin e Kontabilitetit
Repost Accounting Ledger Items,Ripostoni artikujt e regjistrit të kontabilitetit
Repost Accounting Ledger Settings,Ripostoni Cilësimet e Librit të Kontabilitetit
Repost Allowed Types,Llojet e lejuara të ripostimit
Repost Error Log,Riposto Regjistrin e Gabimeve
Repost Item Valuation,Ripostimi i Vlerësimit të Artikullit
Repost Payment Ledger,Ripostoni Librin e Pagesave
Repost Payment Ledger Items,Ripostoni artikujt e Librit të Pagesave
Repost Status,Statusi i ripostimit
Repost has started in the background,Ripostimi ka filluar në sfond
Repost in background,Riposto në sfond
Repost started in the background,Ripostimi filloi në sfond
Reposting Completed {0}%,Ripostimi përfundoi {0}%
Reposting Data File,Ripostimi i skedarit të të dhënave
Reposting Info,Informacion për ripostimin
Reposting Progress,Progresi i ripostimit
Reposting entries created: {0},Ripostimi i hyrjeve të krijuara: {0}
Reposting has been started in the background.,Ripostimi ka filluar në sfond.
Reposting in the background.,Duke ripostuar në sfond.
Represents a Financial Year. All accounting entries and other major transactions are tracked against the Fiscal Year.,Përfaqëson një Vit Financiar. Të gjitha regjistrimet kontabël dhe transaksionet e tjera të mëdha gjurmohen kundrejt Vitit Fiskal.
Request Account Deletion,Kërko Fshirjen e Llogarisë
Request Body,Trupi i kërkesës
Request Description,Përshkrimi i kërkesës
Request Headers,Titujt e kërkesave
Request ID,Kërkesë për ID
Request Limit,Limiti i Kërkesës
Request Method,Metoda e Kërkesës
Request Parameters,Parametrat e kërkesës
Request Timeout,Kërkesë për skadimin e kohës
Requires any valid fdn path. i.e. ou=groups,Kërkon çdo shteg të vlefshëm fdn. p.sh. ou=groups
Requires any valid fdn path. i.e. ou=users,Kërkon çdo shteg të vlefshëm fdn. p.sh. ou=users
Reservation Based On,Rezervimi Bazuar në
Reserve,Rezervo
Reserve Stock,Stoku rezervë
Reserved Qty ({0}) cannot be a fraction. To allow this,Sasia e rezervuar ({0}) nuk mund të jetë thyesë. Për ta lejuar këtë
Reserved Qty for Production Plan,Sasia e rezervuar për Planin e Prodhimit
Reserved Qty for Subcontract,Sasia e rezervuar për nënkontratë
Reserved Qty should be greater than Delivered Qty.,Sasia e rezervuar duhet të jetë më e madhe se Sasia e dorëzuar.
Reserved Serial No.,Nr. Serial i Rezervuar
Reserved Stock,Aksion i rezervuar
Reserved Stock for Batch,Stok i rezervuar për seri
Reserved for POS Transactions,Rezervuar për transaksionet POS
Reserved for Production,Rezervuar për Prodhim
Reserved for Production Plan,Rezervuar për Planin e Prodhimit
Reserved for Sub Contracting,Rezervuar për Nënkontraktim
Reserving Stock...,Duke rezervuar stokun...
Reset All Customizations,Rivendos të gjitha personalizimet
Reset Changes,Rivendos ndryshimet
Reset Company Default Values,Rivendosni Vlerat Parazgjedhura të Kompanisë
Reset Dashboard Customizations,Rivendos personalizimet e panelit të kontrollit
Reset Layout,Rivendosni Paraqitjen
Reset Password Link Expiry Duration,Kohëzgjatja e Skadimit të Lidhjes së Rivendosjes së Fjalëkalimit
Reset Password Template,Shablloni i Rivendosjes së Fjalëkalimit
Reset Plaid Link,Rivendosni lidhjen Plaid
Reset Raw Materials Table,Rivendosni Tabelën e Lëndëve të Para
Reset To Default,Rivendos në gjendjen fillestare
Reset sorting,Rivendos renditjen
Reset the password for your account,Rivendos fjalëkalimin për llogarinë tënde
Reset to default,Rivendos në cilësimet fillestare
Resolution Due,Zgjidhja e duhur
Response,Përgjigje
Response and Resolution,Përgjigje dhe Zgjidhje
Rest of the day,Pjesa tjetër e ditës
Restart,Rinis
Restore Asset,Rivendosni Asetin
Restrict,Kufizo
Restrict Items Based On,Kufizo artikujt bazuar në
Result,Rezultati
Result Key,Çelësi i rezultatit
Resume Job,Rifillo punën
Resume Timer,Rifillimi i kohëmatësit
Retried,U riprovua
Retry Failed Transactions,Riprovo transaksionet e dështuara
Retry Sending,Riprovo dërgimin
Return Against,Kthim Kundër
Return Against Subcontracting Receipt,Kthim Kundër Faturës së Nënkontraktimit
Return Components,Komponentët e kthimit
Return Issued,Kthimi i lëshuar
Return Qty,Sasia e kthimit
Return Qty from Rejected Warehouse,Sasia e kthimit nga magazina e refuzuar
Return of Components,Kthimi i Komponentëve
Return on Asset Ratio,Raporti i Kthimit mbi Asetet
Return on Equity Ratio,Raporti i Kthimit mbi Kapitalin
Returned,U kthye
Returned Against,U kthye kundër
Returned Qty,Sasia e kthyer
Returned Qty in Stock UOM,Sasia e kthyer në magazinë UOM
Returned exchange rate is neither integer not float.,Kursi i këmbimit i kthyer nuk është as numër i plotë dhe as numër lundrues.
Revaluation Journals,Revista Rivlerësimi
Revaluation Surplus,Tepricë e Rivlerësimit
Revenue,Të ardhurat
Reversal Of,Përmbysja e
Revocation URI,URI i revokimit
Right Bottom,Djathtas Poshtë
Right Center,Qendra e Djathtë
Right Child,Fëmija i Djathtë
Role 'All' will be given to all system + website users.,Roli 'Të gjithë' do t'u jepet të gjithë përdoruesve të sistemit + faqes së internetit.
Role 'Desk User' will be given to all system users.,Roli 'Përdorues i Tavolinës' do t'u jepet të gjithë përdoruesve të sistemit.
Role Allowed to Create/Edit Back-dated Transactions,Roli i Lejuar për të Krijuar/Ndryshuar Transaksione me Datë të Mëparshme
Role Allowed to Over Bill,Roli i lejuar për të mbifaturuar
Role Allowed to Over Deliver/Receive,Roli lejohet të mbidozojë/marrë
Role Allowed to Override Stop Action,Roli i Lejuar për të Anuluar Veprimin e Ndalimit
Role allowed to bypass Credit Limit,Roli lejohet të anashkalojë Limitin e Kreditit
Role has been set as per the user type {0},Roli është vendosur sipas llojit të përdoruesit {0}
Roles & Permissions,Rolet dhe Lejet
Root,Rrënjë
Root Type for {0} must be one of the Asset,Lloji i rrënjës për {0} duhet të jetë një nga Asetet
Round Free Qty,Sasia e lirë e rrumbullakët
Round Off Tax Amount,Rrumbullakosni shumën e taksës
Round Off for Opening,Rrumbullakos për hapje
Round Tax Amount Row-wise,Rrumbullakosni shumën e taksës sipas rreshtave
Rounding Loss Allowance,Lejimi i Humbjes nga Rrumbullakosja
Rounding Loss Allowance should be between 0 and 1,Lejimi i Humbjes nga Rrumbullakosja duhet të jetë midis 0 dhe 1
Rounding Method,Metoda e Rrumbullakosjes
Rounding gain/loss Entry for Stock Transfer,Rrumbullakosja e hyrjes së fitimit/humbjes për transferimin e aksioneve
"Route: Example ""/app""","Rruga: Shembull ""/app"""
Row # {0}:,Rreshti # {0}:
Row # {0}: Non administrator user can not set the role {1} to the custom doctype,Rreshti # {0}: Përdoruesi jo-administrator nuk mund ta caktojë rolin {1} në doktin e personalizuar
Row # {0}: Please add Serial and Batch Bundle for Item {1},Rreshti # {0}: Ju lutemi shtoni numrin serial dhe grupin e artikujve për artikullin {1}
Row # {0}: Please enter quantity for Item {1} as it is not zero.,Rreshti # {0}: Ju lutemi shkruani sasinë për Artikullin {1} pasi nuk është zero.
Row #1: Sequence ID must be 1 for Operation {0}.,Rreshti #1: ID-ja e sekuencës duhet të jetë 1 për operacionin {0}.
Row #{0}: A reorder entry already exists for warehouse {1} with reorder type {2}.,Rreshti #{0}: Ekziston tashmë një hyrje riporositjeje për depon {1} me llojin e riporositjes {2}.
Row #{0}: Acceptance Criteria Formula is incorrect.,Rreshti #{0}: Formula e Kritereve të Pranimit është e pasaktë.
Row #{0}: Acceptance Criteria Formula is required.,Rreshti #{0}: Formula e Kritereve të Pranimit është e detyrueshme.
Row #{0}: Accepted Warehouse and Rejected Warehouse cannot be same,Rreshti #{0}: Magazina e Pranuar dhe Magazina e Refuzuar nuk mund të jenë të njëjta
Row #{0}: Accepted Warehouse is mandatory for the accepted Item {1},Rreshti #{0}: Magazina e Pranuar është e detyrueshme për Artikullin e Pranuar {1}
Row #{0}: Allocated Amount cannot be greater than Outstanding Amount of Payment Request {1},Rreshti #{0}: Shuma e alokuar nuk mund të jetë më e madhe se shuma e papaguar e kërkesës për pagesë {1}
Row #{0}: Allocated amount:{1} is greater than outstanding amount:{2} for Payment Term {3},Rreshti #{0}: Shuma e ndarë:{1} është më e madhe se shuma e papaguar:{2} për Afatin e Pagesës {3}
Row #{0}: Amount must be a positive number,Rreshti #{0}: Shuma duhet të jetë një numër pozitiv
Row #{0}: BOM is not specified for subcontracting item {0},Rreshti #{0}: BOM nuk është specifikuar për artikullin e nënkontraktimit {0}
Row #{0}: Batch No {1} is already selected.,Rreshti #{0}: Numri i grupit {1} është zgjedhur tashmë.
Row #{0}: Cannot allocate more than {1} against payment term {2},Rreshti #{0}: Nuk mund të ndajë më shumë se {1} kundrejt afatit të pagesës {2}
Row #{0}: Cannot set Rate if the billed amount is greater than the amount for Item {1}.,Rreshti #{0}: Nuk mund të caktohet Tarifa nëse shuma e faturuar është më e madhe se shuma për Artikullin {1}.
Row #{0}: Cannot transfer more than Required Qty {1} for Item {2} against Job Card {3},Rreshti #{0}: Nuk mund të transferohet më shumë se Sasia e Kërkuar {1} për Artikullin {2} kundrejt Kartës së Punës {3}
Row #{0}: Consumed Asset {1} cannot be Draft,Rreshti #{0}: Aseti i konsumuar {1} nuk mund të jetë Draft
Row #{0}: Consumed Asset {1} cannot be cancelled,Rreshti #{0}: Aseti i konsumuar {1} nuk mund të anulohet
Row #{0}: Consumed Asset {1} cannot be the same as the Target Asset,Rreshti #{0}: Aseti i konsumuar {1} nuk mund të jetë i njëjtë me Asetin e Synuar
Row #{0}: Consumed Asset {1} cannot be {2},Rreshti #{0}: Aseti i konsumuar {1} nuk mund të jetë {2}
Row #{0}: Consumed Asset {1} does not belong to company {2},Rreshti #{0}: Aseti i konsumuar {1} nuk i përket kompanisë {2}
Row #{0}: Cumulative threshold cannot be less than Single Transaction threshold,Rreshti #{0}: Pragu kumulativ nuk mund të jetë më i vogël se pragu i një transaksioni të vetëm
Row #{0}: Dates overlapping with other row,Rreshti #{0}: Datat mbivendosen me rreshtin tjetër
Row #{0}: Default BOM not found for FG Item {1},Rreshti #{0}: BOM i parazgjedhur nuk u gjet për artikullin FG {1}
Row #{0}: Expense Account not set for the Item {1}. {2},Rreshti #{0}: Llogaria e Shpenzimeve nuk është caktuar për Artikullin {1}. {2}
Row #{0}: Finished Good Item Qty can not be zero,Rreshti #{0}: Artikull i Përfunduar Sasia nuk mund të jetë zero
Row #{0}: Finished Good Item is not specified for service item {1},Rreshti #{0}: Artikulli i Përfunduar nuk është specifikuar për artikullin e shërbimit {1}
Row #{0}: Finished Good Item {1} must be a sub-contracted item,Rreshti #{0}: Artikull i Përfunduar {1} duhet të jetë një artikull i nënkontraktuar
Row #{0}: Finished Good reference is mandatory for Scrap Item {1}.,Rreshti #{0}: Përfunduar Referenca e mirë është e detyrueshme për artikullin e mbetur {1}.
Row #{0}: For {1} Clearance date {2} cannot be before Cheque Date {3},Rreshti #{0}: Për {1} Data e zhdoganimit {2} nuk mund të jetë përpara datës së çekut {3}
Row #{0}: For {1},Rreshti #{0}: Për {1}
Row #{0}: For {1},Rreshti #{0}: Për {1}
Row #{0}: From Date cannot be before To Date,"Rreshti #{0}: Data e ""Nga"" nuk mund të jetë para ""Data deri"""
Row #{0}: From Time and To Time fields are required,"Rreshti #{0}: Fushat ""Nga Koha"" dhe ""Deri në Koha"" janë të detyrueshme"
Row #{0}: Item {1} does not exist,Rreshti #{0}: Artikulli {1} nuk ekziston
Row #{0}: Item {1} has been picked,Rreshti #{0}: Artikulli {1} është zgjedhur
Row #{0}: Item {1} is not a service item,Rreshti #{0}: Artikulli {1} nuk është një artikull shërbimi
Row #{0}: Item {1} is not a stock item,Rreshti #{0}: Artikulli {1} nuk është një artikull në stok
Row #{0}: Only {1} available to reserve for the Item {2},Rreshti #{0}: Vetëm {1} i disponueshëm për rezervim për Artikullin {2}
Row #{0}: Please select Item Code in Assembly Items,Rreshti #{0}: Ju lutemi zgjidhni Kodin e Artikullit në Artikujt e Montimit
Row #{0}: Please select the BOM No in Assembly Items,Rreshti #{0}: Ju lutemi zgjidhni Nr. BOM në Artikujt e Montimit
Row #{0}: Please select the Sub Assembly Warehouse,Rreshti #{0}: Ju lutemi zgjidhni Magazinë e Nënmontimit
Row #{0}: Please update deferred revenue/expense account in item row or default account in company master,Rreshti #{0}: Ju lutemi përditësoni llogarinë e të ardhurave/shpenzimeve të shtyra në rreshtin e artikujve ose llogarinë e parazgjedhur në llogarinë kryesore të kompanisë
Row #{0}: Qty increased by {1},Rreshti #{0}: Sasia u rrit me {1}
Row #{0}: Qty must be a positive number,Rreshti #{0}: Sasia duhet të jetë një numër pozitiv
Row #{0}: Qty should be less than or equal to Available Qty to Reserve (Actual Qty - Reserved Qty) {1} for Iem {2} against Batch {3} in Warehouse {4}.,Rreshti #{0}: Sasia duhet të jetë më e vogël ose e barabartë me Sasinë e Disponueshme për Rezervim (Sasia Reale - Sasia e Rezervuar) {1} për Artikullin {2} kundrejt Grupit {3} në Magazinën {4}.
Row #{0}: Quality Inspection is required for Item {1},Rreshti #{0}: Inspektimi i Cilësisë është i nevojshëm për Artikullin {1}
Row #{0}: Quality Inspection {1} is not submitted for the item: {2},Rreshti #{0}: Inspektimi i Cilësisë {1} nuk është dorëzuar për artikullin: {2}
Row #{0}: Quality Inspection {1} was rejected for item {2},Rreshti #{0}: Inspektimi i Cilësisë {1} u refuzua për artikullin {2}
Row #{0}: Quantity cannot be a non-positive number. Please increase the quantity or remove the Item {1},Rreshti #{0}: Sasia nuk mund të jetë një numër jo pozitiv. Ju lutemi rrisni sasinë ose hiqni Artikullin {1}
Row #{0}: Quantity to reserve for the Item {1} should be greater than 0.,Rreshti #{0}: Sasia që do të rezervohet për Artikullin {1} duhet të jetë më e madhe se 0.
Row #{0}: Rate must be same as {1}: {2} ({3} / {4}),Rreshti #{0}: Çmimi duhet të jetë i njëjtë me {1}: {2} ({3} / {4})
Row #{0}: Received Qty must be equal to Accepted + Rejected Qty for Item {1},Rreshti #{0}: Sasia e Pranuar duhet të jetë e barabartë me Sasinë e Pranuar + Sasinë e Refuzuar për Artikullin {1}
Row #{0}: Rejected Qty cannot be set for Scrap Item {1}.,Rreshti #{0}: Sasia e refuzuar nuk mund të caktohet për artikullin e mbetur {1}.
Row #{0}: Rejected Warehouse is mandatory for the rejected Item {1},Rreshti #{0}: Magazina e Refuzuar është e detyrueshme për Artikullin e refuzuar {1}
Row #{0}: Scrap Item Qty cannot be zero,Rreshti #{0}: Sasia e artikullit të mbetur nuk mund të jetë zero
"Row #{0}: Selling rate for item {1} is lower than its {2}.|||					Selling {3} should be atleast {4}.<br><br>Alternatively",Rreshti #{0}: Çmimi i shitjes për artikullin {1} është më i ulët se {2} i tij.||| Shitja e {3} duhet të jetë të paktën {4}.<br><br>Si alternativë
Row #{0}: Sequence ID must be {1} or {2} for Operation {3}.,Rreshti #{0}: ID-ja e sekuencës duhet të jetë {1} ose {2} për operacionin {3}.
Row #{0}: Serial No {1} for Item {2} is not available in {3} {4} or might be reserved in another {5}.,Rreshti #{0}: Numri serial {1} ​​për artikullin {2} nuk është i disponueshëm në {3} {4} ose mund të jetë i rezervuar në një {5} tjetër.
Row #{0}: Serial No {1} is already selected.,Rreshti #{0}: Numri serial {1} ​​është zgjedhur tashmë.
Row #{0}: Start Time and End Time are required,Rreshti #{0}: Ora e fillimit dhe Ora e mbarimit janë të detyrueshme
Row #{0}: Start Time must be before End Time,Rreshti #{0}: Koha e fillimit duhet të jetë para Kohës së mbarimit
Row #{0}: Status is mandatory,Rreshti #{0}: Statusi është i detyrueshëm
Row #{0}: Stock cannot be reserved for Item {1} against a disabled Batch {2}.,Rreshti #{0}: Stoku nuk mund të rezervohet për Artikullin {1} kundrejt një Grupi {2} të çaktivizuar.
Row #{0}: Stock cannot be reserved for a non-stock Item {1},Rreshti #{0}: Stoku nuk mund të rezervohet për një artikull jo në stok {1}
Row #{0}: Stock cannot be reserved in group warehouse {1}.,Rreshti #{0}: Stoku nuk mund të rezervohet në depon e grupit {1}.
Row #{0}: Stock is already reserved for the Item {1}.,Rreshti #{0}: Stoku është rezervuar tashmë për Artikullin {1}.
Row #{0}: Stock is reserved for item {1} in warehouse {2}.,Rreshti #{0}: Stoku është i rezervuar për artikullin {1} në depo {2}.
Row #{0}: Stock not available to reserve for Item {1} against Batch {2} in Warehouse {3}.,Rreshti #{0}: Stoku nuk është i disponueshëm për rezervim për Artikullin {1} kundrejt Serisë {2} në Magazinë {3}.
Row #{0}: Stock not available to reserve for the Item {1} in Warehouse {2}.,Rreshti #{0}: Stoku nuk është i disponueshëm për rezervim për Artikullin {1} në Magazinën {2}.
Row #{0}: The warehouse {1} is not a child warehouse of a group warehouse {2},Rreshti #{0}: Depoja {1} nuk është një depo e degëzuar e një depoje grupi {2}
Row #{0}: You cannot use the inventory dimension '{1}' in Stock Reconciliation to modify the quantity or valuation rate. Stock reconciliation with inventory dimensions is intended solely for performing opening entries.,Rreshti #{0}: Nuk mund ta përdorni dimensionin e inventarit '{1}' në Pajtimin e Stokut për të modifikuar sasinë ose shkallën e vlerësimit. Pajtimi i stokut me dimensionet e inventarit është menduar vetëm për kryerjen e hyrjeve hapëse.
Row #{0}: You must select an Asset for Item {1}.,Rreshti #{0}: Duhet të zgjidhni një Aset për Artikullin {1}.
Row #{0}: {1} is not a valid reading field. Please refer to the field description.,Rreshti #{0}: {1} nuk është një fushë leximi e vlefshme. Ju lutemi referojuni përshkrimit të fushës.
Row #{0}: {1} of {2} should be {3}. Please update the {1} or select a different account.,Rreshti #{0}: {1} nga {2} duhet të jetë {3}. Ju lutemi përditësoni {1} ose zgjidhni një llogari tjetër.
Row #{1}: Warehouse is mandatory for stock Item {0},Rreshti #{1}: Magazina është e detyrueshme për artikullin në stok {0}
Row #{}: Fieldname is required,Rreshti #{}: Emri i fushës është i detyrueshëm
Row #{}: Finance Book should not be empty since you're using multiple.,Rreshti #{}: Libri i Financave nuk duhet të jetë bosh pasi po përdorni shumëfish.
Row #{}: Please use a different Finance Book.,Rreshti #{}: Ju lutemi përdorni një Libër Financiar tjetër.
Row #{}: Stock quantity not enough for Item Code: {} under warehouse {}.,Rreshti #{}: Sasia e stokut nuk është e mjaftueshme për Kodin e Artikullit: {} në depo {}.
Row #{}: The original Invoice {} of return invoice {} is not consolidated.,Rreshti #{}: Fatura origjinale {} e faturës së kthimit {} nuk është e konsoliduar.
Row #{}: item {} has been picked already.,Rreshti #{}: artikulli {} është zgjedhur tashmë.
Row #{}: {} {} doesn't belong to Company {}. Please select valid {}.,Rreshti #{}: {} {} nuk i përket Kompanisë {}. Ju lutemi zgjidhni {} të vlefshëm.
Row Format,Formati i rreshtit
Row Indexes,Indekset e rreshtave
Row No {0}: Warehouse is required. Please set a Default Warehouse for Item {1} and Company {2},Rreshti Nr. {0}: Magazina është e detyrueshme. Ju lutemi vendosni një Magazinë të Paracaktuar për Artikullin {1} dhe Kompaninë {2}
Row {0} picked quantity is less than the required quantity,Sasia e zgjedhur në rreshtin {0} është më e vogël se sasia e kërkuar
Row {0}# Item {1} cannot be transferred more than {2} against {3} {4},Rreshti {0}# Artikulli {1} nuk mund të transferohet më shumë se {2} kundrejt {3} {4}
Row {0}# Item {1} not found in 'Raw Materials Supplied' table in {2} {3},Rreshti {0}# Artikulli {1} nuk u gjet në tabelën 'Lëndë të Para të Furnizuara' në {2} {3}
Row {0}: Accepted Qty and Rejected Qty can't be zero at the same time.,Rreshti {0}: Sasia e Pranuar dhe Sasia e Refuzuar nuk mund të jenë zero në të njëjtën kohë.
Row {0}: Account {1} and Party Type {2} have different account types,Rreshti {0}: Llogaria {1} dhe Lloji i Palës {2} kanë lloje të ndryshme llogarish
Row {0}: Account {1} is a Group Account,Rreshti {0}: Llogaria {1} është një Llogari Grupi
Row {0}: Allocated amount {1} must be less than or equal to invoice outstanding amount {2},Rreshti {0}: Shuma e alokuar {1} duhet të jetë më e vogël ose e barabartë me shumën e papaguar të faturës {2}
Row {0}: Allocated amount {1} must be less than or equal to remaining payment amount {2},Rreshti {0}: Shuma e ndarë {1} duhet të jetë më e vogël ose e barabartë me shumën e mbetur të pagesës {2}
Row {0}: As {1} is enabled,Rreshti {0}: Meqenëse {1} është aktivizuar
Row {0}: Both Debit and Credit values cannot be zero,Rreshti {0}: Vlerat e Debitit dhe të Kreditit nuk mund të jenë zero
Row {0}: Cost Center {1} does not belong to Company {2},Rreshti {0}: Qendra e Kostos {1} nuk i përket Kompanisë {2}
Row {0}: Either Delivery Note Item or Packed Item reference is mandatory.,Rreshti {0}: Ose referenca e Artikullit të Shënimit të Dorëzimit ose e Artikullit të Paketuar është e detyrueshme.
Row {0}: Expense Head changed to {1} as no Purchase Receipt is created against Item {2}.,Rreshti {0}: Titulli i Shpenzimit ndryshoi në {1} pasi nuk është krijuar asnjë Faturë Blerjeje për Artikullin {2}.
Row {0}: Expense Head changed to {1} because account {2} is not linked to warehouse {3} or it is not the default inventory account,Rreshti {0}: Titulli i Shpenzimit ndryshoi në {1} sepse llogaria {2} nuk është e lidhur me depon {3} ose nuk është llogaria e parazgjedhur e inventarit
Row {0}: Expense Head changed to {1} because expense is booked against this account in Purchase Receipt {2},Rreshti {0}: Titulli i Shpenzimit ndryshoi në {1} sepse shpenzimi është regjistruar në këtë llogari në Faturën e Blerjes {2}
Row {0}: From Warehouse is mandatory for internal transfers,Rreshti {0}: Nga Magazina është i detyrueshëm për transferimet e brendshme
Row {0}: Item Tax template updated as per validity and rate applied,Rreshti {0}: Shablloni i Taksave të Artikullit u përditësua sipas vlefshmërisë dhe normës së aplikuar
Row {0}: Item rate has been updated as per valuation rate since its an internal stock transfer,Rreshti {0}: Çmimi i artikullit është përditësuar sipas çmimit të vlerësimit pasi është një transferim i brendshëm i aksioneve
Row {0}: Item {1} must be a stock item.,Rreshti {0}: Artikulli {1} duhet të jetë një artikull në stok.
Row {0}: Item {1} must be a subcontracted item.,Rreshti {0}: Artikulli {1} duhet të jetë një artikull i nënkontraktuar.
Row {0}: Item {1}'s quantity cannot be higher than the available quantity.,Rreshti {0}: Sasia e artikullit {1} nuk mund të jetë më e lartë se sasia e disponueshme.
Row {0}: Packed Qty must be equal to {1} Qty.,Rreshti {0}: Sasia e paketuar duhet të jetë e barabartë me {1} Sasia.
Row {0}: Packing Slip is already created for Item {1}.,Rreshti {0}: Fleta e paketimit është krijuar tashmë për artikullin {1}.
Row {0}: Payment Term is mandatory,Rreshti {0}: Afati i pagesës është i detyrueshëm
Row {0}: Please provide a valid Delivery Note Item or Packed Item reference.,Rreshti {0}: Ju lutemi jepni një Artikull të Vërtetë Dorëzimi ose një Referencë të Artikullit të Paketuar të vlefshëm.
Row {0}: Please select a BOM for Item {1}.,Rreshti {0}: Ju lutemi zgjidhni një BOM për Artikullin {1}.
Row {0}: Please select an active BOM for Item {1}.,Rreshti {0}: Ju lutemi zgjidhni një BOM aktiv për Artikullin {1}.
Row {0}: Please select an valid BOM for Item {1}.,Rreshti {0}: Ju lutemi zgjidhni një BOM të vlefshëm për Artikullin {1}.
Row {0}: Project must be same as the one set in the Timesheet: {1}.,Rreshti {0}: Projekti duhet të jetë i njëjtë me atë të vendosur në Fletën e Kohës: {1}.
Row {0}: Purchase Invoice {1} has no stock impact.,Rreshti {0}: Fatura e blerjes {1} nuk ka ndikim në stok.
Row {0}: Qty cannot be greater than {1} for the Item {2}.,Rreshti {0}: Sasia nuk mund të jetë më e madhe se {1} për Artikullin {2}.
Row {0}: Qty in Stock UOM can not be zero.,Rreshti {0}: Sasia në Stok UOM nuk mund të jetë zero.
Row {0}: Qty must be greater than 0.,Rreshti {0}: Sasia duhet të jetë më e madhe se 0.
Row {0}: Quantity cannot be negative.,Rreshti {0}: Sasia nuk mund të jetë negative.
Row {0}: Shift cannot be changed since the depreciation has already been processed,Rreshti {0}: Zhvendosja nuk mund të ndryshohet meqenëse amortizimi është përpunuar tashmë
Row {0}: Target Warehouse is mandatory for internal transfers,Rreshti {0}: Target Warehouse është i detyrueshëm për transferimet e brendshme
Row {0}: To set {1} periodicity,Rreshti {0}: Për të vendosur periodikitetin {1}
Row {0}: Total Number of Depreciations cannot be less than or equal to Opening Number of Booked Depreciations,Rreshti {0}: Numri total i amortizimeve nuk mund të jetë më i vogël ose i barabartë me Numrin Fillestar të Amortizimeve të Rezervuara
Row {0}: Workstation or Workstation Type is mandatory for an operation {1},Rreshti {0}: Stacioni i Punës ose Lloji i Stacionit të Punës është i detyrueshëm për një operacion {1}
Row {0}: {1} account already applied for Accounting Dimension {2},Rreshti {0}: {1} llogaria është aplikuar tashmë për Dimensionin e Kontabilitetit {2}
Row {0}: {1} {2} cannot be same as {3} (Party Account) {4},Rreshti {0}: {1} {2} nuk mund të jetë i njëjtë me {3} (Llogaria e Palës) {4}
Row {0}: {2} Item {1} does not exist in {2} {3},Rreshti {0}: {2} Artikulli {1} nuk ekziston në {2} {3}
Row {0}: {3} Account {1} does not belong to Company {2},Rreshti {0}: {3} Llogaria {1} nuk i përket Kompanisë {2}
Row({0}): Outstanding Amount cannot be greater than actual Outstanding Amount {1} in {2},Rreshti({0}): Shuma e Papaguar nuk mund të jetë më e madhe se Shuma aktuale e Papaguar {1} në {2}
Rows Threshold for Grid Search,Pragu i rreshtave për kërkimin në rrjetë
Rows with Same Account heads will be merged on Ledger,Rreshtat me të njëjtat tituj llogarie do të bashkohen në Ledger.
Rows: {0} have 'Payment Entry' as reference_type. This should not be set manually.,Rreshtat: {0} kanë 'Hyrje Pagese' si lloj reference_type. Kjo nuk duhet të vendoset manualisht.
Rows: {0} in {1} section are Invalid. Reference Name should point to a valid Payment Entry or Journal Entry.,Rreshtat: {0} në seksionin {1} janë të pavlefshëm. Emri i Referencës duhet të tregojë një Hyrje Pagese ose Hyrje Ditari të vlefshme.
Rule for this doctype,Rregulli për këtë lloj dokumenti
Run parallel job cards in a workstation,Ekzekutoni karta pune paralele në një stacion pune
Running,Vrapim
Runtime in Minutes,Kohëzgjatja në minuta
Runtime in Seconds,Kohëzgjatja në sekonda
SABB-.########,SABB-.#########
SC-ORD-.YYYY.-,SC-ORD-.YYYY.-
SCO Supplied Item,Artikull i Furnizuar nga SCO
SLA Fulfilled On,SLA u përmbush më
SLA Fulfilled On Status,SLA u përmbush më Status
SLA Paused On,SLA u ndërpre në
SLA will be applied if {1} is set as {2}{3},SLA do të zbatohet nëse {1} është vendosur si {2}{3}
SLA will be applied on every {0},SLA do të zbatohet në çdo {0}
SMS sent successfully,SMS u dërgua me sukses
SMTP Server is required,Serveri SMTP është i nevojshëm
SO Total Qty,Sasia totale SO
SQL,SQL
SQL Explain,SQL Shpjegoni
SQL Output,Dalja SQL
SQL Queries,Pyetje SQL
STATEMENTS OF ACCOUNTS,DEKLARATA TË Llogarive
SWATCHES,MOSTRE
Salary Currency,Valuta e Pagës
Sales Incoming Rate,Shkalla e Hyrjes së Shitjeve
Sales Invoice {0} must be deleted before cancelling this Sales Order,Fatura e Shitjes {0} duhet të fshihet përpara se të anulohet kjo Porosi Shitjeje
Sales Order Packed Item,Artikull i paketuar me porosi shitjeje
Sales Order Reference,Referenca e Porosisë së Shitjes
Sales Order Status,Statusi i Porosisë së Shitjes
Sales Order {0} already exists against Customer's Purchase Order {1}. To allow multiple Sales Orders,Porosia e Shitjes {0} ekziston tashmë kundrejt Porosisë së Blerjes së Klientit {1}. Për të lejuar Porosia të shumëfishta Shitjesh
Sales Partner,Partner Shitjesh
Sales Partner Item,Artikull i Partnerit të Shitjeve
Sales Person <b>{0}</b> is disabled.,Personi i Shitjeve <b>{0}</b> është i çaktivizuar.
Sales Pipeline Analytics,Analitika e Rrjedhës së Shitjeve
Sales Update Frequency in Company and Project,Frekuenca e Përditësimit të Shitjeve në Kompani dhe Projekt
Sales Value,Vlera e Shitjeve
Salvage Value Percentage,Përqindja e Vlerës së Shpëtuar
Same item and warehouse combination already entered.,I njëjti kombinim artikulli dhe magazine është futur tashmë.
Save Customizations,Ruaj Personalizimet
Save on Completion,Kurseni në përfundim
Save the document.,Ruaj dokumentin.
Saving Customization...,Duke ruajtur personalizimin...
Saving this will export this document as well as the steps linked here as json.,"Ruajtja e kësaj do ta eksportojë këtë dokument, si dhe hapat e lidhur këtu, si json."
Savings,Kursime
Scan,Skano
Scan Batch No,Numri i Grupit të Skanimit
Scan Mode,Modaliteti i skanimit
Scan QRCode,Skano Kodin QR
Scan Serial No,Numri serial i skanimit
Scan barcode for item {0},Skano barkodin për artikullin {0}.
Scan mode enabled,Modaliteti i skanimit u aktivizua
Scanned Quantity,Sasia e skanuar
Schedule Newsletter,Planifikoni Buletinin
Schedule Send At,Caktoni Dërgimin në
Schedule sending,Planifikoni dërgimin
Schedule sending at a later time,Planifikoni dërgimin në një kohë të mëvonshme
Scheduled Against,Planifikuar kundër
Scheduled Sending,Dërgimi i planifikuar
Scheduled Time Logs,Regjistrat e Kohës së Planifikuar
Scheduler,Planifikuesi
Scheduler Status,Statusi i Planifikuesit
Scheduler can not be re-enabled when maintenance mode is active.,Planifikuesi nuk mund të riaktivizohet kur modaliteti i mirëmbajtjes është aktiv.
Scheduler is Inactive. Can't trigger job now.,Planifikuesi është joaktiv. Nuk mund të aktivizohet puna tani.
Scheduler is Inactive. Can't trigger jobs now.,Planifikuesi është joaktiv. Nuk mund të aktivizohen punët tani.
Scheduler is inactive. Cannot enqueue job.,Planifikuesi është joaktiv. Nuk mund ta vendosë punën në radhë.
Scheduler is inactive. Cannot merge accounts.,Planifikuesi është joaktiv. Nuk mund të bashkohen llogaritë.
Scheduler: Active,Planifikuesi: Aktiv
Scheduler: Inactive,Planifikuesi: Joaktiv
Scheduling,Planifikimi
Scheduling...,Duke planifikuar...
Scorecard variables can be used,Mund të përdoren variablat e tabelës së rezultateve
Scrap & Process Loss,Humbja e skrapit dhe përpunimit
Scrap Asset,Aset i skrapit
Scrap Cost Per Qty,Kostoja e skrapit për sasi
Scrap Item Code,Kodi i artikullit të mbetur
Scrap Item Name,Emri i artikullit të mbetur
Scrap date cannot be before purchase date,Data e skrapit nuk mund të jetë para datës së blerjes
Scripting,Skriptim
Scripting / Style,Skriptim / Stil
Scripts,Skripte
Search Bar,Shiriti i Kërkimit
Search Results for,Rezultatet e kërkimit për
Search by item code,Kërko sipas kodit të artikullit
Search fields,Fushat e kërkimit
Search fieldtypes...,Kërko llojet e fushave...
Search for countries...,Kërko për vende...
Search for icons...,Kërko për ikona...
Search for {0},Kërko për {0}
Search or type a command ({0}),Kërko ose shkruaj një komandë ({0})
Search properties...,Kërko pronat...
Secondary Party,Palë e Dytë
Secondary Role,Rol dytësor
Seconds,Sekonda
Section ID,ID e seksionit
Section Title,Titulli i Seksionit
Section must have at least one column,Seksioni duhet të ketë të paktën një kolonë
See all Activity,Shiko të gjithë aktivitetin
See previous responses,Shih përgjigjet e mëparshme
Segregate Serial / Batch Bundle,Paketa Seriale / Grumbulluese e Ndarjes
Select Accounting Dimension.,Zgjidhni Dimensionin e Kontabilitetit.
Select Alternative Items for Sales Order,Zgjidhni artikuj alternativë për porosinë e shitjes
Select Batch No,Zgjidhni Numrin e Grupit
Select Columns and Filters,Zgjidhni Kolonat dhe Filtrat
Select Corrective Operation,Zgjidhni Operacionin Korrigjues
Select Country,Zgjidh Vendin
Select Currency,Zgjidh monedhën
Select Date of Birth. This will validate Employees age and prevent hiring of under-age staff.,Zgjidhni Datën e Lindjes. Kjo do të vërtetojë moshën e punonjësve dhe do të parandalojë punësimin e stafit nën moshë.
Select Date of joining. It will have impact on the first salary calculation,Zgjidhni datën e bashkimit. Do të ketë ndikim në llogaritjen e parë të pagës.
Select Dimension,Zgjidh Dimensionin
Select Dispatch Address,Zgjidhni Adresën e Dërgimit
Select Document,Zgjidh Dokumentin
Select Finished Good,Zgjidhni Produktin e Përfunduar
Select Items for Quality Inspection,Zgjidhni artikujt për inspektimin e cilësisë
Select Job Worker Address,Zgjidhni Adresën e Punëtorit të Punës
Select Kanban,Zgjidh Kanbanin
Select List View,Zgjidh Pamjen e Listës
Select Network Printer,Zgjidhni Printerin e Rrjetit
Select Page,Zgjidh Faqen
Select Report,Zgjidh Raportin
Select Serial No,Zgjidhni Numrin Serial
Select Serial and Batch,Zgjidhni Serialin dhe Grupin
Select Time,Zgjidh Kohën
Select Time Zone,Zgjidh Zonën Kohore
Select View,Zgjidh Pamjen
Select Vouchers to Match,Zgjidhni kuponët që përputhen
Select Warehouses to get Stock for Materials Planning,Zgjidhni Magazinat për të marrë Stokun për Planifikimin e Materialeve
Select Workflow,Zgjidh rrjedhën e punës
Select Workspace,Zgjidh Hapësirën e Punës
Select a Company this Employee belongs to.,Zgjidhni një kompani të cilës i përket ky punonjës.
Select a Customer,Zgjidhni një klient
Select a document to check if it meets conditions.,Zgjidhni një dokument për të kontrolluar nëse i plotëson kushtet.
Select a document to preview request data,Zgjidh një dokument për të parë paraprakisht të dhënat e kërkesës
Select a field to edit its properties.,Zgjidhni një fushë për të modifikuar vetitë e saj.
Select a group {0} first.,Zgjidh një grup {0} së pari.
Select an Image,Zgjidh një imazh
Select an Item Group.,Zgjidhni një Grup Artikujsh.
Select an app to continue,Zgjidh një aplikacion për të vazhduar
Select an invoice to load summary data,Zgjidh një faturë për të ngarkuar të dhënat përmbledhëse
Select an item from each set to be used in the Sales Order.,Zgjidhni një artikull nga secili grup që do të përdoret në Porositë e Shitjes.
Select records for removing assignment,Zgjidh të dhënat për heqjen e caktimit
Select the Default Workstation where the Operation will be performed. This will be fetched in BOMs and Work Orders.,Zgjidhni Stacionin e Punës së Parazgjedhur ku do të kryhet Operacioni. Ky do të merret në BOM dhe Urdhra Pune.
Select the Item to be manufactured.,Zgjidhni Artikullin që do të prodhohet.
Select the Item to be manufactured. The Item name,Zgjidhni artikullin që do të prodhohet. Emri i artikullit
Select the Warehouse,Zgjidhni Magazinë
Select the date,Zgjidh datën
Select the date and your timezone,Zgjidhni datën dhe zonën tuaj kohore
Select the raw materials (Items) required to manufacture the Item,Zgjidhni lëndët e para (artikujt) e nevojshme për prodhimin e artikullit
Select two versions to view the diff.,Zgjidhni dy versione për të parë ndryshimin.
Select whether to get items from a Sales Order or a Material Request. For now select <b>Sales Order</b>.||| A Production Plan can also be created manually where you can select the Items to manufacture.,Zgjidhni nëse do të merrni artikuj nga një Porosi Shitjeje apo një Kërkesë për Materiale. Për momentin zgjidhni <b>Porosi Shitjeje</b>.||| Një Plan Prodhimi mund të krijohet edhe manualisht ku mund të zgjidhni Artikujt që do të prodhohen.
Select whether to get items from a Sales Order or a Material Request. For now select <b>Sales Order</b>.|||| A Production Plan can also be created manually where you can select the Items to manufacture.,Zgjidhni nëse do të merrni artikuj nga një Porosi Shitjeje apo një Kërkesë për Materiale. Për momentin zgjidhni <b>Porosi Shitjeje</b>.|||| Një Plan Prodhimi mund të krijohet edhe manualisht ku mund të zgjidhni Artikujt që do të prodhohen.
Select your weekly off day,Zgjidhni ditën tuaj të pushimit javor
Selected Serial and Batch Bundle entries have been removed.,Hyrjet e zgjedhura të Serial dhe Batch Bundle janë hequr.
Selected Vouchers,Kupona të Përzgjedhura
Selected date is,Data e zgjedhur është
Selected document must be in submitted state,Dokumenti i zgjedhur duhet të jetë në gjendjen e paraqitur
Self delivery,Vetë-dorëzimi
Sell Asset,Shitni Asetin
Send Attached Files,Dërgo skedarët e bashkangjitur
Send Document Print,Dërgo Dokumentin e Printimit
Send Email At,Dërgo email në
Send Email On State,Dërgo email në shtet
Send Email To Creator,Dërgo email te krijuesi
Send Emails,Dërgo email-e
Send Test Email,Dërgo email testimi
Send Web View Link,Dërgo lidhjen e pamjes në internet
Send a request to delete your account,Dërgoni një kërkesë për të fshirë llogarinë tuaj
Send a test email,Dërgo një email provë
Send again,Dërgo përsëri
Send email when document transitions to the state.,Dërgo email kur dokumenti kalon në gjendje.
Send login link,Dërgo lidhjen e hyrjes
Send now,Dërgo tani
Sender Email Field,Fusha e email-it të dërguesit
Sender Name Field,Fusha e Emrit të Dërguesit
Sending emails,Dërgimi i email-eve
Sending...,Duke dërguar...
Sent Folder Name,Emri i Dosjes së Dërguar
Sequential,Sekuencial
Serial & Batch Item,Artikull serial dhe serik
Serial & Batch Item Settings,Cilësimet e Artikullit Serial dhe të Grupit
Serial / Batch Bundle,Pako Seriale / Grumbullore
Serial / Batch Bundle Missing,Mungon paketa seriale / grupore
Serial / Batch No,Numri serial / i serisë
Serial / Batch Nos,Nr. Serial / Serie
Serial No (In/Out),Numri Serial (Hyrje/Dalje)
Serial No Already Assigned,Numri serial është caktuar tashmë
Serial No Ledger,Numri serial i librit
Serial No Range,Numri serial i diapazonit
Serial No and Batch Selector cannot be use when Use Serial / Batch Fields is enabled.,Numri Serial dhe Përzgjedhësi i Grupit nuk mund të përdoren kur është aktivizuar Përdorimi i Fushave Seriale / të Grupit.
Serial No and Batch for Finished Good,Numri serial dhe seria për mallrat e përfunduara
Serial No is mandatory,Numri serial është i detyrueshëm
Serial No {0} already exists,Numri serial {0} ekziston tashmë
Serial No {0} already scanned,Numri serial {0} është skanuar tashmë
Serial No {0} does not exists,Numri serial {0} nuk ekziston
Serial No {0} is already added,Numri serial {0} është shtuar tashmë
Serial No {0} is already assigned to customer {1}. Can only be returned against the customer {1},Numri serial {0} i është caktuar tashmë klientit {1}. Mund të kthehet vetëm kundër klientit {1}
Serial No {0} is not present in the {1} {2},Numri serial {0} nuk është i pranishëm në {1} {2}
Serial Nos,Nr. serial
Serial Nos / Batch Nos,Nr. Serial / Nr. Serie
Serial Nos are created successfully,Numrat serialë u krijuan me sukses
Serial Nos are reserved in Stock Reservation Entries,Numrat serialë janë të rezervuar në Hyrjet e Rezervimit të Stokut
Serial and Batch,Serial dhe Batch
Serial and Batch Bundle,Paketa Seriale dhe Batch
Serial and Batch Bundle created,Paketa Seriale dhe Batch u krijua
Serial and Batch Bundle updated,Paketa Seriale dhe e Grupit u përditësua
Serial and Batch Bundle {0} is already used in {1} {2}.,Paketa Seriale dhe Batch {0} është përdorur tashmë në {1} {2}.
Serial and Batch Bundle {0} is not submitted,Paketa Seriale dhe Batch {0} nuk është dorëzuar
Serial and Batch Details,Detajet e serisë dhe serisë
Serial and Batch Entry,Hyrje Seriale dhe në Grumbull
Serial and Batch No,Numri serial dhe i serisë
Serial and Batch Nos,Nr. serial dhe serial
Serial and Batch Nos will be auto-reserved based on <b>Pick Serial / Batch Based On</b>,Numrat serialë dhe të serisë do të rezervohen automatikisht bazuar në <b>Zgjidh Serialin / Serinë Bazuar në</b>
Serial and Batch Reservation,Rezervimi Serial dhe i Grupit
Serial and Batch Summary,Përmbledhje Seriale dhe Seriale
Series Updated for {},Seria u përditësua për {}
Series counter for {} updated to {} successfully,Numëruesi i serive për {} u përditësua me sukses në {}
Server Scripts are disabled. Please enable server scripts from bench configuration.,Skriptet e serverit janë çaktivizuar. Ju lutemi aktivizoni skriptet e serverit nga konfigurimi i stolit.
Server Scripts feature is not available on this site.,Funksioni i Skripteve të Serverit nuk është i disponueshëm në këtë faqe interneti.
Server failed to process this request because of a concurrent conflicting request. Please try again.,Serveri dështoi në përpunimin e kësaj kërkese për shkak të një kërkese kontradiktore të njëkohshme. Ju lutemi provoni përsëri.
Server was too busy to process this request. Please try again.,Serveri ishte shumë i zënë për të përpunuar këtë kërkesë. Ju lutemi provoni përsëri.
Service Cost Per Qty,Kostoja e Shërbimit për Sasi
Service Expense Account,Llogaria e Shpenzimeve të Shërbimit
Service Expense Total Amount,Shuma Totale e Shpenzimeve të Shërbimit
Service Expenses,Shpenzimet e Shërbimit
Service Item,Artikull shërbimi
Service Item Qty,Artikulli i Shërbimit Sasia
Service Item Qty / Finished Good Qty,Artikulli i Shërbimit Sasia / Përfunduar në gjendje të mirë Sasia
Service Item UOM,Artikulli i Shërbimit UOM
Service Item {0} is disabled.,Artikulli i shërbimit {0} është çaktivizuar.
Service Item {0} must be a non-stock item.,Artikulli i Shërbimit {0} duhet të jetë një artikull që nuk është në stok.
Service Items,Artikuj Shërbimi
Service Level Agreement for {0} {1} already exists.,Marrëveshja e Nivelit të Shërbimit për {0} {1} ekziston tashmë.
Service Level Name,Emri i Nivelit të Shërbimit
Service Provider,Ofrues Shërbimi
Session Expiry (idle timeout),Skadimi i sesionit (kohëzgjatja e mosveprimit)
Set Default Supplier,Cakto Furnizuesin e Parazgjedhur
Set From Warehouse,Vendosur nga Magazina
Set Landed Cost Based on Purchase Invoice Rate,Vendosni Koston e Zbritjes Bazuar në Normën e Faturës së Blerjes
Set Limit,Cakto Limitin
Set Loyalty Program,Cakto Programin e Besnikërisë
Set Naming Series options on your transactions.,Caktoni opsionet e Serive të Emërtimit në transaksionet tuaja.
Set Operating Cost / Scrap Items From Sub-assemblies,Cakto Koston Operative / Artikujt e Skrapit nga Nën-montazhet
Set Operating Cost Based On BOM Quantity,Cakto koston operative bazuar në sasinë e BOM-it
Set Parent Row No in Items Table,Vendos numrin e rreshtit prind në tabelën e artikujve
Set Process Loss Item Quantity,Cakto Sasinë e Artikullit të Humbjes së Procesit
Set Project Status,Cakto Statusin e Projektit
Set Properties,Cakto vetitë
Set Response Time for Priority {0} in row {1}.,Cakto Kohën e Përgjigjes për Prioritetin {0} në rreshtin {1}.
Set Serial and Batch Bundle Naming Based on Naming Series,Vendos emërtimin e serive dhe grupeve të grupeve bazuar në emërtimin e serive
Set Valuation Rate Based on Source Warehouse,Cakto Shkallën e Vlerësimit Bazuar në Burimin e Magazinimit
Set Valuation Rate for Rejected Materials,Vendosni Shkallën e Vlerësimit për Materialet e Refuzuara
Set Warehouse,Vendosni Magazinë
Set all private,Vendos të gjitha private
Set all public,Vendos të gjitha publike
Set by user,Caktuar nga përdoruesi
Set default {0} account for non stock items,Cakto llogarinë e parazgjedhur {0} për artikujt që nuk janë në stok
Set dynamic filter values in JavaScript for the required fields here.,Vendosni vlerat dinamike të filtrit në JavaScript për fushat e kërkuara këtu.
Set fieldname from which you want to fetch the data from the parent form.,Cakto emrin e fushës nga i cili dëshiron të marrësh të dhënat nga formulari mëmë.
Set non-standard precision for a Float,Vendos saktësi jo standarde për një Float
Set only once,Vendos vetëm një herë
Set quantity of process loss item:,Cakto sasinë e artikullit të humbjes së procesit:
Set size in MB,Cakto madhësinë në MB
Set the Planned Start Date (an Estimated Date at which you want the Production to begin),Caktoni Datën e Planifikuar të Fillimit (një Datë e Parashikuar në të cilën dëshironi të fillojë Prodhimi)
"Set the filters here. For example:|||<pre class=""small text-muted""><code>|||[{|||	fieldname: ""company""","Vendosni filtrat këtu. Për shembull:|||<pre class=""small text-muted""><code>|||[{||| emri i fushës: ""kompania"""
"Set the path to a whitelisted function that will return the data for the number card in the format:||||||<pre class=""small text-muted""><code>|||{|||	""value"": value","Cakto shtegun për në një funksion të listës së bardhë që do të kthejë të dhënat për kartën e numrave në formatin:||||||<pre class=""small text-muted""><code>|||{||| ""value"": vlerë"
Set the status manually.,Vendosni statusin manualisht.
Set {0} in asset category {1} for company {2},Vendos {0} në kategorinë e aseteve {1} për kompaninë {2}
Sets 'Accepted Warehouse' in each row of the Items table.,Vendos 'Magazina e Pranuar' në secilin rresht të tabelës së Artikujve.
Sets 'Rejected Warehouse' in each row of the Items table.,Vendos 'Magazina e Refuzuar' në çdo rresht të tabelës së Artikujve.
Sets 'Reserve Warehouse' in each row of the Supplied Items table.,Vendos 'Rezervo Magazinë' në çdo rresht të tabelës së Artikujve të Furnizuar.
Setting,Vendosja
Setting Item Locations...,Vendosja e vendndodhjeve të artikujve...
Setting the account as a Company Account is necessary for Bank Reconciliation,Caktimi i llogarisë si Llogari e Kompanisë është i nevojshëm për Pajtimin Bankar
Setting {0} is required,Kërkohet vendosja {0}
Settings to control blog categories and interactions like comments and likes,Cilësimet për të kontrolluar kategoritë e blogut dhe ndërveprimet si komentet dhe pëlqimet
Setup Series for transactions,Seria e Konfigurimit për transaksionet
Setup failed,Konfigurimi dështoi
Setup your organization,Ngrit organizatën tënde
Shelf Life in Days,Afati i ruajtjes në ditë
Shift,Zhvendosje
Shift Factor,Faktori i ndërrimit
Shift Name,Emri i ndërrimit
Shipment,Dërgesë
Shipment Amount,Shuma e Dërgesës
Shipment Delivery Note,Shënim Dorëzimi i Dërgesës
Shipment ID,ID-ja e dërgesës
Shipment Information,Informacion mbi Dërgesën
Shipment Parcel,Pako Dërgese
Shipment Parcel Template,Shablloni i Pakos së Dërgesës
Shipment Type,Lloji i Dërgesës
Shipment details,Detajet e dërgesës
Shipping Address Details,Detajet e Adresës së Transportit
Shipping Address Template,Shablloni i Adresës së Transportit
Shipping Address does not belong to the {0},Adresa e dërgesës nuk i përket {0}
"Show ""Call to Action"" in Blog","Shfaq ""Thirrje për Veprim"" në Blog"
Show Absolute Datetime in Timeline,Shfaq datën dhe kohën absolute në vijën kohore
Show Absolute Values,Shfaq Vlerat Absolute
Show Aggregate Value from Subsidiary Companies,Trego Vlerën Agregate nga Kompanitë Filiale
Show All,Shfaq të gjitha
Show Balances in Chart Of Accounts,Shfaq Bilancet në Grafikun e Llogarive
Show Barcode Field in Stock Transactions,Shfaq fushën e barkodit në transaksionet e aksioneve
Show Credit / Debit in Company Currency,Trego kreditin/debitin në monedhën e kompanisë
Show Currency Symbol on Right Side,Shfaq Simbolin e Valutës në Anën e Djathtë
Show Dimension Wise Stock,Trego stokun sipas dimensioneve
Show Disabled Items,Shfaq artikujt e çaktivizuar
Show Disabled Warehouses,Shfaq Depot për Persona me Aftësi të Kufizuara
Show Error,Shfaq Gabimin
Show Fieldname (click to copy on clipboard),Shfaq Emrin e Fushës (kliko për të kopjuar në kujtesën e përkohshme)
Show First Document Tour,Shfaq Turneun e Parë të Dokumentit
Show GL Balance,Shfaq balancën e GL-së
Show Item Name,Shfaq Emrin e Artikullit
Show Labels,Shfaq Etiketat
Show Language Picker,Shfaq Zgjedhësin e Gjuhës
Show Ledger View,Shfaq Pamjen e Librit të Llogarisë
Show List,Shfaq listën
Show Net Values in Party Account,Trego Vlerat Neto në Llogarinë e Partisë
Show Only Failed Logs,Shfaq vetëm regjistrat e dështuara
Show Opening and Closing Balance,Shfaq Bilancin e Hapjes dhe Mbylljes
Show Pay Button in Purchase Order Portal,Shfaq butonin e pagesës në portalin e porosisë së blerjes
Show Preview,Shfaq pamjen paraprake
Show Processlist,Shfaq listën e proceseve
Show Related Errors,Shfaq Gabimet e Ngjashme
Show Remarks,Shfaq Vërejtjet
Show Saved,Shfaq të ruajtura
Show Taxes as Table in Print,Shfaq Taksat si Tabelë në Printim
Show Title in Link Fields,Shfaq Titullin në Fushat e Lidhjeve
Show Tour,Turneu i shfaqjes
Show Values over Chart,Shfaq Vlerat mbi Grafik
Show account deletion link in My Account page,Shfaq lidhjen e fshirjes së llogarisë në faqen e Llogarisë Sime
Show all activity,Shfaq të gjithë aktivitetin
Show all blogs,Shfaq të gjitha blogjet
Show footer on login,Shfaq fundin e faqes gjatë hyrjes
Show link to document,Shfaq lidhjen për dokumentin
Show net values in opening and closing columns,Trego vlerat neto në kolonat hapëse dhe mbyllëse
Show on Timeline,Shfaq në Kronologji
Show only the Immediate Upcoming Term,Shfaq vetëm termin e menjëhershëm të ardhshëm
Show pending entries,Shfaq hyrjet në pritje
Show with upcoming revenue/expense,Shfaq me të ardhurat/shpenzimet e ardhshme
Show {0} List,Shfaq listën {0}
Sidebar,Shiriti anësor
Sign Up and Confirmation,Regjistrimi dhe Konfirmimi
Sign ups,Regjistrimet
Simple Python Expression,Shprehje e thjeshtë Python
"Simple Python formula applied on Reading fields.<br> Numeric eg. 1: <b>reading_1 &gt; 0.2 and reading_1 &lt; 0.5</b><br>|||Numeric eg. 2: <b>mean &gt; 3.5</b> (mean of populated fields)<br>|||Value based eg.:  <b>reading_value in (""A""","Formulë e thjeshtë Python e aplikuar në fushat e leximit.<br> Numerike p.sh. 1: <b>reading_1 > 0.2 dhe reading_1 < 0.5</b><br>|||Numerike p.sh. 2: <b>mesatarja > 3.5</b> (mesatarja e fushave të mbushura)<br>|||Bazuar në vlerë p.sh.: <b>reading_value në (""A"")"
Simultaneous,Njëkohësisht
Since {0} are Serial No/Batch No items,Meqenëse {0} janë artikuj me Nr. Serial/Nr. Grumbullimi
Site is running in read only mode for maintenance or site update,Sajti po funksionon në modalitetin vetëm për lexim për mirëmbajtje ose përditësim të faqes
Size (MB),Madhësia (MB)
Skip Available Sub Assembly Items,Anashkaloni artikujt e nën-montimit të disponueshëm
Skipped,U anashkalua
Skipping Tax Withholding Category {0} as there is no associated account set for Company {1} in it.,Duke anashkaluar Kategorinë e Mbajtjes së Tatimit në Burim {0} pasi nuk ka asnjë llogari të lidhur të caktuar për Kompaninë {1} në të.
Skipping fixture syncing for doctype {0} from file {1},Duke anashkaluar sinkronizimin e pajisjeve për doctype {0} nga skedari {1}
Skipping {0} of {1},Duke anashkaluar {0} nga {1}
Snippet and more variables:  {0},Fragment dhe variabla të tjera: {0}
SocketIO Ping Check,Kontrolli i Pingut të SocketIO
SocketIO Transport Mode,Modaliteti i Transportit SocketIO
Sold by,Shitet nga
Solvency Ratios,Raportet e Solvencisë
"Some mailboxes require a different Sent Folder Name e.g. ""INBOX.Sent""","Disa kuti postare kërkojnë një Emër të ndryshëm të Dosjes së Dërguar, p.sh. ""INBOX.Sent"""
Something went wrong please try again,"Diçka shkoi keq, ju lutem provoni përsëri"
Something went wrong.,Diçka shkoi keq.
Sort Ascending,Rendit në ngritje
Sort Descending,Rendit në Rënie
Sort Options,Opsionet e Renditjes
Source Code,Kodi burimor
Source Exchange Rate,Kursi i këmbimit burimor
Source Fieldname,Emri i fushës së burimit
Source Warehouse Address Link,Lidhja e Adresës së Deposë së Burimit
South Africa VAT Account,Llogaria e TVSH-së në Afrikën e Jugut
South Africa VAT Settings,Cilësimet e TVSH-së në Afrikën e Jugut
Spacer,Distancues
Specify a custom timeout,Specifikoni një kohëzgjatje të personalizuar
Specify the domains or origins that are permitted to embed this form. Enter one domain per line (e.g.,Specifikoni domenet ose origjinat që lejohen të ngulisin këtë formular. Futni një domen për rresht (p.sh.
Splash Image,Imazh i spërkatjes
Split Asset,Ndani Pasurinë
Split Early Payment Discount Loss into Income and Tax Loss,Ndani humbjen e zbritjes së pagesës së hershme në humbje të të ardhurave dhe taksave
Split From,Ndarë nga
Split Qty,Sasia e ndarë
Split qty cannot be grater than or equal to asset qty,Sasia e ndarë nuk mund të jetë më e madhe ose e barabartë me sasinë e aseteve
Splitting {0} {1} into {2} rows as per Payment Terms,Duke ndarë {0} {1} në {2} rreshta sipas Kushteve të Pagesës
Sr No.,Nr. Sr.
Stack Trace,Gjurmimi i stivës
Stage,Faza
Stale Days should start from 1.,Ditët e ndenjura duhet të fillojnë nga ora 1.
Standard Description,Përshkrimi Standard
Standard DocType can not be deleted.,DocType Standard nuk mund të fshihet.
Standard Permissions,Lejet Standarde
Standard Rated Expenses,Shpenzime të Vlerësuara Standarde
Standard Reports cannot be deleted,Raportet standarde nuk mund të fshihen
Standard Reports cannot be edited,Raportet standarde nuk mund të modifikohen
Standard Terms and Conditions that can be added to Sales and Purchases. Examples: Validity of the offer,Kushtet dhe Afatet Standarde që mund të shtohen në Shitje dhe Blerje. Shembuj: Vlefshmëria e ofertës
Standard Web Forms can not be modified,Formularët Standardë të Uebit nuk mund të modifikohen
Standard rated supplies in {0},Furnizime me vlerësim standard në {0}
"Standard tax template that can be applied to all Purchase Transactions. This template can contain a list of tax heads and also other expense heads like ""Shipping""","Shabllon standard tatimor që mund të zbatohet për të gjitha transaksionet e blerjes. Ky shabllon mund të përmbajë një listë të zërave tatimorë dhe gjithashtu zëra të tjerë shpenzimesh si ""Transporti""."
"Standard tax template that can be applied to all Sales Transactions. This template can contain a list of tax heads and also other expense/income heads like ""Shipping""","Shabllon standard tatimor që mund të zbatohet për të gjitha transaksionet e shitjes. Ky shabllon mund të përmbajë një listë të zërave tatimorë dhe gjithashtu zëra të tjerë shpenzimesh/të ardhurash si ""Transporti""."
Standard user type {0} can not be deleted.,Lloji standard i përdoruesit {0} nuk mund të fshihet.
Star us on GitHub,Na shënoni me yll në GitHub
Start / Resume,Fillo / Rifillo
Start Date should be lower than End Date,Data e fillimit duhet të jetë më e vogël se Data e mbarimit
Start Deletion,Filloni fshirjen
Start Job,Filloni punën
Start Merge,Fillo bashkimin
Start Recording,Fillo regjistrimin
Start Reposting,Filloni Ripostimin
Start Time can't be greater than or equal to End Time for {0}.,Koha e fillimit nuk mund të jetë më e madhe ose e barabartë me Kohën e mbarimit për {0}.
Start Timer,Nis kohëmatësin
Start a new discussion,Filloni një diskutim të ri
Started At,Filloi në
Started a background job to create {1} {0},Fillova një punë në sfond për të krijuar {1} {0}
State Properties,Prona Shtetërore
Statistics,Statistikat
Status Details,Detajet e statusit
Status Illustration,Ilustrim i Statusit
Status set to rejected as there are one or more rejected readings.,Statusi është vendosur në të refuzuar pasi ka një ose më shumë lexime të refuzuara.
Stock Closing,Mbyllja e aksioneve
Stock Consumed During Repair,Stoku i konsumuar gjatë riparimit
Stock Consumption Details,Detajet e Konsumit të Stokut
Stock Entries already created for Work Order {0}: {1},Hyrjet e stokut janë krijuar tashmë për Urdhrin e Punës {0}: {1}
Stock Ledger Invariant Check,Kontroll i pandryshueshëm i librit të aksioneve
Stock Ledger Variance,Varianca e Librit të Stokut
Stock Movement,Lëvizja e aksioneve
Stock Planning,Planifikimi i Stokut
Stock Reposting Settings,Cilësimet e Ripostimit të Aksioneve
Stock Reservation,Rezervimi i Stokut
Stock Reservation Entries Cancelled,Hyrjet e rezervimit të aksioneve u anuluan
Stock Reservation Entries Created,Hyrjet e Rezervimit të Stokut u Krijuan
Stock Reservation Entry,Hyrja e Rezervimit të Stokut
Stock Reservation Entry cannot be updated as it has been delivered.,Regjistrimi i Rezervimit të Stokut nuk mund të përditësohet pasi është dorëzuar.
Stock Reservation Entry created against a Pick List cannot be updated. If you need to make changes,Hyrja e Rezervimit të Stokut e krijuar kundrejt një Liste Zgjedhjeje nuk mund të përditësohet. Nëse duhet të bëni ndryshime
Stock Reservation Warehouse Mismatch,Mospërputhje në magazinën e rezervimit të stokut
Stock Reservation can only be created against {0}.,Rezervimi i stokut mund të krijohet vetëm kundrejt {0}.
Stock Reserved Qty (in Stock UOM),Stoku i rezervuar Sasia (në Stok UOM)
Stock Transactions Settings,Cilësimet e Transaksioneve të Aksioneve
Stock UOM Quantity,Sasia e stokut UOM
Stock Unreservation,Çrezervimi i aksioneve
Stock Validations,Validimet e aksioneve
Stock and Manufacturing,Stoku dhe Prodhimi
Stock cannot be reserved in group warehouse {0}.,Stoku nuk mund të rezervohet në depon e grupit {0}.
Stock cannot be reserved in the group warehouse {0}.,Stoku nuk mund të rezervohet në depon e grupit {0}.
Stock not available for Item {0} in Warehouse {1}.,Stoku nuk është i disponueshëm për artikullin {0} në magazinë {1}.
Stock quantity not enough for Item Code: {0} under warehouse {1}. Available quantity {2} {3}.,Sasia e stokut nuk është e mjaftueshme për Kodin e Artikullit: {0} në magazinë {1}. Sasia e disponueshme {2} {3}.
Stock transactions that are older than the mentioned days cannot be modified.,Transaksionet e aksioneve që janë më të vjetra se ditët e përmendura nuk mund të modifikohen.
Stock will be reserved on submission of <b>Purchase Receipt</b> created against Material Request for Sales Order.,Stoku do të rezervohet me dorëzimin e <b>Kuptimit të Blerjes</b> të krijuar kundrejt Kërkesës për Material për Porosi Shitjeje.
Stock/Accounts can not be frozen as processing of backdated entries is going on. Please try again later.,Stoqet/Llogaritë nuk mund të ngrihen pasi përpunimi i hyrjeve të datuara prapa është duke u zhvilluar. Ju lutemi provoni përsëri më vonë.
Storage Usage (MB),Përdorimi i hapësirës së ruajtjes (MB)
Storage Usage By Table,Përdorimi i ruajtjes sipas tabelës
Store Attached PDF Document,Ruaj Dokumentin PDF të Bashkangjitur
Store the API secret securely. It won't be displayed again.,Ruaje sekretin e API-t në mënyrë të sigurt. Nuk do të shfaqet më.
Stores the datetime when the last reset password key was generated.,Ruan datën dhe orën kur është gjeneruar çelësi i fundit i rivendosjes së fjalëkalimit.
Strip EXIF tags from uploaded images,Hiq etiketat EXIF ​​nga imazhet e ngarkuara
Strong,I fortë
Sub Assemblies & Raw Materials,Nënmontime dhe Lëndë të Para
Sub Assembly,Nën-asamble
Sub Assembly Item,Artikull nën-montimi
Sub Assembly Item Code,Kodi i Artikullit të Nënmontimit
Sub Assembly Items,Artikuj të Nënmontimit
Sub Assembly Warehouse,Magazina e Nënmontimit
Sub Operation,Nën-operacion
Sub Operations,Nënoperacione
Sub Total,Nëntotali
Subcontract BOM,BOM i nënkontratës
Subcontract Order,Urdhër nënkontraktor
Subcontract Order Summary,Përmbledhje e Porosisë së Nënkontratës
Subcontract Return,Kthimi i nënkontratës
Subcontracted Purchase Order,Urdhër Blerjeje i Nënkontraktuar
Subcontracted Quantity,Sasia e nënkontraktuar
Subcontracting,Nënkontraktimi
Subcontracting BOM,Nënkontraktimi i BOM-it
Subcontracting Conversion Factor,Faktori i Konvertimit të Nënkontraktimit
Subcontracting Order,Urdhër nënkontraktimi
Subcontracting Order (Draft) will be auto-created on submission of Purchase Order.,Urdhri i Nënkontraktimit (Drafti) do të krijohet automatikisht me dorëzimin e Urdhrit të Blerjes.
Subcontracting Order Item,Artikull i Porosisë së Nënkontraktimit
Subcontracting Order Service Item,Artikull Shërbimi i Porosisë së Nënkontraktimit
Subcontracting Order Supplied Item,Urdhri i Nënkontraktimit për Artikullin e Furnizuar
Subcontracting Order {0} created.,Urdhri i Nënkontraktimit {0} u krijua.
Subcontracting Purchase Order,Urdhër Blerjeje me Nënkontraktim
Subcontracting Receipt,Faturë nënkontraktimi
Subcontracting Receipt Item,Artikulli i Faturës së Nënkontraktimit
Subcontracting Receipt Supplied Item,Artikulli i furnizuar i faturës së nënkontraktimit
Subcontracting Settings,Cilësimet e nënkontraktimit
Subdivision,Nënndarje
Submission Queue,Radha e dorëzimit
Submit Action Failed,Dërgimi i veprimit dështoi
Submit ERR Journals?,Të dorëzohen revistat ERR?
Submit Generated Invoices,Dorëzo Faturat e Gjeneruara
Submit another response,Dërgo një përgjigje tjetër
Submit button label,Etiketa e butonit të dërgimit
Submit on Creation,Dorëzo në Krijim
Submitted document cannot be converted back to draft while transitioning from <b>{0} State</b> to <b>{1} State</b>,Dokumenti i paraqitur nuk mund të konvertohet përsëri në draft gjatë kalimit nga <b>{0} Gjendja</b> në <b>{1} Gjendje</b>
Subscription for Future dates cannot be processed.,Abonimi për datat e ardhshme nuk mund të përpunohet.
Succeeded,Pati sukses
Succeeded Entries,Hyrjet e Suksesshme
Success URI,URI i suksesit
Success message,Mesazh suksesi
Success title,Titulli i suksesit
Successful Job Count,Numërimi i Punës së Suksesshme
Successfully changed Stock UOM,UOM i aksioneve u ndryshua me sukses
Successfully imported {0},Importimi i suksesshëm i {0}
Successfully linked to Customer,U lidh me sukses me Klientin
Successfully linked to Supplier,U lidh me sukses me Furnizuesin
Successfully merged {0} out of {1}.,U bashkuan me sukses {0} nga {1}.
Successfully reset onboarding status for all users.,Statusi i regjistrimit u rivendos me sukses për të gjithë përdoruesit.
Successfully updated {0},U përditësua me sukses {0}
Successfully {0} 1 record.,Me sukses {0} 1 regjistrim.
Successfully {0} {1} record out of {2}. Click on Export Errored Rows,Me sukses {0} {1} regjistrim nga {2}. Klikoni mbi Eksporto Rreshtat me Gabime
Successfully {0} {1} records out of {2}. Click on Export Errored Rows,{0} {1} Të dhëna nga {2} u ekzekutuan me sukses. Klikoni te Eksporto rreshtat me gabime
Successfully {0} {1} records.,{0} {1} Regjistrime u kryen me sukses.
Suggest Optimizations,Sugjeroni Optimizime
Suggested Indexes,Indekset e Sugjeruara
Sum of Repair Cost and Value of Consumed Stock Items.,Shuma e Kostos së Riparimit dhe Vlerës së Artikujve të Konsumuar në Stok.
Supplied Item,Artikull i furnizuar
Supplier Address Details,Detajet e Adresës së Furnizuesit
Supplier Contact,Kontakti i Furnizuesit
Supplier Group Item,Artikulli i Grupit të Furnizuesit
Supplier Info,Informacion mbi Furnizuesin
Supplier Invoice,Faturë Furnizuesi
Supplier Item,Artikulli i Furnizuesit
Supplier Portal Users,Përdoruesit e Portalit të Furnizuesit
Supplier Primary Address,Adresa Kryesore e Furnizuesit
Supplier Primary Contact,Kontakti Kryesor i Furnizuesit
Supplier Warehouse mandatory for sub-contracted {0},Magazina e Furnizuesit është e detyrueshme për nënkontraktorët {0}
Supplies subject to the reverse charge provision,Furnizimet që i nënshtrohen dispozitës së ngarkesës së kundërt
Suspected Discount Amount,Shuma e Zbritjes së Dyshuar
Switch Camera,Ndërro Kamerën
Switch Theme,Ndërro temën
Switch to Frappe CRM for smarter sales,Kaloni në Frappe CRM për shitje më të zgjuara
Switching Camera,Ndërrimi i Kamerës
Sync Now,Sinkronizo tani
Sync Started,Sinkronizimi filloi
Sync events from Google as public,Sinkronizoni ngjarjet nga Google si publike
Sync token was invalid and has been reset,Tokeni i sinkronizimit ishte i pavlefshëm dhe është rivendosur
Sync {0} Fields,Sinkronizoni fushat {0}
Synced Fields,Fushat e sinkronizuara
Syntax Error,Gabim sintaksor
System Generated Fields can not be renamed,Fushat e gjeneruara nga sistemi nuk mund të riemërtohen
System Health Report,Raporti i Shëndetit të Sistemit
System Health Report Errors,Gabimet e Raportit të Shëndetit të Sistemit
System Health Report Failing Jobs,Punë që dështojnë në raportin e shëndetit të sistemit
System Health Report Queue,Radha e Raportit të Shëndetit të Sistemit
System Health Report Tables,Tabelat e Raportit të Shëndetit të Sistemit
System Health Report Workers,Punëtorët e Raportit të Shëndetit të Sistemit
System In Use,Sistemi në përdorim
System Manager privileges required.,Kërkohen privilegje të Menaxherit të Sistemit.
System Notifications,Njoftimet e Sistemit
System will automatically create the serial numbers / batch for the Finished Good on submission of work order,Sistemi do të krijojë automatikisht numrat serialë / serinë për Mallrat e Përfunduara me dorëzimin e urdhrit të punës.
System will do an implicit conversion using the pegged currency. <br>|||Ex: Instead of AED -&gt; INR,Sistemi do të bëjë një konvertim implicit duke përdorur monedhën e fiksuar. <br>|||P.sh.: Në vend të AED -> INR
System will not check over billing since amount for Item {0} in {1} is zero,Sistemi nuk do të kontrollojë faturimin e tepërt pasi shuma për Artikullin {0} në {1} është zero
T,T
TCS Amount,Shuma e TCS-së
TCS Rate %,Shkalla e TCS-së %
TDS Amount,Shuma TDS
TDS Deducted,TDS e zbritur
TDS Payable,TDS i pagueshëm
Tab Break,Ndarje Tab-i
Tab Label,Etiketa e skedës
Table Fieldname,Emri i fushës së tabelës
Table Fieldname Missing,Emri i fushës së tabelës mungon
Table Trimmed,Tavolinë e zbukuruar
Tabloid,Tabloid
Target Asset,Aseti i synuar
Target Asset Location,Vendndodhja e synuar e aseteve
Target Asset {0} cannot be cancelled,Aseti i synuar {0} nuk mund të anulohet
Target Asset {0} cannot be submitted,Aseti i synuar {0} nuk mund të dorëzohet
Target Asset {0} cannot be {1},Aseti i synuar {0} nuk mund të jetë {1}
Target Asset {0} does not belong to company {1},Aseti i synuar {0} nuk i përket kompanisë {1}
Target Asset {0} needs to be composite asset,Aseti i synuar {0} duhet të jetë një aset i përbërë
Target Batch No,Numri i serisë së synuar
Target Exchange Rate,Kursi i synuar i këmbimit
Target Fieldname (Stock Ledger Entry),Emri i fushës së synuar (Hyrje në librin e aksioneve)
Target Fixed Asset Account,Llogaria e Aseteve Fikse të Targetit
Target Has Batch No,Target ka numrin e serisë
Target Has Serial No,Target ka numër serial
Target Incoming Rate,Norma e synuar e hyrjes
Target Is Fixed Asset,Objektivi është Aseti Fiks
Target Item Code,Kodi i Artikullit të Synuar
Target Item Name,Emri i artikullit të synuar
Target Item {0} must be a Fixed Asset item,Artikulli i synuar {0} duhet të jetë një artikull i aseteve fikse
Target Location is required for transferring Asset {0},Vendndodhja e synuar është e nevojshme për transferimin e Asetit {0}
Target Location is required while receiving Asset {0},Vendndodhja e synuar është e nevojshme gjatë marrjes së Asetit {0}
Target Qty must be a positive number,Sasia e synuar duhet të jetë një numër pozitiv
Target Serial No,Numri serial i objektivit
Target Warehouse Address Link,Lidhja e Adresës së Magazinës Target
Target Warehouse is set for some items but the customer is not an internal customer.,"Target Warehouse është vendosur për disa artikuj, por klienti nuk është një klient i brendshëm."
Task Assignee Email,Email-i i Caktuesit të Detyrës
Task {0} depends on Task {1}. Please add Task {1} to the Tasks list.,Detyra {0} varet nga Detyra {1}. Ju lutemi shtoni Detyrën {1} në listën e Detyrave.
Tax Amount,Shuma e taksës
Tax Amount will be rounded on a row(items) level,Shuma e taksës do të rrumbullakoset në nivel rreshti (artikujsh)
Tax Refunds provided to Tourists under the Tax Refunds for Tourists Scheme,Rimbursimet tatimore të ofruara për turistët sipas Skemës së Rimbursimeve Tatimore për Turistët
Tax Settings,Cilësimet e Taksave
Tax Withheld Vouchers,Kupona të Tatimit të Mbajtur në Burim
Tax Withholding,Mbajtja e Tatimit në Burim
Tax Withholding Category {} against Company {} for Customer {} should have Cumulative Threshold value.,Kategoria e Mbajtjes së Tatimit në Burim {} kundrejt Kompanisë {} për Klientin {} duhet të ketë vlerën Kumulative të Pragut.
Tax Withholding Details,Detajet e Mbajtjes së Tatimit në Burim
Tax Withholding Net Total,Totali Neto i Mbajtjes së Tatimit në Burim
Tax detail table fetched from item master as a string and stored in this field.|||Used for Taxes and Charges,Tabela e detajeve të taksave u mor nga masteri i artikullit si një varg dhe u ruajt në këtë fushë.|||Përdoret për Taksa dhe Tarifa
Tax will be withheld only for amount exceeding the cumulative threshold,Taksa do të mbahet vetëm për shumën që tejkalon pragun kumulativ
Taxes row #{0}: {1} cannot be smaller than {2},Rreshti i taksave #{0}: {1} nuk mund të jetë më i vogël se {2}
Team,Ekipi
Team Members Subtitle,Nëntitulli i Anëtarëve të Ekipit
Telemetry,Telemetri
Telephony,Telefonia
Telephony Call Type,Lloji i thirrjes telefonike
Template File,Skedar shablloni
Template Item Selected,Artikulli i shabllonit u zgjodh
Template Task,Detyra e shabllonit
Templates,Shabllone
Terms & Conditions,Kushtet dhe Rregullat
Terms Template,Shablloni i Termave
Territory Item,Elementi i Territorit
Test Data,Të dhënat e testimit
Test Job ID,ID-ja e Punës së Testimit
Test Spanish,Testoni Spanjishten
Thank you for reaching out to us. We will get back to you at the earliest.|||||||||Your query:||||||{0},Faleminderit që na kontaktuat. Do t'ju kontaktojmë sa më shpejt të jetë e mundur.|||||||||Pyetja juaj:||||||{0}
Thank you for spending your valuable time to fill this form,Faleminderit që shpenzuat kohën tuaj të çmuar për të plotësuar këtë formular
Thanks,Faleminderit
The Batch {0} has negative batch quantity {1}. To fix this,Grupi {0} ka sasi negative grupi {1}. Për ta rregulluar këtë
"The Client ID obtained from the Google Cloud Console under <a href=""https://console.cloud.google.com/apis/credentials"">|||""APIs &amp; Services"" &gt; ""Credentials""|||</a>","ID-ja e Klientit e marrë nga Google Cloud Console nën <a href=""https://console.cloud.google.com/apis/credentials"">|||""API &amp; Shërbime"" &gt; ""Kredenciale""|||</a>"
The Document Type {0} must have a Status field to configure Service Level Agreement,Lloji i Dokumentit {0} duhet të ketë një fushë Statusi për të konfiguruar Marrëveshjen e Nivelit të Shërbimit
The File URL you've entered is incorrect,URL-ja e skedarit që keni futur është e pasaktë
The GL Entries and closing balances will be processed in the background,Hyrjet në Listën e GL-së dhe bilancet mbyllëse do të përpunohen në sfond.
The GL Entries will be cancelled in the background,Hyrjet në GL do të anulohen në sfond.
The Next Scheduled Date cannot be later than the End Date.,Data e Planifikuar Ardhshme nuk mund të jetë më vonë se Data e Mbarimit.
The Payment Request {0} is already paid,Kërkesa për pagesë {0} është paguar tashmë
The Pick List having Stock Reservation Entries cannot be updated. If you need to make changes,Lista e Përzgjedhjes që përmban Hyrje për Rezervimin e Stokut nuk mund të përditësohet. Nëse keni nevojë të bëni ndryshime
The Process Loss Qty has reset as per job cards Process Loss Qty,Sasia e Humbjes së Procesit është rivendosur sipas kartave të punës Sasia e Humbjes së Procesit
The Push Relay Server URL key (`push_relay_server_url`) is missing in your site config,Çelësi URL i Serverit Push Relay (`push_relay_server_url`) mungon në konfigurimin e faqes suaj
The Sales Person is linked with {0},Personi i Shitjeve është i lidhur me {0}
The Serial No at Row #{0}: {1} is not available in warehouse {2}.,Numri serial në rreshtin #{0}: {1} nuk është i disponueshëm në depo {2}.
The Serial and Batch Bundle {0} is not valid for this transaction. The 'Type of Transaction' should be 'Outward' instead of 'Inward' in Serial and Batch Bundle {0},Paketa Seriale dhe e Grumbullimit {0} nuk është e vlefshme për këtë transaksion. 'Lloji i Transaksionit' duhet të jetë 'Jashtë' në vend të 'Brendshëm' në Paketën Seriale dhe të Grumbullimit {0}
The User record for this request has been auto-deleted due to inactivity by system admins.,Regjistri i përdoruesit për këtë kërkesë është fshirë automatikisht për shkak të mosaktivitetit nga administratorët e sistemit.
The Work Order is mandatory for Disassembly Order,Urdhri i Punës është i detyrueshëm për Urdhrin e Çmontimit
The allocated amount is greater than the outstanding amount of Payment Request {0},Shuma e ndarë është më e madhe se shuma e papaguar e Kërkesës për Pagesë {0}
The application name will be used in the Login page.,Emri i aplikacionit do të përdoret në faqen e hyrjes.
"The browser API key obtained from the Google Cloud Console under <a href=""https://console.cloud.google.com/apis/credentials"">|||""APIs &amp; Services"" &gt; ""Credentials""|||</a>","Çelësi API i shfletuesit i marrë nga Google Cloud Console nën <a href=""https://console.cloud.google.com/apis/credentials"">|||""API &amp; Shërbime"" > ""Kredencialet""|||</a>"
The changes have been reverted.,Ndryshimet janë rikthyer.
The contents of this email are strictly confidential. Please do not forward this email to anyone.,Përmbajtja e këtij email-i është rreptësisht konfidenciale. Ju lutemi mos ia përcillni këtë email askujt.
The count shown is an estimated count. Click here to see the accurate count.,Numri i treguar është një numër i përafërt. Klikoni këtu për të parë numrin e saktë.
The currency of invoice {} ({}) is different from the currency of this dunning ({}).,Monedha e faturës {} ({}) është e ndryshme nga monedha e këtij njoftimi ({}).
The default BOM for that item will be fetched by the system. You can also change the BOM.,BOM-i i parazgjedhur për atë artikull do të merret nga sistemi. Gjithashtu mund ta ndryshoni BOM-in.
The document type selected is a child table,Lloji i dokumentit të zgjedhur është një tabelë fëmijë
The field {0} in row {1} is not set,Fusha {0} në rreshtin {1} nuk është vendosur
The field {0} is mandatory,Fusha {0} është e detyrueshme
The fieldname you've specified in Attached To Field is invalid,"Emri i fushës që keni specifikuar në Fushën ""Bashkangjitur me Fushën"" është i pavlefshëm."
The finished product {0} quantity {1} and For Quantity {2} cannot be different,Produkti i përfunduar {0} sasia {1} dhe Sasia për {2} nuk mund të jenë të ndryshme
The following Assignment Days have been repeated: {0},Ditët e mëposhtme të caktimit të detyrave janë përsëritur: {0}
The following Header Script will add the current date to an element in 'Header HTML' with class 'header-content',Skripti i mëposhtëm i Header do të shtojë datën aktuale në një element në 'Header HTML' me klasën 'header-content'.
The following Items,Artikujt e mëposhtëm
The following assets have failed to automatically post depreciation entries: {0},Asetet e mëposhtme nuk kanë arritur të regjistrojnë automatikisht hyrjet e amortizimit: {0}
The following batches are expired,Seritë e mëposhtme kanë skaduar
The following invalid Pricing Rules are deleted:,Rregullat e mëposhtme të pavlefshme të Çmimeve janë fshirë:
The following values are invalid: {0}. Values must be one of {1},Vlerat e mëposhtme janë të pavlefshme: {0}. Vlerat duhet të jenë një nga {1}
The following values do not exist for {0}: {1},Vlerat e mëposhtme nuk ekzistojnë për {0}: {1}
The items {0} and {1} are present in the following {2} :,Artikujt {0} dhe {1} janë të pranishëm në {2} e mëposhtme:
The last scanned warehouse has been cleared and won't be set in the subsequently scanned items,Magazina e skanuar së fundmi është pastruar dhe nuk do të vendoset në artikujt e skanuar më pas.
The limit has not set for the user type {0} in the site config file.,Limiti nuk është vendosur për llojin e përdoruesit {0} në skedarin e konfigurimit të faqes.
The link will expire in {0} minutes,Lidhja do të skadojë pas {0} minutash
The link you trying to login is invalid or expired.,Lidhja që po përpiqeni të identifikoheni është e pavlefshme ose e skaduar.
The next tour will start from where the user left off.,Turi tjetër do të fillojë nga vendi ku e la përdoruesi.
The number of seconds until the request expires,Numri i sekondave deri në skadimin e kërkesës
The operation {0} can not add multiple times,Operacioni {0} nuk mund të shtohet shumë herë
The operation {0} can not be the sub operation,Operacioni {0} nuk mund të jetë nënoperacioni
The original invoice should be consolidated before or along with the return invoice.,Fatura origjinale duhet të konsolidohet para ose së bashku me faturën e kthimit.
The page you are looking for has gone missing.,Faqja që po kërkoni është zhdukur.
The percentage you are allowed to pick more items in the pick list than the ordered quantity.,Përqindja që ju lejohet të zgjidhni më shumë artikuj në listën e përzgjedhjes sesa sasia e porositur.
The percentage you are allowed to transfer more against the quantity ordered. For example,Përqindja që ju lejohet të transferoni më shumë kundrejt sasisë së porositur. Për shembull
"The project number obtained from Google Cloud Console under <a href=""https://console.cloud.google.com/iam-admin/settings"">|||""IAM &amp; Admin"" &gt; ""Settings""|||</a>","Numri i projektit i marrë nga Google Cloud Console nën <a href=""https://console.cloud.google.com/iam-admin/settings"">|||""IAM & Admin"" &gt; ""Cilësime""|||</a>"
The report you requested has been generated.<br><br>Click here to download:<br><a href='{0}'>{0}</a><br><br>This link will expire in {1} hours.,Raporti që kërkuat është gjeneruar.<br><br>Klikoni këtu për ta shkarkuar:<br><a href='{0}'>{0}</a><br><br>Kjo lidhje do të skadojë pas {1} orësh.
The reserved stock will be released when you update items. Are you certain you wish to proceed?,Stoku i rezervuar do të lirohet kur të përditësoni artikujt. A jeni i sigurt që dëshironi të vazhdoni?
The reserved stock will be released. Are you certain you wish to proceed?,Stoku i rezervuar do të lirohet. A jeni i sigurt që dëshironi të vazhdoni?
The reset password link has been expired,Lidhja e rivendosjes së fjalëkalimit ka skaduar
The reset password link has either been used before or is invalid,Lidhja e rivendosjes së fjalëkalimit është përdorur më parë ose është e pavlefshme
The role {0} should be a custom role.,Roli {0} duhet të jetë një rol i personalizuar.
The serial and batch bundle {0} not linked to {1} {2},Paketa seriale dhe grupore {0} nuk është e lidhur me {1} {2}
The stock for the item {0} in the {1} warehouse was negative on the {2}. You should create a positive entry {3} before the date {4} and time {5} to post the correct valuation rate. For more details,Stoku për artikullin {0} në magazinën {1} ishte negativ në {2}. Ju duhet të krijoni një hyrje pozitive {3} para datës {4} dhe orës {5} për të postuar normën e saktë të vlerësimit. Për më shumë detaje
The stock has been reserved for the following Items and Warehouses,Stoku është rezervuar për artikujt dhe depot e mëposhtme
The sync has started in the background,Sinkronizimi ka filluar në sfond
The system is being updated. Please refresh again after a few moments.,"Sistemi po përditësohet. Ju lutemi, rifreskojeni përsëri pas pak çastesh."
The task has been enqueued as a background job.,Detyra është vendosur në radhë si një punë në sfond.
The task has been enqueued as a background job. In case there is any issue on processing in background,Detyra është vendosur në radhë si punë në sfond. Në rast se ka ndonjë problem gjatë përpunimit në sfond
The total Issue / Transfer quantity {0} in Material Request {1}  cannot be greater than allowed requested quantity {2} for Item {3},Sasia totale e Lëshimit/Transferimit {0} në Kërkesën për Material {1} ​​nuk mund të jetë më e madhe se sasia e lejuar e kërkuar {2} për Artikullin {3}
The total Issue / Transfer quantity {0} in Material Request {1} cannot be greater than requested quantity {2} for Item {3},Sasia totale e Lëshimit/Transferimit {0} në Kërkesën për Material {1} ​​nuk mund të jetë më e madhe se sasia e kërkuar {2} për Artikullin {3}
The total column width cannot be more than 10.,Gjerësia totale e kolonës nuk mund të jetë më shumë se 10.
The total number of user document types limit has been crossed.,Limiti i numrit total të llojeve të dokumenteve të përdoruesit është tejkaluar.
The uploaded file does not match the selected Code List.,Skedari i ngarkuar nuk përputhet me Listën e Kodeve të zgjedhura.
The user cannot submit the Serial and Batch Bundle manually,Përdoruesi nuk mund ta dorëzojë manualisht paketën seriale dhe grupore.
The users with this Role are allowed to create/modify a stock transaction,Përdoruesit me këtë Rol lejohen të krijojnë/modifikojnë një transaksion aksionesh
The value you pasted was {0} characters long. Max allowed characters is {1}.,Vlera që ngjitët ishte {0} karaktere e gjatë. Maksimumi i karaktereve të lejuara është {1}.
The warehouse where you store finished Items before they are shipped.,Magazina ku ruani artikujt e përfunduar para se të dërgohen.
The warehouse where you store your raw materials. Each required item can have a separate source warehouse. Group warehouse also can be selected as source warehouse. On submission of the Work Order,Magazina ku ruani lëndët e para. Çdo artikull i kërkuar mund të ketë një magazinë burimi të veçantë. Magazina në grup gjithashtu mund të zgjidhet si magazinë burimi. Me dorëzimin e Urdhrit të Punës
The warehouse where your Items will be transferred when you begin production. Group Warehouse can also be selected as a Work in Progress warehouse.,Magazina ku do të transferohen artikujt tuaj kur të filloni prodhimin. Magazina e Grupit mund të zgjidhet gjithashtu si një magazinë në vazhdim.
The {0} contains Unit Price Items.,{0} Përmban artikuj të çmimit për njësi.
The {0} {1} does not match with the {0} {2} in the {3} {4},{0} {1} Nuk përputhet me {0} {2} në {3} {4}
The {0} {1} is used to calculate the valuation cost for the finished good {2}.,{0} {1} Përdoret për të llogaritur koston e vlerësimit për mallin e përfunduar {2}.
Theme Changed,Tema u ndryshua
There are ledger entries against this account. Changing {0} to non-{1} in live system will cause incorrect output in 'Accounts {2}' report,Ka hyrje në librin e llogarisë për këtë llogari. Ndryshimi i {0} në jo-{1} në sistemin aktiv do të shkaktojë rezultate të pasakta në raportin 'Llogaritë {2}'.
There are no Failed transactions,Nuk ka transaksione të dështuara
There are no active Fiscal Years for which Demo Data can be generated.,Nuk ka Vite Fiskale aktive për të cilat mund të gjenerohen të Dhëna Demo.
There are no slots available on this date,Nuk ka vende të lira në këtë datë
There are no upcoming events for you.,Nuk ka ngjarje të ardhshme për ju.
There are no {0} for this {1},Nuk ka {0} për këtë {1}
There are two options to maintain valuation of stock. FIFO (first in - first out) and Moving Average. To understand this topic in detail please visit <a href='https://docs.erpnext.com/docs/v13/user/manual/en/stock/articles/item-valuation-fifo-and-moving-average' target='_blank'>Item Valuation,"Ekzistojnë dy mundësi për të ruajtur vlerësimin e aksioneve. FIFO (i pari që hyn - i pari që del) dhe Mesatarja Lëvizëse. Për ta kuptuar këtë temë në detaje, ju lutemi vizitoni <a href='https://docs.erpnext.com/docs/v13/user/manual/en/stock/articles/item-valuation-fifo-and-moving-average' target='_blank'>Vlerësimi i Artikullit"
There aren't any item variants for the selected item,Nuk ka variante artikulli për artikullin e zgjedhur
There can be only 9 Page Break fields in a Web Form,Mund të ketë vetëm 9 fusha të Ndërprerjes së Faqes në një Formular Webi
There is already a valid Lower Deduction Certificate {0} for Supplier {1} against category {2} for this time period.,Ekziston tashmë një Certifikatë e Zbritjes së Ulët të vlefshme {0} për Furnizuesin {1} kundrejt kategorisë {2} për këtë periudhë kohore.
There is already an active Subcontracting BOM {0} for the Finished Good {1}.,Ekziston tashmë një BOM nënkontraktimi aktiv {0} për produktin e përfunduar {1}.
There is nothing new to show you right now.,Nuk ka asgjë të re për t'ju treguar tani për tani.
There must be atleast 1 Finished Good in this Stock Entry,Duhet të ketë të paktën 1 Mall të Përfunduar në këtë Hyrje në Stok
There was an error creating Bank Account while linking with Plaid.,Ndodhi një gabim gjatë krijimit të Llogarisë Bankare gjatë lidhjes me Plaid.
There was an error syncing transactions.,Ndodhi një gabim gjatë sinkronizimit të transaksioneve.
There was an error updating Bank Account {} while linking with Plaid.,Ndodhi një gabim gjatë përditësimit të Llogarisë Bankare {} gjatë lidhjes me Plaid.
There was an issue connecting to Plaid's authentication server. Check browser console for more information,Pati një problem gjatë lidhjes me serverin e vërtetimit të Plaid. Kontrolloni konsolën e shfletuesit për më shumë informacion.
There were issues unlinking payment entry {0}.,Pati probleme me shkëputjen e hyrjes së pagesës {0}.
There's nothing here,Nuk ka asgjë këtu
These announcements will appear inside a dismissible alert below the Navbar.,Këto njoftime do të shfaqen brenda një alarmi të shpërfillshëm poshtë shiritit të navigimit.
These settings are required if 'Custom' LDAP Directory is used,Këto cilësime kërkohen nëse përdoret Drejtoria LDAP 'Custom'
This Account has '0' balance in either Base Currency or Account Currency,Kjo llogari ka bilanc '0' ose në monedhën bazë ose në monedhën e llogarisë
This Doctype does not contain latitude and longitude fields,Ky Doctype nuk përmban fusha të gjerësisë dhe gjatësisë gjeografike
This Doctype does not contain location fields,Ky Doctype nuk përmban fusha vendndodhjeje
This PDF cannot be uploaded as it contains unsafe content.,Ky PDF nuk mund të ngarkohet pasi përmban përmbajtje të pasigurt.
This PO has been fully subcontracted.,Kjo PO është nënkontraktuar plotësisht.
This action is irreversible. Do you wish to continue?,Ky veprim është i pakthyeshëm. Dëshironi të vazhdoni?
This asset category is marked as non-depreciable. Please disable depreciation calculation or choose a different category.,Kjo kategori asetesh është shënuar si e paamortizueshme. Ju lutemi çaktivizoni llogaritjen e amortizimit ose zgjidhni një kategori tjetër.
This doctype has no orphan fields to trim,Ky doctype nuk ka fusha jetime për t'u shkurtuar
This doctype has pending migrations,Ky tip dokumenti ka migrime në pritje
This document allows you to edit limited fields. For all kinds of workspace customization,Ky dokument ju lejon të modifikoni fusha të kufizuara. Për të gjitha llojet e personalizimit të hapësirës së punës
This document can not be deleted right now as it's being modified by another user. Please try again after some time.,Ky dokument nuk mund të fshihet tani pasi po modifikohet nga një përdorues tjetër. Ju lutemi provoni përsëri pas pak kohe.
This document has already been queued for submission. You can track the progress over {0}.,Ky dokument është vendosur tashmë në radhë për dorëzim. Mund të ndiqni progresin gjatë {0}.
This document has unsaved changes which might not appear in final PDF. <br> Consider saving the document before printing.,Ky dokument ka ndryshime të paruajtura të cilat mund të mos shfaqen në PDF-në përfundimtare. <br> Konsideroni ruajtjen e dokumentit para printimit.
This document is currently locked and queued for execution. Please try again after some time.,Ky dokument është aktualisht i bllokuar dhe në radhë për ekzekutim. Ju lutemi provoni përsëri pas pak kohe.
"This feature can not be used as dependencies are missing.|||				Please contact your system manager to enable this by installing pycups!",Kjo veçori nuk mund të përdoret pasi mungojnë varësitë.||| Ju lutemi të kontaktoni menaxherin e sistemit tuaj për ta aktivizuar këtë duke instaluar pycups!
This field is used to set the 'Customer'.,Kjo fushë përdoret për të vendosur 'Klientin'.
This field will appear only if the fieldname defined here has value OR the rules are true (examples):|||myfield|||eval:doc.myfield=='My Value'|||eval:doc.age&gt;18,Kjo fushë do të shfaqet vetëm nëse emri i fushës së përcaktuar këtu ka vlerë OSE rregullat janë të vërteta (shembuj):|||myfield|||eval:doc.myfield=='Vlera Ime'|||eval:doc.age&gt;18
This file is attached to a protected document and cannot be deleted.,Ky skedar është i bashkangjitur në një dokument të mbrojtur dhe nuk mund të fshihet.
This file is public. It can be accessed without authentication.,Ky skedar është publik. Mund të aksesohet pa autentifikim.
This filter will be applied to Journal Entry.,Ky filtër do të aplikohet në Regjistrimin e Ditarit.
This form is not editable due to a Workflow.,Ky formular nuk është i modifikueshëm për shkak të një rrjedhe pune.
This is a Template BOM and will be used to make the work order for {0} of the item {1},Ky është një BOM Shabllon dhe do të përdoret për të bërë porosinë e punës për {0} të artikullit {1}
This is a preview of the email to be sent. A PDF of the document will automatically be attached with the email.,Ky është një pamje paraprake e email-it që do të dërgohet. Një PDF i dokumentit do t'i bashkëngjitet automatikisht email-it.
This is a virtual doctype and data is cleared periodically.,Ky është një doktip virtual dhe të dhënat fshihen periodikisht.
This is considered dangerous from accounting point of view.,Kjo konsiderohet e rrezikshme nga pikëpamja e kontabilitetit.
This is enabled by default. If you want to plan materials for sub-assemblies of the Item you're manufacturing leave this enabled. If you plan and manufacture the sub-assemblies separately,"Kjo është aktivizuar si parazgjedhje. Nëse doni të planifikoni materialet për nën-montimet e Artikullit që po prodhoni, lëreni këtë të aktivizuar. Nëse planifikoni dhe prodhoni nën-montimet veçmas"
This is for raw material Items that'll be used to create finished goods. If the Item is an additional service like 'washing' that'll be used in the BOM,Kjo është për lëndë të parë Artikuj që do të përdoren për të krijuar mallra të gatshme. Nëse Artikulli është një shërbim shtesë si 'larja' që do të përdoret në BOM
This item filter has already been applied for the {0},Ky filtër artikulli është aplikuar tashmë për {0}
This newsletter is scheduled to be sent on {0},Ky buletin është planifikuar të dërgohet më {0}
This newsletter was scheduled to send on a later date. Are you sure you want to send it now?,Ky buletin ishte planifikuar të dërgohej në një datë të mëvonshme. A jeni i sigurt që doni ta dërgoni tani?
This option can be checked to edit the 'Posting Date' and 'Posting Time' fields.,Ky opsion mund të kontrollohet për të modifikuar fushat 'Data e Postimit' dhe 'Ora e Postimit'.
This report contains {0} rows and is too big to display in browser,Ky raport përmban {0} rreshta dhe është shumë i madh për t'u shfaqur në shfletues
This schedule was created when Asset {0} was adjusted through Asset Value Adjustment {1}.,Ky orar u krijua kur Aseti {0} u rregullua përmes Rregullimit të Vlerës së Asetit {1}.
This schedule was created when Asset {0} was consumed through Asset Capitalization {1}.,Ky orar u krijua kur Aseti {0} u konsumua përmes Kapitalizimit të Aseteve {1}.
This schedule was created when Asset {0} was repaired through Asset Repair {1}.,Ky orar u krijua kur Aseti {0} u riparua përmes Riparimit të Aseteve {1}.
This schedule was created when Asset {0} was restored on Asset Capitalization {1}'s cancellation.,Ky orar u krijua kur Aseti {0} u rivendos me anulimin e Kapitalizimit të Asetit {1}.
This schedule was created when Asset {0} was restored.,Ky orar u krijua kur u rivendos Aseti {0}.
This schedule was created when Asset {0} was returned through Sales Invoice {1}.,Ky orar u krijua kur Aseti {0} u kthye përmes Faturës së Shitjes {1}.
This schedule was created when Asset {0} was scrapped.,Ky orar u krijua kur Aseti {0} u hoq.
This schedule was created when Asset {0} was sold through Sales Invoice {1}.,Ky orar u krijua kur Aseti {0} u shit përmes Faturës së Shitjes {1}.
This schedule was created when Asset {0} was updated after being split into new Asset {1}.,Ky orar u krijua kur Aseti {0} u përditësua pasi u nda në Asetin e ri {1}.
This schedule was created when Asset {0}'s Asset Repair {1} was cancelled.,Ky orar u krijua kur Riparimi i Asetit {0} {1} u anulua.
This schedule was created when Asset {0}'s Asset Value Adjustment {1} was cancelled.,Ky orar u krijua kur Rregullimi i Vlerës së Asetit {0} {1} u anulua.
This schedule was created when Asset {0}'s shifts were adjusted through Asset Shift Allocation {1}.,Ky orar u krijua kur zhvendosjet e Asetit {0} u rregulluan përmes Shpërndarjes së Zhvendosjes së Asetit {1}.
This schedule was created when new Asset {0} was split from Asset {1}.,Ky orar u krijua kur Aseti i ri {0} u nda nga Aseti {1}.
This site is in read only mode,Kjo faqe është në modalitetin vetëm për lexim
This site is running in developer mode. Any change made here will be updated in code.,Kjo faqe interneti po funksionon në modalitetin e zhvilluesit. Çdo ndryshim i bërë këtu do të përditësohet në kod.
This table is used to set details about the 'Item',Kjo tabelë përdoret për të vendosur detaje rreth 'Artikullit'
This value is fetched from {0}'s {1} field,Kjo vlerë është marrë nga fusha {1} e {0}
This value shall be used when no matching Common Code for a record is found.,Kjo vlerë do të përdoret kur nuk gjendet asnjë Kod i Përbashkët që përputhet për një regjistrim.
This value specifies the max number of rows that can be rendered in report view.,Kjo vlerë përcakton numrin maksimal të rreshtave që mund të paraqiten në pamjen e raportit.
This will reset this tour and show it to all users. Are you sure?,Kjo do ta rivendosë këtë turne dhe do t'ua tregojë të gjithë përdoruesve. Je i sigurt?
This will terminate the job immediately and might be dangerous,Kjo do ta ndërpresë punën menjëherë dhe mund të jetë e rrezikshme.
This {} will be treated as material transfer.,Kjo {} do të trajtohet si transferim materiali.
Threshold for Suggestion (In Percentage),Pragu për Sugjerim (Në Përqindje)
Time Taken,Koha e Marrë
Time Taken to Deliver,Koha e nevojshme për dorëzim
Time Window (Seconds),Dritarja Kohore (Sekonda)
Time in Queries,Koha në Pyetje
Time in mins,Koha në minuta
Time in mins.,Koha në minuta.
Time slot is not available,Intervali kohor nuk është i disponueshëm
Timed Out,Koha e skadimit
Timeless Night,Natë e Pakohë
Timeout,Kohëzgjatja
Timeout (In Seconds),Kohëzgjatja (në sekonda)
To Date is mandatory,Deri më sot është i detyrueshëm
To Delivery Date,Deri në datën e dorëzimit
To Doctype,Te Doctype
To Due Date,Deri në datën e caktuar
To Payment Date,Deri në datën e pagesës
To Reference Date,Deri në datën e referencës
To add Operations tick the 'With Operations' checkbox.,"Për të shtuar Operacione, shënoni kutinë e kontrollit 'Me Operacione'."
To add dynamic subject,Për të shtuar subjekt dinamik
To add dynamic subject,Për të shtuar subjekt dinamik
To add dynamic values from the document,Për të shtuar vlera dinamike nga dokumenti
To add subcontracted Item's raw materials if include exploded items is disabled.,Për të shtuar lëndët e para të artikullit të nënkontraktuar nëse përfshirja e artikujve të shpërthyer është çaktivizuar.
To allow more reports update limit in System Settings.,"Për të lejuar më shumë raporte, limiti i përditësimit të raporteve është te Cilësimet e Sistemit."
To apply condition on parent field use parent.field_name and to apply condition on child table use doc.field_name. Here field_name could be based on the actual column name of the respective field.,"Për të aplikuar kushtin në fushën prind, përdorni parent.field_name dhe për të aplikuar kushtin në tabelën fëmijë, përdorni doc.field_name. Këtu, field_name mund të bazohet në emrin aktual të kolonës së fushës përkatëse."
To be Delivered to Customer,Për t'u dorëzuar te klienti
To begin the date range at the start of the chosen period. For example,Për të filluar diapazonin e datave në fillim të periudhës së zgjedhur. Për shembull
To cancel a {} you need to cancel the POS Closing Entry {}.,"Për të anuluar një {}, duhet të anuloni Hyrjen e Mbylljes së POS {}."
To enable Capital Work in Progress Accounting,Për të aktivizuar Kontabilitetin e Punës Kapitale në Progres
To enable server scripts,Për të aktivizuar skriptet e serverit
To export this step as JSON,Për të eksportuar këtë hap si JSON
To include non-stock items in the material request planning. i.e. Items for which 'Maintain Stock' checkbox is unticked.,"Për të përfshirë artikujt që nuk janë në stok në planifikimin e kërkesës për materiale, d.m.th., artikujt për të cilët kutia e kontrollit 'Ruaj stokun' është e çaktivizuar."
To include sub-assembly costs and scrap items in Finished Goods on a work order without using a job card,Për të përfshirë kostot e nën-montimit dhe artikujt e mbetur në Mallrat e Përfunduara në një urdhër pune pa përdorur një kartë pune.
To manage your authorized third party apps,Për të menaxhuar aplikacionet tuaja të autorizuara të palëve të treta
To print output use <code>print(text)</code>,"Për të printuar rezultatin, përdorni <code>print(text)</code>"
To set the role {0} in the user {1},Për të vendosur rolin {0} në përdoruesin {1}
To submit the invoice without purchase order please set {0} as {1} in {2},"Për të dorëzuar faturën pa urdhër blerjeje, ju lutemi vendosni {0} si {1} në {2}"
To submit the invoice without purchase receipt please set {0} as {1} in {2},"Për të dorëzuar faturën pa faturë blerjeje, ju lutemi vendosni {0} si {1} në {2}"
To use Google Indexing,Për të përdorur Indeksimin e Google
To use a different finance book,Për të përdorur një libër të ndryshëm financiar
To use a different finance book,Për të përdorur një libër të ndryshëm financiar
To version,Versioni në
Toggle Full Width,Aktivizo/çaktivizo gjerësinë e plotë
Toggle Section: {0},Aktivizo/çaktivizo seksionin: {0}
Toggle Theme,Aktivizo/çaktivizo temën
Token Cache,Memoria e memorjes së tokenëve
Token Type,Lloji i Tokenit
Token URI,Token URI
Tomorrow,Nesër
Too Many Documents,Shumë dokumente
Too many changes to database in single action.,Shumë ndryshime në bazën e të dhënave në një veprim të vetëm.
Too many queued background jobs ({0}). Please retry after some time.,Shumë punë në sfond në radhë ({0}). Ju lutemi provoni përsëri pas pak kohe.
Top 10,10 Më të mirët
Top Center,Qendra e Sipërme
Top Errors,Gabimet kryesore
Top Left,Sipër majtas
Top Right,Sipër djathtas
Total Allocations,Alokimet Totale
Total Amount Due,Shuma totale e duhur
Total Asset,Totali i Aseteve
Total Asset Cost,Kostoja Totale e Aseteve
Total Background Workers,Totali i punëtorëve në sfond
Total Billing Hours,Orët totale të faturimit
Total Contribution Amount Against Invoices: {0},Shuma Totale e Kontributit Kundrejt Faturave: {0}
Total Contribution Amount Against Orders: {0},Shuma Totale e Kontributit Kundrejt Porosive: {0}
Total Equity,Totali i Kapitalit
Total Errors (last 1 day),Totali i Gabimeve (1 dita e fundit)
Total Images,Gjithsej imazhe
Total Incoming Value (Receipt),Vlera Totale Hyrëse (Fatura)
Total Interest,Interesi Total
Total Issues,Probleme totale
Total Items,Artikuj totalë
Total Liability,Përgjegjësia totale
Total Number of Booked Depreciations,Numri total i amortizimeve të rezervuara
Total Operation Time,Koha totale e funksionimit
Total Other Charges,Totali i Tarifave të Tjera
Total Outgoing Emails,Totali i emaileve dalëse
Total Outgoing Value (Consumption),Vlera Totale e Daljes (Konsumi)
Total Picked Quantity {0} is more than ordered qty {1}. You can set the Over Picking Allowance in Stock Settings.,Sasia totale e marrë {0} është më e madhe se sasia e porositur {1}. Mund të caktoni sasinë e lejuar për marrjen e tepërt në Cilësimet e stokut.
Total Purchase Amount,Shuma totale e blerjes
Total Recipients,Totali i Marrësve
Total Repair Cost,Kostoja Totale e Riparimit
Total Reposting Count,Numri total i ripostimeve
Total Sales Amount,Shuma Totale e Shitjeve
Total Supplied Qty,Sasia totale e furnizuar
Total Time (in Mins),Koha Totale (në Minuta)
Total Users,Përdoruesit totalë
Total Value,Vlera Totale
Total Value Difference (Incoming - Outgoing),Diferenca Totale e Vlerës (Hyrëse - Dalëse)
Total Views,Shikime totale
Total Weight (kg),Pesha totale (kg)
Total Working Time,Koha totale e punës
Total completed quantity: {0},Sasia totale e përfunduar: {0}
Total percentage against cost centers should be 100,Përqindja totale kundrejt qendrave të kostos duhet të jetë 100
Total:,Totali:
Trace ID,ID e gjurmës
Track Steps,Hapat e Gjurmimit
Track if your email has been opened by the recipient.|||<br>|||Note: If you're sending to multiple recipients,Ndiqni nëse email-i juaj është hapur nga marrësi.|||<br>|||Shënim: Nëse po u dërgoni disa marrësve
Tracking Status,Statusi i Ndjekjes
Tracking Status Info,Informacion mbi statusin e gjurmimit
Tracking URL,URL-ja e gjurmimit
Tracking URL generated and copied to clipboard,URL-ja e gjurmimit u gjenerua dhe u kopjua në kujtesën e përkohshme.
Transaction Deletion Document: {0} is running for this Company. {1},Dokumenti i Fshirjes së Transaksionit: {0} është duke u ekzekutuar për këtë Kompani. {1}
Transaction Deletion Record,Regjistri i Fshirjes së Transaksionit
Transaction Deletion Record Details,Detajet e Regjistrit të Fshirjes së Transaksionit
Transaction Deletion Record Item,Artikulli i Regjistrimit të Fshirjes së Transaksionit
Transaction Exchange Rate,Kursi i Këmbimit të Transaksionit
Transaction Name,Emri i transaksionit
Transaction Settings,Cilësimet e transaksionit
Transaction currency: {0} cannot be different from Bank Account({1}) currency: {2},Monedha e transaksionit: {0} nuk mund të jetë e ndryshme nga monedha e llogarisë bankare ({1}): {2}
Transactions against the Company already exist! Chart of Accounts can only be imported for a Company with no transactions.,Transaksionet kundër Kompanisë ekzistojnë tashmë! Skema e Llogarive mund të importohet vetëm për një Kompani pa transaksione.
Transfer Asset,Transferimi i Pasurisë
Transfer From Warehouses,Transferimi nga Depot
Transfer and Issue,Transferimi dhe Lëshimi
Transit,Transporti publik
Transit Entry,Hyrja e Tranzitit
Transition Properties,Vetitë e tranzicionit
Translate Data,Përkthe të dhënat
Translate Link Fields,Përkthe Fushat e Lidhjeve
Translate values,Përkthe vlerat
Translator,Përkthyes
Tree View,Pamje Peme
Trigger caching,Aktivizo ruajtjen në memorje
Trim Table,Tabela e prerjes
Truncates 'Remarks' column to set character length,Shkurton kolonën 'Vërejtje' për të vendosur gjatësinë e karaktereve
Try Again,Provo përsëri
Try a Naming Series,Provoni një Seri Emërtimesh
Try the new Print Designer,Provo Print Designer-in e ri
Turnover Ratios,Raportet e Qarkullimit
Type Distribution,Shpërndarja e Tipit
Type Of Call,Lloji i thirrjes
Type a reply / comment,Shkruaj një përgjigje / koment
Type of Transaction,Lloji i transaksionit
Type title,Shkruaj titullin
Type your reply here...,Shkruaj përgjigjen tënde këtu...
UAE VAT 201,TVSH-ja e Emirateve të Bashkuara Arabe 201
UAE VAT Account,Llogaria e TVSH-së në Emiratet e Bashkuara Arabe
UAE VAT Accounts,Llogaritë e TVSH-së në Emiratet e Bashkuara Arabe
UAE VAT Settings,Cilësimet e TVSH-së në Emiratet e Bashkuara Arabe
UI Tour,Turneu i Ndërfaqes së Përdoruesit
UOM conversion factor required for UOM: {0} in Item: {1},Faktori i konvertimit UOM i kërkuar për UOM: {0} në artikullin: {1}
UPC,UPC
URIs for receiving authorization code once the user allows access,URI-të për marrjen e kodit të autorizimit pasi përdoruesi të lejojë aksesin
URL must start with http:// or https://,URL-ja duhet të fillojë me http:// ose https://
UnBuffered Cursor,Kursor i Pa-Bufferuar
UnReconcile,Papajtim
UnReconcile Allocations,Mospërputhni Shpërndarjet
Unable to find the time slot in the next {0} days for the operation {1}. Please increase the 'Capacity Planning For (Days)' in the {2}.,Nuk mund të gjej intervalin kohor në {0} ditët e ardhshme për operacionin {1}. Ju lutemi rritni 'Planifikimin e Kapacitetit për (Ditë)' në {2}.
Unable to find variable:,Nuk mund të gjendet variabli:
Unable to send mail because of a missing email account. Please setup default Email Account from Settings > Email Account,Nuk mund të dërgoj email për shkak të mungesës së një llogarie emaili. Ju lutemi konfiguroni llogarinë e parazgjedhur të emailit nga Cilësimet > Llogaria e emailit
Unassigned Qty,Sasia e Pacaktuar
Under Working Hours table,Nën tabelën e Orarit të Punës
Undo,Anulo
Undo last action,Anulo veprimin e fundit
Unhandled Emails,Email-e të patrajtuara
Unhide Workspace,Hap Hapësirën e Punës
Unknown Rounding Method: {},Metoda e Rrumbullakosjes së Panjohur: {}
Unlinked,I shkëputur
Unlock Reference Document,Zhbllokoni Dokumentin e Referencës
Unpublish,Hiq publikimin
Unqualified,I pakualifikuar
Unrealized Profit / Loss Account,Llogaria e Fitimit/Humbjes së Parealizuar
Unrealized Profit / Loss account for intra-company transfers,Llogaria e Fitimit/Humbjes së Parealizuar për transfertat brenda kompanisë
Unrealized Profit/Loss account for intra-company transfers,Llogaria e Fitimit/Humbjes së Parealizuar për transfertat brenda kompanisë
Unreconcile Payment,Pajtim Pagese
Unreconcile Payment Entries,Mospajtimi i të dhënave të pagesës
Unreconcile Transaction,Mospajtim i transaksionit
Unreconciled Amount,Shuma e Papajtuar
Unreconciled Entries,Hyrje të papajtuara
Unreserve,Pa rezervë
Unreserve Stock,Stoku i Parezervuar
Unreserving Stock...,Aksion i parezervuar...
Unsafe SQL query,Pyetje SQL e pasigurt
Unset Matched Payment Request,Kërkesë për pagesë të përputhur e çaktivizuar
Up,Lart
Update Amendment Naming,Përditëso Emërtimin e Amendamentit
Update Billed Amount in Delivery Note,Përditësoni Shumën e Faturuar në Shënimin e Dorëzimit
Update Billed Amount in Purchase Order,Përditësoni Shumën e Faturuar në Urdhrin e Blerjes
Update Billed Amount in Purchase Receipt,Përditësoni Shumën e Faturuar në Faturën e Blerjes
Update Costing and Billing,Përditësimi i Kostos dhe Faturimit
Update Existing Price List Rate,Përditësoni Çmimin Ekzistues të Listës së Çmimeve
Update Hooks Resolution Order,Përditësoni Rezolucionin e Hooks
Update Order,Përditëso porosinë
Update Outstanding for Self,Përditësim i shkëlqyer për veten
Update Price List Based On,Përditësoni Listën e Çmimeve Bazuar në
Update Rate as per Last Purchase,Shkalla e përditësimit sipas blerjes së fundit
Update Series Counter,Përditëso numëruesin e serive
Update frequency of Project,Frekuenca e përditësimit të Projektit
Update from Frappe Cloud,Përditësim nga Frappe Cloud
Update stock must be enabled for the purchase invoice {0},Përditësimi i stokut duhet të aktivizohet për faturën e blerjes {0}
Update the modified timestamp on new communications received in Lead & Opportunity.,Përditësoni vulën kohore të modifikuar në komunikimet e reja të marra në Lead & Opportunity.
Update timestamp on new communication,Përditëso vulën kohore në komunikimin e ri
Update {0} records,Përditëso {0} të dhëna
Updated To A New Version \u{1F389},Përditësuar në një version të ri \u{1F389}
Updated via 'Time Log' (In Minutes),Përditësuar nëpërmjet 'Regjistrit të Kohës' (Në Minuta)
Updates,Përditësime
Updating Costing and Billing fields against this Project...,Duke përditësuar fushat e Kostos dhe Faturimit për këtë Projekt...
Updating Email Queue Statuses. The emails will be picked up in the next scheduled run.,Po përditësohen statuset e radhës së email-eve. Email-et do të merren në orarin e ardhshëm të planifikuar.
Updating Work Order status,Përditësimi i statusit të Urdhrit të Punës
Updating counter may lead to document name conflicts if not done properly,Përditësimi i numëruesit mund të çojë në konflikte të emrave të dokumenteve nëse nuk bëhet siç duhet.
Updating global settings,Duke përditësuar cilësimet globale
Updating naming series options,Duke përditësuar opsionet e serisë së emërtimit
Updating related fields...,Duke përditësuar fushat përkatëse...
Upgrade plan,Plani i përmirësimit
Upgrade your support experience with Frappe Helpdesk,Përmirësoni përvojën tuaj të mbështetjes me Frappe Helpdesk
Upload Bank Statement,Ngarko Pasqyrën Bankare
Upload Image,Ngarko imazhin
Uploading backup to Google Drive.,Po ngarkohet kopja rezervë në Google Drive.
Uploading successful.,Ngarkimi u krye me sukses.
Uploading to Google Drive,Duke ngarkuar në Google Drive
Upon enabling this,Me aktivizimin e kësaj
Use 'Repost in background' button to trigger background job. Job can only be triggered when document is in Queued or Failed status.,Përdorni butonin 'Riposto në sfond' për të aktivizuar punën në sfond. Puna mund të aktivizohet vetëm kur dokumenti është në statusin e Radhës ose të Dështuar.
Use Batch-wise Valuation,Përdorni Vlerësimin sipas Grumbullimit
Use Company Default Round Off Cost Center,Përdorni Qendrën e Kostos së Rrumbullakosjes së Parazgjedhur të Kompanisë
Use Company default Cost Center for Round off,Përdorni Qendrën e Kostos së parazgjedhur të Kompanisë për Rrumbullakosje
Use First Day of Period,Përdorni Ditën e Parë të Periodave
Use HTML,Përdor HTML
Use HTTP Protocol,Përdorni Protokollin HTTP
Use Item based reposting,Përdorni ripostimin e bazuar në artikuj
Use Number Format from Currency,Përdorni formatin e numrave nga monedha
Use Prices from Default Price List as Fallback,Përdorni Çmimet nga Lista e Çmimeve Parazgjedhur si Rezervë
Use STARTTLS,Përdor STARTTLS
Use Serial / Batch Fields,Përdorni fushat seriale / grumbulluese
Use Serial No / Batch Fields,Përdorni Numrin Serial / Fushat e Grumbullimit
Use Transaction Date Exchange Rate,Përdorni Kursin e Këmbimit të Datës së Transaksionit
Use different Email ID,Përdor ID të ndryshme email-i
Use the new Print Format Builder,Përdorni Ndërtuesin e ri të Formatit të Printimit
Use this,Përdore këtë
Used OAuth,Përdora OAuth
User Changed,Përdoruesi u ndryshua
User Document Type,Lloji i Dokumentit të Përdoruesit
User Document Types Limit Exceeded,Limiti i Llojeve të Dokumenteve të Përdoruesit është Tejkaluar
User Forum,Forumi i Përdoruesve
User Group,Grupi i Përdoruesve
User Group Member,Anëtar i Grupit të Përdoruesve
User Group Members,Anëtarët e Grupit të Përdoruesve
User Id Field,Fusha e ID-së së Përdoruesit
User Id Field is mandatory in the user type {0},Fusha e ID-së së Përdoruesit është e detyrueshme në llojin e përdoruesit {0}
User Invitation,Ftesë për Përdoruesin
User Menu,Menuja e përdoruesit
User Role,Roli i përdoruesit
User Select Document Type,Lloji i Dokumentit i Zgjedhur nga Përdoruesi
User Type Module,Moduli i Llojit të Përdoruesit
User does not exist.,Përdoruesi nuk ekziston.
User does not have permission to create the new {0},Përdoruesi nuk ka leje për të krijuar {0}-in e ri
User is disabled,Përdoruesi është i çaktivizuar
User with email address {0} does not exist,Përdoruesi me adresë emaili {0} nuk ekziston
User with email: {0} does not exist in the system. Please ask 'System Administrator' to create the user for you.,"Përdoruesi me email: {0} nuk ekziston në sistem. Ju lutemi, kërkoni nga 'Administratori i Sistemit' që ta krijojë përdoruesin për ju."
User {0} does not have the permission to create a Workspace.,Përdoruesi {0} nuk ka leje për të krijuar një Hapësirë ​​Pune.
User {0} impersonated as {1},Përdoruesi {0} u imitua si {1}
User {0} is disabled. Please contact your System Manager.,Përdoruesi {0} është i çaktivizuar. Ju lutemi kontaktoni Menaxherin e Sistemit tuaj.
User {0} is not permitted to access this document.,Përdoruesi {0} nuk lejohet të hyjë në këtë dokument.
User {0}: Removed Employee Self Service role as there is no mapped employee.,Përdoruesi {0}: Roli i Vetëshërbimit të Punonjësit u hoq pasi nuk ka asnjë punonjës të hartuar.
User {0}: Removed Employee role as there is no mapped employee.,Përdoruesi {0}: Roli i Punonjësit u hoq pasi nuk ka asnjë punonjës të hartuar.
Userinfo URI,URI i informacionit të përdoruesit
Users are only able to delete attached files if the document is either in draft or if the document is canceled and they are also able to delete the document.,Përdoruesit mund të fshijnë skedarët e bashkëngjitur vetëm nëse dokumenti është në draft ose nëse dokumenti është anuluar dhe ata gjithashtu mund ta fshijnë dokumentin.
Users can enable the checkbox If they want to adjust the incoming rate (set using purchase receipt) based on the purchase invoice rate.,Përdoruesit mund ta aktivizojnë kutinë e kontrollit nëse duan të rregullojnë tarifën hyrëse (të vendosur duke përdorur faturën e blerjes) bazuar në tarifën e faturës së blerjes.
Users with this role are allowed to over bill above the allowance percentage,Përdoruesve me këtë rol u lejohet të faturojnë më shumë se përqindja e lejuar
Users with this role are allowed to over deliver/receive against orders above the allowance percentage,Përdoruesve me këtë rol u lejohet të dorëzojnë/marrin më shumë seç duhet porositë kundrejt përqindjes së lejuar.
Uses system's theme to switch between light and dark mode,Përdor temën e sistemit për të kaluar midis modalitetit të ndriçuar dhe të errët
Using negative stock disables FIFO/Moving average valuation when inventory is negative.,Përdorimi i stokut negativ çaktivizon vlerësimin FIFO/mesataren lëvizëse kur inventari është negativ.
Utilization,Shfrytëzimi
Utilization %,% E shfrytëzimit
VAT Accounts,Llogaritë e TVSH-së
VAT Amount (AED),Shuma e TVSH-së (AED)
VAT Audit Report,Raporti i Auditimit të TVSH-së
VAT on Expenses and All Other Inputs,TVSH mbi Shpenzimet dhe të Gjitha Inputet e Tjera
VAT on Sales and All Other Outputs,TVSH mbi Shitjet dhe të Gjitha Prodhimet e Tjera
Valid From must be after {0} as last GL Entry against the cost center {1} posted on this date,Data e vlefshme nga duhet të jetë pas {0} si Hyrja e fundit GL kundrejt qendrës së kostos {1} e postuar në këtë datë
Validate Components and Quantities Per BOM,Validoni Komponentët dhe Sasitë për BOM
Validate Negative Stock,Validoni Stokun Negativ
Validate Pricing Rule,Validoni Rregullin e Çmimeve
Validate Stock on Save,Validoni Stokun në Ruaj
Valuation (I - K),Vlerësimi (I - K)
Valuation Field Type,Lloji i fushës së vlerësimit
Valuation Rate (In / Out),Shkalla e Vlerësimit (Hyrje / Dalje)
Valuation rate for customer provided items has been set to zero.,Shkalla e vlerësimit për artikujt e ofruar nga klienti është vendosur në zero.
Valuation rate for the item as per Sales Invoice (Only for Internal Transfers),Shkalla e vlerësimit për artikullin sipas Faturës së Shitjes (Vetëm për Transfertat e Brendshme)
Value (G - D),Vlera (G - D)
Value ({0}),Vlera ({0})
Value Based Inspection,Inspektim i Bazuar në Vlerë
Value Details,Detajet e Vlerës
Value as on,Vlera si më
Value of Goods,Vlera e mallrave
Value of New Capitalized Asset,Vlera e Asetit të Ri të Kapitalizuar
Value of New Purchase,Vlera e blerjes së re
Value of Scrapped Asset,Vlera e Asetit të Skrapuar
Value of Sold Asset,Vlera e Asetit të Shitur
Value of goods cannot be 0,Vlera e mallrave nuk mund të jetë 0
Verification failed please check the link,"Verifikimi dështoi, ju lutemi kontrolloni lidhjen"
Via Landed Cost Voucher,Nëpërmjet Kuponit të Kostos së Ulur
View BOM Update Log,Shiko Regjistrin e Përditësimeve të BOM-it
View Blog Post,Shiko Postimin e Blogut
View Exchange Gain/Loss Journals,Shikoni Ditarët e Fitimit/Humbjes së Bursës
View File,Shiko skedarin
View General Ledger,Shiko Librin Kryesor
View Ledgers,Shiko Llogaritë
View Switcher,Ndërruesi i pamjeve
View your response,Shikoni përgjigjen tuaj
Virtual,Virtual
Virtual DocType {} requires a static method called {} found {},Virtual DocType {} kërkon një metodë statike të quajtur {} u gjet {}
Virtual DocType {} requires overriding an instance method called {} found {},Virtual DocType {} kërkon mbivendosjen e një metode instance të quajtur {} u gjet {}
Visibility,Dukshmëria
Visible to website/portal users.,I dukshëm për përdoruesit e faqes së internetit/portalit.
Visitor ID,ID e vizitorit
Visual Plant Floor,Dyshemeja Vizuale e Bimëve
Voice Call Settings,Cilësimet e thirrjeve zanore
Voucher,Kupon
Voucher Name,Emri i kuponit
Voucher No is mandatory,Numri i kuponit është i detyrueshëm
Voucher Qty,Sasia e kuponit
Voucher Subtype,Nënlloji i kuponit
Voucher {0} is over-allocated by {1},Kuponi {0} është mbindarë nga {1}
Voucher-wise Balance,Bilanci sipas kuponave
WARNING: Exotel app has been separated from ERPNext,KUJDES: Aplikacioni Exotel është ndarë nga ERPNext
WIP Composite Asset,Aset i Përbërë WIP
Waiting for payment...,Duke pritur për pagesën...
Want to discuss?,Dëshironi të diskutoni?
Warehouse Capacity Summary,Përmbledhje e Kapacitetit të Magazinimit
Warehouse Capacity for Item '{0}' must be greater than the existing stock level of {1} {2}.,Kapaciteti i magazinës për artikullin '{0}' duhet të jetë më i madh se niveli ekzistues i stokut të {1} {2}.
Warehouse Details,Detajet e Magazinës
Warehouse Disabled?,Depo e çaktivizuar?
Warehouse Settings,Cilësimet e Magazinës
Warehouse Wise Stock Balance,Bilanci i Stokut i Magazinimit sipas Mençurisë
Warehouse {0} does not belong to Company {1}.,Magazina {0} nuk i përket Kompanisë {1}.
Warehouse {0} is not linked to any account,Magazina {0} nuk është e lidhur me asnjë llogari
Warehouse's Stock Value has already been booked in the following accounts:,Vlera e Stokut të Magazinës është regjistruar tashmë në llogaritë e mëposhtme:
Warning - Row {0}: Billing Hours are more than Actual Hours,Paralajmërim - Rreshti {0}: Orët e faturimit janë më të larta se Orët aktuale
Warning on Negative Stock,Paralajmërim për aksione negative
Warning!,Kujdes!
Warning: DATA LOSS IMMINENT! Proceeding will permanently delete following database columns from doctype {0}:,"Paralajmërim: HUMBJA E TË DHËNAVE ËSHTË E AFATSHME! Nëse vazhdoni, kolonat e mëposhtme të bazës së të dhënave nga lloji i dokumentit {0} do të fshihen përgjithmonë:"
Warning: Updating counter may lead to document name conflicts if not done properly,Kujdes: Përditësimi i numëruesit mund të çojë në konflikte të emrave të dokumenteve nëse nuk bëhet siç duhet.
Watch Tutorial,Shikoni Tutorialin
We do not allow editing of this document. Simply click the Edit button on the workspace page to make your workspace editable and customize it as you wish,Ne nuk lejojmë redaktimin e këtij dokumenti. Thjesht klikoni butonin Redakto në faqen e hapësirës së punës për ta bërë hapësirën tuaj të punës të redaktueshme dhe për ta personalizuar atë sipas dëshirës.
We've received your query!,Ne e kemi marrë pyetjen tuaj!
Weak,I dobët
Web Form List Column,Kolona e Listës së Formularëve të Uebit
Web Page URL,URL-ja e faqes së internetit
Web Template is not specified,Shablloni i uebit nuk është specifikuar
Webhook Request Log,Regjistri i kërkesave të Webhook-ut
Website Search Field,Fusha e Kërkimit të Faqes së Internetit
Website Search Field must be a valid fieldname,Fusha e Kërkimit të Uebfaqes duhet të jetë një emër fushe i vlefshëm
Website Theme image link,Lidhja e imazhit të temës së faqes së internetit
Websocket,Websocket
Week {0} {1},Java {0} {1}
Weekly Time to send,Koha javore për të dërguar
Weight (kg),Pesha (kg)
Welcome,Mirë se vini
Welcome URL,URL-ja e mirëseardhjes
Welcome Workspace,Hapësira e Punës së Mirëseardhjes
What's New,Çfarë ka të re
When a parent warehouse is chosen,Kur zgjidhet një depo mëmë
When creating an Item,Kur krijoni një artikull
When sending document using email,Kur dërgoni dokumente duke përdorur email
When uploading files,Kur ngarkoni skedarë
While making Purchase Invoice from Purchase Order,Gjatë hartimit të faturës së blerjes nga porosia e blerjes
Width (cm),Gjerësia (cm)
Will run scheduled jobs only once a day for inactive sites. Set it to 0 to avoid automatically disabling the scheduler.,Do të ekzekutojë punët e planifikuara vetëm një herë në ditë për faqet joaktive. Vendoseni në 0 për të shmangur çaktivizimin automatik të planifikuesit.
With Period Closing Entry For Opening Balances,Me Hyrje në Mbylljen e Periudhës për Bilancet Hapëse
Withdrawal,Tërheqje
Work Order / Subcontract PO,Urdhër Pune / Nënkontratë PO
Work Order Consumed Materials,Materialet e konsumuara të porosisë së punës
Worker Information,Informacion mbi Punëtorët
Worker Name,Emri i punëtorit
Workflow Action Permitted Role,Veprimi i rrjedhës së punës Roli i lejuar
Workflow Builder,Ndërtuesi i rrjedhës së punës
Workflow Builder ID,ID-ja e Ndërtuesit të Fluksit të Punës
Workflow Builder allows you to create workflows visually. You can drag and drop states and link them to create transitions. Also you can update thieir properties from the sidebar.,"Ndërtuesi i rrjedhës së punës ju lejon të krijoni rrjedha pune vizualisht. Mund të tërhiqni dhe lëshoni gjendjet dhe t'i lidhni ato për të krijuar tranzicione. Gjithashtu, mund t'i përditësoni vetitë e tyre nga shiriti anësor."
Workflow Data,Të dhënat e rrjedhës së punës
Workflow Details,Detajet e rrjedhës së punës
Workflow updated successfully,Fluksi i punës u përditësua me sukses
Workspace,Hapësira e punës
Workspace <b>{0}</b> does not exist,Hapësira e punës <b>{0}</b> nuk ekziston
Workspace Chart,Grafiku i Hapësirës së Punës
Workspace Custom Block,Bllok i Personalizuar i Hapësirës së Punës
Workspace Link,Lidhja e Hapësirës së Punës
Workspace Manager,Menaxheri i Hapësirës së Punës
Workspace Number Card,Karta e Numrit të Hapësirës së Punës
Workspace Quick List,Lista e Shpejtë e Hapësirës së Punës
Workspace Shortcut,Shkurtorja e Hapësirës së Punës
Workspace not found,Hapësira e punës nuk u gjet
Workspace {0} Created Successfully,Hapësira e punës {0} u krijua me sukses
Workspace {0} Deleted Successfully,Hapësira e punës {0} u fshi me sukses
Workspace {0} Edited Successfully,Hapësira e punës {0} u modifikua me sukses
Workspaces,Hapësirat e punës
Workstation Dashboard,Paneli i Stacionit të Punës
Workstation Status,Statusi i stacionit të punës
Workstation Type,Lloji i stacionit të punës
Workstations,Stacione pune
Would you like to publish this comment? This means it will become visible to website/portal users.,Dëshironi ta publikoni këtë koment? Kjo do të thotë se do të bëhet i dukshëm për përdoruesit e faqes së internetit/portalit.
Would you like to unpublish this comment? This means it will no longer be visible to website/portal users.,Dëshironi ta çpublikoni këtë koment? Kjo do të thotë se nuk do të jetë më i dukshëm për përdoruesit e faqes së internetit/portalit.
Write Off Limit,Limiti i Shkrimit të Papërdorur
Wrong Company,Kompania e gabuar
Wrong Template,Shabllon i gabuar
You Liked,Ju pëlqeu
You are impersonating as another user.,Po imiton veten si një përdorues tjetër.
You are importing data for the code list:,Po importoni të dhëna për listën e kodeve:
You are not allowed to access this resource,Nuk lejoheni të hyni në këtë burim
You are not allowed to access this {0} record because it is linked to {1} '{2}' in row {3},Nuk lejoheni të hyni në këtë regjistrim {0} sepse është i lidhur me {1} '{2}' në rreshtin {3}
You are not allowed to edit the report.,Nuk lejoheni ta modifikoni raportin.
You are not authorized to make/edit Stock Transactions for Item {0} under warehouse {1} before this time.,Ju nuk jeni i autorizuar të kryeni/modifikoni Transaksionet e Stokut për Artikullin {0} në magazinën {1} para kësaj kohe.
You are not permitted to access this page without login.,Nuk lejoheni të hyni në këtë faqe pa u identifikuar.
You are not permitted to access this resource. Login to access,Nuk lejoheni të hyni në këtë burim. Kyçuni për të hyrë
You are only allowed to update order,Ju lejohet vetëm të përditësoni porosinë
You are picking more than required quantity for the item {0}. Check if there is any other pick list created for the sales order {1}.,Po zgjidhni më shumë se sasia e kërkuar për artikullin {0}. Kontrolloni nëse është krijuar ndonjë listë tjetër përzgjedhjeje për porosinë e shitjes {1}.
You are selecting Sync Option as ALL,Po zgjidhni Opsionin e Sinkronizimit si TË GJITHA
You attached {0},Ju bashkëngjitët {0}
You can add the original invoice {} manually to proceed.,Mund ta shtoni faturën origjinale {} manualisht për të vazhduar.
You can also access wkhtmltopdf variables (valid only in PDF print):,Gjithashtu mund të qaseni në variablat wkhtmltopdf (të vlefshme vetëm në formatin PDF të printuar):
You can also copy-paste following link in your browser,Gjithashtu mund të kopjoni dhe ngjisni lidhjen e mëposhtme në shfletuesin tuaj
You can ask your team to resend the invitation if you'd still like to join.,Mund t'i kërkosh ekipit tënd ta ridërgojë ftesën nëse dëshiron ende të bashkohesh.
You can change the retention policy from {0}.,Mund ta ndryshoni politikën e ruajtjes nga {0}.
You can continue with the onboarding after exploring this page,Mund të vazhdoni me procesin e integrimit pasi të eksploroni këtë faqe
You can disable this {0} instead of deleting it.,Mund ta çaktivizosh këtë {0} në vend që ta fshish.
You can increase the limit from System Settings.,Mund ta rrisni limitin nga Cilësimet e Sistemit.
You can manually remove the lock if you think it's safe: {},Mund ta hiqni manualisht drynin nëse mendoni se është i sigurt: {}
You can only insert images in Markdown fields,Mund të futësh vetëm imazhe në fushat Markdown
You can only print upto {0} documents at a time,Mund të printosh vetëm deri në {0} dokumente në të njëjtën kohë
You can only set the 3 custom doctypes in the Document Types table.,Mund të caktoni vetëm 3 lloje dokumentesh të personalizuara në tabelën Llojet e Dokumenteve.
You can only upload JPG,Mund të ngarkosh vetëm JPG
You can set a high value here if multiple users will be logging in from the same network.,Mund të caktoni një vlerë të lartë këtu nëse do të hyjnë shumë përdorues nga i njëjti rrjet.
You can set it as a machine name or operation type. For example,Mund ta caktoni si emër makine ose lloj operacioni. Për shembull
You can't make any changes to Job Card since Work Order is closed.,Nuk mund të bësh asnjë ndryshim në Kartën e Punës pasi Urdhri i Punës është mbyllur.
You can't process the serial number {0} as it has already been used in the SABB {1}. {2} if you want to inward same serial number multiple times then enabled 'Allow existing Serial No to be Manufactured/Received again' in the {3},"Nuk mund ta përpunoni numrin serial {0} pasi ai është përdorur tashmë në SABB {1}. {2} nëse doni të futni të njëjtin numër serial disa herë, atëherë aktivizoni 'Lejo që numri serial ekzistues të prodhohet/pranohet përsëri' në {3}"
You can't redeem Loyalty Points having more value than the Total Amount.,Nuk mund të shpengosh Pikë Besnikërie që kanë vlerë më të madhe se Shuma Totale.
You cancelled this document,Ju e anuluat këtë dokument
You cancelled this document {1},Ju e anuluat këtë dokument {1}
You cannot change the rate if BOM is mentioned against any Item.,Ju nuk mund ta ndryshoni normën nëse BOM përmendet për ndonjë artikull.
You cannot create a {0} within the closed Accounting Period {1},Nuk mund të krijoni një {0} brenda Periudhës Kontabël të Mbyllur {1}
You cannot create/amend any accounting entries till this date.,Ju nuk mund të krijoni/ndryshoni asnjë regjistrim kontabël deri në këtë datë.
You cannot enable both the settings '{0}' and '{1}'.,Nuk mund t'i aktivizosh të dyja cilësimet '{0}' dhe '{1}'.
You cannot repost item valuation before {},Nuk mund të ripostosh vlerësimin e artikullit përpara {}
You cannot {0} this document because another Period Closing Entry {1} exists after {2},Nuk mund ta {0} këtë dokument sepse ekziston një Hyrje tjetër e Mbylljes së Periudhës {1} pas {2}
You changed the value of {0},Ju ndryshuat vlerën e {0}
You changed the value of {0} {1},Ju ndryshuat vlerën e {0} {1}
You changed the values for {0},Ju ndryshuat vlerat për {0}
You changed the values for {0} {1},Ju ndryshuat vlerat për {0} {1}
You changed {0} to {1},Ju e ndryshuat {0} në {1}
You created this,Ju e krijuat këtë
You created this document {0},Ju e krijuat këtë dokument {0}
You do not have Read or Select Permissions for {},Nuk keni leje leximi ose përzgjedhjeje për {}
You do not have permission to access {0}: {1}.,Nuk keni leje për të hyrë në {0}: {1}.
You don't have permission to access the {0} DocType.,Nuk ke leje për të hyrë në {0} DocType.
You have enabled {0} and {1} in {2}. This can lead to prices from the default price list being inserted in the transaction price list.,Ju keni aktivizuar {0} dhe {1} në {2}. Kjo mund të çojë në futjen e çmimeve nga lista e çmimeve të parazgjedhura në listën e çmimeve të transaksionit.
You have enabled {0} and {1} in {2}. This can lead to prices from the default price list being inserted into the transaction price list.,Ju keni aktivizuar {0} dhe {1} në {2}. Kjo mund të çojë në futjen e çmimeve nga lista e çmimeve të parazgjedhura në listën e çmimeve të transaksionit.
You have entered a duplicate Delivery Note on Row,Ju keni futur një Shënim Dorëzimi të dyfishtë në Rresht
You have hit the row size limit on database table: {0},Ke arritur limitin e madhësisë së rreshtit në tabelën e bazës së të dhënave: {0}
You have not entered a value. The field will be set to empty.,Nuk ke futur një vlerë. Fusha do të caktohet bosh.
You have received a ❤️ like on your blog post,Ke marrë një ❤️ pëlqim në postimin tënd në blog
You have to enable Two Factor Auth from System Settings.,Duhet të aktivizosh Autorizimin me Dy Faktorë nga Cilësimet e Sistemit.
You have unseen notifications,Ke njoftime të papara
You haven't created a {0} yet,Ju nuk keni krijuar ende një {0}
You hit the rate limit because of too many requests. Please try after sometime.,Ke arritur limitin e tarifës për shkak të shumë kërkesave. Provo më vonë.
You last edited this,Ju e keni modifikuar këtë për herë të fundit
You must add atleast one link.,Duhet të shtoni të paktën një lidhje.
You must be logged in to use this form.,Duhet të jeni i kyçur për të përdorur këtë formular.
You need the '{0}' permission on {1} {2} to perform this action.,Ju nevojitet leja '{0}' në {1} {2} për të kryer këtë veprim.
You need to be Workspace Manager to delete a public workspace.,Duhet të jesh Menaxher i Hapësirës së Punës për të fshirë një hapësirë ​​pune publike.
You need to be Workspace Manager to edit this document,Duhet të jesh Menaxher i Hapësirës së Punës për të modifikuar këtë dokument
You need to cancel POS Closing Entry {} to be able to cancel this document.,Duhet të anuloni Hyrjen e Mbylljes së POS {} për të qenë në gjendje të anuloni këtë dokument.
You need to select indexes you want to add first.,Së pari duhet të zgjidhni indekset që dëshironi të shtoni.
You need to set one IMAP folder for {0},Duhet të caktosh një dosje IMAP për {0}
You need write permission on {0} {1} to merge,Ju nevojitet leje shkrimi në {0} {1} për të bashkuar
You need write permission on {0} {1} to rename,Ju nevojitet leje shkrimi në {0} {1} për të riemërtuar
You need {0} permission to fetch values from {1} {2},Ju nevojitet leja e {0} për të marrë vlera nga {1} {2}
You removed attachment {0},Ju hoqët bashkëngjitjen {0}
You seem to have written your name instead of your email. Please enter a valid email address so that we can get back.,Me sa duket ke shkruar emrin tënd në vend të email-it. Të lutem fut një adresë të vlefshme email-i në mënyrë që të mund të të kontaktojmë.
You submitted this document,Ju e dorëzuat këtë dokument
You submitted this document {0},Ju e dorëzuat këtë dokument {0}
You viewed this,E keni parë këtë
You've been invited to join {0},Je ftuar të bashkohesh me {0}
You've been invited to join {0}.,Je ftuar të bashkohesh me {0}.
You've logged in as another user from another tab. Refresh this page to continue using system.,Je identifikuar si një përdorues tjetër nga një skedë tjetër. Rifresko këtë faqe për të vazhduar përdorimin e sistemit.
Your CSV file is being generated and will appear in the Attachments section once ready. Additionally,"Skedari juaj CSV po gjenerohet dhe do të shfaqet në seksionin e Bashkëngjitjeve sapo të jetë gati. Për më tepër,"
Your Name (required),Emri juaj (i detyrueshëm)
Your PDF is ready for download,PDF-ja juaj është gati për shkarkim
Your account has been deleted,Llogaria juaj është fshirë
Your browser does not support the audio element.,Shfletuesi juaj nuk e mbështet elementin audio.
Your browser does not support the video element.,Shfletuesi juaj nuk e mbështet elementin video.
Your email has been verified and your appointment has been scheduled,Email-i juaj është verifikuar dhe takimi juaj është caktuar
Your exported report: {0},Raporti juaj i eksportuar: {0}
Your form has been successfully updated,Formulari juaj është përditësuar me sukses
Your invitation to join {0} has been cancelled by the site administrator.,Ftesa juaj për t'u bashkuar me {0} është anuluar nga administratori i faqes.
Your invitation to join {0} has expired.,Ftesa juaj për t'u bashkuar me {0} ka skaduar.
Your new password has been set successfully.,Fjalëkalimi juaj i ri është vendosur me sukses.
Your old password is incorrect.,Fjalëkalimi juaj i vjetër është i pasaktë.
Your report is being generated in the background. You will receive an email on {0} with a download link once it is ready.,Raporti juaj po gjenerohet në sfond. Do të merrni një email në {0} me një lidhje shkarkimi pasi të jetë gati.
Your site is undergoing maintenance or being updated.,Faqja juaj po i nënshtrohet mirëmbajtjes ose përditësimit.
Your verification code is {0},Kodi juaj i verifikimit është {0}
Zero Balance,Bilanci Zero
Zero Rated,Zero Vlerësim
Zero quantity,Sasi zero
[Action taken by {0}],[Veprimi i ndërmarrë nga {0}]
\u2190 Back to upload files,\u2190 Kthehu te ngarkimi i skedarëve
`Allow Negative rates for Items`,`Lejo norma negative për artikujt`
`as_iterator` only works with `as_list=True` or `as_dict=True`,`as_iterator` funksionon vetëm me `as_list=True` ose `as_dict=True`
`job_id` paramater is required for deduplication.,Parametri `job_id` kërkohet për heqjen e dyfishimit.
added rows for {0},rreshta të shtuar për {0}
amend,ndryshoj
as Code,si Kod
as Description,si Përshkrim
as Title,si Titull
as a percentage of finished item quantity,si përqindje e sasisë së artikullit të përfunduar
ascending,ngjitje
at,në
by {},nga {}
cProfile Output,Dalja e Profilit të Kryqit
cancel,anulo
canceled,anuluar
commented,komentoi
create,krijoj
cyan,cian
d,d
dated {0},datë {0}
default,parazgjedhur
deferred,i shtyrë
delete,fshij
descending,duke zbritur
description,përshkrim
discount applied,zbritja u aplikua
doc_type,lloji_i_doc-it
doctype,doktipi
exchangerate.host,exchangerate.host
export,eksport
failed,dështoi
fieldname,emri i fushës
finished,mbaruar
frankfurter.app,frankfurter.app
gray,gri
grey,gri
gzip not found in PATH! This is required to take a backup.,gzip nuk u gjet në PATH! Kjo është e nevojshme për të bërë një kopje rezervë.
h,orë
import,import
is already,është tashmë
jane@example.com,jane@example.com
label,etiketë
light-blue,blu e çelët
login_required,hyrje_e_kërkuar
long,i gjatë
m,m
min read,minuta leximi
must be between 0 and 100,duhet të jetë midis 0 dhe 100
nonce,rastësisht
notified,njoftuar
or its descendants,ose pasardhësit e tij
out of 5,nga 5
payments app is not installed. Please install it from {0} or {1},Aplikacioni i pagesave nuk është instaluar. Ju lutemi instalojeni nga {0} ose {1}
payments app is not installed. Please install it from {} or {},Aplikacioni i pagesave nuk është instaluar. Ju lutemi instalojeni nga {} ose {}
performing either one below:,duke kryer njërën nga këto më poshtë:
pink,rozë
plain,i thjeshtë
print-format-builder-beta,ndërtuesi-i-formatit-të-printimit-beta
processlist,listë procesesh
product bundle item row's name in sales order. Also indicates that picked item is to be used for a product bundle,emri i rreshtit të artikullit të paketës së produkteve në porosinë e shitjes. Gjithashtu tregon që artikulli i zgjedhur do të përdoret për një paketë produktesh.
queued,në radhë
quotation_item,artikull_kuotimi
ratings,vlerësimet
read,lexoj
removed rows for {0},rreshtat e hequr për {0}
report,raport
s,s
s256,s256
scheduled,planifikuar
select,zgjidh
short,i shkurtër
spill,derdhje
started,filloi
starting the setup...,duke filluar konfigurimin...
string value,vlera e vargut
string value,vlera e vargut
string value,vlera e vargut
submit,dorëzoj
subscription is already cancelled.,abonimi është anuluar tashmë.
target_ref_field,fusha_e_ref_target-it
temporary name,emër i përkohshëm
this form,kjo formë
this shouldn't break,kjo nuk duhet të prishet
to unallocate the amount of this Return Invoice before cancelling it.,për të ç'alokuar shumën e kësaj Fature Kthimi përpara se ta anuloni atë.
up to,deri në
variance,ndryshim
version_table,tabela e versionit
via Auto Repeat,nëpërmjet Përsëritjes Automatike
via BOM Update Tool,nëpërmjet Mjetit të Përditësimit të BOM-it
via Google Meet,nëpërmjet Google Meet
wants to access the following details from your account,dëshiron të hyjë në detajet e mëposhtme nga llogaria juaj
when clicked on element it will focus popover if present.,"Kur klikohet mbi elementin, ai do të fokusohet në popover nëse është i pranishëm."
will be,do të jetë
wkhtmltopdf,wkhtmltopdf
wkhtmltopdf 0.12.x (with patched qt).,wkhtmltopdf 0.12.x (me qt të patched).
write,shkruaj
{0},{0}
"{0} ${skip_list ? """" : type}","{0} ${skip_list ? """" : type}"
{0} ${type},{0} ${type}
{0} ({1}),{0} ({1})
{0} ({1}) - {2}%,{0} ({1}) - {2}%
{0} <b>{1}</b> has submitted Assets. Remove Item <b>{2}</b> from table to continue.,{0} <b>{1}</b> ka paraqitur Asete. Hiqni Artikullin <b>{2}</b> nga tabela për të vazhduar.
{0} = {1},{0} = {1}
{0} Account not found against Customer {1}.,{0} Nuk u gjet llogari për klientin {1}.
{0} Account: {1} ({2}) must be in either customer billing currency: {3} or Company default currency: {4},{0} Llogaria: {1} ({2}) duhet të jetë në monedhën e faturimit të klientit: {3} ose në monedhën e parazgjedhur të kompanisë: {4}
{0} Budget for Account {1} against {2} {3} is {4}. It {5} exceed by {6},Buxheti për llogarinë {1} kundrejt {2} {3} është {4}. Ai {5} tejkalon me {6}
{0} Liked,{0} Pëlqyer
{0} Map,{0} Hartë
{0} Not allowed to change {1} after submission from {2} to {3},{0} Nuk lejohet të ndryshohet {1} pas dorëzimit nga {2} në {3}
{0} Transaction(s) Reconciled,{0} Transaksion(e) të Pajtuara
{0} Workspace,{0} Hapësira e punës
{0} account is not of type {1},Llogaria {0} nuk është e tipit {1}
{0} account not found while submitting purchase receipt,Llogaria {0} nuk u gjet gjatë dorëzimit të faturës së blerjes
{0} appreciation point for {1},{0} pikë vlerësimi për {1}
{0} appreciation points for {1},{0} pikë vlerësimi për {1}
{0} attached {1},{0} bashkëngjitur {1}
{0} can not be more than {1},{0} nuk mund të jetë më shumë se {1}
{0} cancelled this document,{0} e anuloi këtë dokument
{0} cancelled this document {1},{0} e anuloi këtë dokument {1}
{0} cannot be amended because it is not cancelled. Please cancel the document before creating an amendment.,{0} nuk mund të ndryshohet sepse nuk është anuluar. Ju lutemi anuloni dokumentin përpara se të krijoni një ndryshim.
{0} cannot be hidden and mandatory without any default value,{0} nuk mund të fshihet dhe është i detyrueshëm pa ndonjë vlerë të paracaktuar
{0} cannot be used as a Main Cost Center because it has been used as child in Cost Center Allocation {1},{0} nuk mund të përdoret si Qendër Kryesore e Kostos sepse është përdorur si degë në Alokimin e Qendrës së Kostos {1}
{0} cannot be zero,{0} nuk mund të jetë zero
{0} changed the value of {1},{0} ndryshoi vlerën e {1}
{0} changed the value of {1} {2},{0} ndryshoi vlerën e {1} {2}
{0} changed the values for {1},{0} ndryshoi vlerat për {1}
{0} changed the values for {1} {2},{0} ndryshoi vlerat për {1} {2}
{0} changed {1} to {2},{0} ndryshoi {1} në {2}
{0} contains an invalid Fetch From expression,{0} përmban një shprehje të pavlefshme Fetch From
{0} created this,{0} e krijoi këtë
{0} created this document {1},{0} krijoi këtë dokument {1}
{0} criticism point for {1},{0} pikë kritike për {1}
{0} criticism points for {1},{0} pika kritike për {1}
{0} currency must be same as company's default currency. Please select another account.,Monedha {0} duhet të jetë e njëjtë me monedhën e parazgjedhur të kompanisë. Ju lutemi zgjidhni një llogari tjetër.
{0} entered twice {1} in Item Taxes,{0} u fut dy herë {1} në Taksat e Artikullit
{0} format could not be determined from the values in this column. Defaulting to {1}.,Formati {0} nuk mund të përcaktohet nga vlerat në këtë kolonë. Parazgjedhja është {1}.
{0} from {1} to {2},{0} nga {1} në {2}
{0} from {1} to {2} in row #{3},{0} nga {1} në {2} në rreshtin #{3}
{0} gained {1} points,{0} fitoi {1} pikë
{0} gave {1} points,{0} dha {1} pikë
{0} has Payment Term based allocation enabled. Select a Payment Term for Row #{1} in Payment References section,{0} ka aktivizuar ndarjen bazuar në Afatin e Pagesës. Zgjidhni një Afat Pagese për Rreshtin #{1} në seksionin Referencat e Pagesës
{0} if you are not redirected within {1} seconds,{0} nëse nuk ridrejtoheni brenda {1} sekondave
{0} is a mandatory Accounting Dimension. <br>Please set a value for {0} in Accounting Dimensions section.,{0} është një Dimension i detyrueshëm i Kontabilitetit. <br>Ju lutemi vendosni një vlerë për {0} në seksionin e Dimensioneve të Kontabilitetit.
{0} is a mandatory field.,{0} është një fushë e detyrueshme.
{0} is a not a valid zip file,{0} nuk është një skedar zip i vlefshëm
{0} is added multiple times on rows: {1},{0} shtohet disa herë në rreshta: {1}
{0} is already running for {1},{0} është tashmë në punë për {1}
{0} is between {1} and {2},{0} është midis {1} dhe {2}
{0} is equal to {1},{0} është e barabartë me {1}
{0} is greater than or equal to {1},{0} është më e madhe ose e barabartë me {1}
{0} is greater than {1},{0} është më i madh se {1}
{0} is less than or equal to {1},{0} është më e vogël ose e barabartë me {1}
{0} is less than {1},{0} është më pak se {1}
{0} is like {1},{0} është si {1}
{0} is mandatory for account {1},{0} është i detyrueshëm për llogarinë {1}
{0} is not a field of doctype {1},{0} nuk është një fushë e tipit doc {1}
{0} is not a valid Calendar. Redirecting to default Calendar.,{0} nuk është një Kalendar i vlefshëm. Po ridrejtohet te Kalendar i parazgjedhur.
{0} is not a valid Cron expression.,{0} nuk është një shprehje e vlefshme Cron.
{0} is not a valid parent DocType for {1},{0} nuk është një DocType prind i vlefshëm për {1}
{0} is not a valid parentfield for {1},{0} nuk është një fushë prindërore e vlefshme për {1}
{0} is not a zip file,{0} nuk është një skedar zip
{0} is not an allowed role for {1},{0} nuk është një rol i lejuar për {1}
{0} is not equal to {1},{0} nuk është e barabartë me {1}
{0} is not like {1},{0} nuk është si {1}
{0} is not one of {1},{0} nuk është një nga {1}
{0} is not running. Cannot trigger events for this Document,{0} nuk është duke u ekzekutuar. Nuk mund të aktivizohen ngjarje për këtë dokument
{0} is not set,{0} nuk është vendosur
{0} is one of {1},{0} është një nga {1}
{0} is set,{0} është vendosur
{0} is still in Draft. Please submit it before saving the Asset.,{0} është ende në Draft. Ju lutemi ta dorëzoni atë përpara se të ruani Asetin.
{0} is within {1},{0} është brenda {1}
{0} items lost during process.,{0} artikuj të humbur gjatë procesit.
{0} just impersonated as you. They gave this reason: {1},{0} sapo u imitua si ju. Ata dhanë këtë arsye: {1}
{0} last edited this,{0} e modifikoi për herë të fundit këtë
{0} must be beginning with '{1}',{0} duhet të fillojë me '{1}'
{0} must be equal to '{1}',{0} duhet të jetë e barabartë me '{1}'
{0} must be none of {1},{0} nuk duhet të jetë asnjë nga {1}
{0} must be {1} {2},{0} duhet të jetë {1} {2}
{0} must begin and end with a letter and can only contain letters,{0} duhet të fillojë dhe të mbarojë me një shkronjë dhe mund të përmbajë vetëm shkronja
{0} of {1} sent,{0} nga {1} të dërguara
{0} qty of Item {1} is being received into Warehouse {2} with capacity {3}.,Sasia e artikullit {0} {1} po pranohet në magazinën {2} me kapacitet {3}.
{0} records are not automatically deleted.,Të dhënat e {0} nuk fshihen automatikisht.
{0} records are retained for {1} days.,Të dhënat e {0} ruhen për {1} ditë.
{0} removed attachment {1},{0} hoqi bashkëngjitjen {1}
{0} removed their assignment.,{0} e hoqi detyrën e tyre.
{0} role does not have permission on any doctype,Roli {0} nuk ka leje në asnjë lloj dokumenti
{0} row #{1}:,{0} rreshti #{1}:
{0} should be indexed because it's referred in dashboard connections,{0} duhet të indeksohet sepse referohet në lidhjet e panelit të kontrollit
{0} submitted this document,{0} e dorëzoi këtë dokument
{0} submitted this document {1},{0} e dorëzoi këtë dokument {1}
{0} units are reserved for Item {1} in Warehouse {2},{0} njësi janë të rezervuara për Artikullin {1} në Magazinë {2}
{0} units of Item {1} is not available in any of the warehouses.,{0} njësi të Artikullit {1} nuk janë të disponueshme në asnjë nga depot.
{0} units of Item {1} is picked in another Pick List.,{0} njësi të Artikullit {1} janë zgjedhur në një Listë tjetër Zgjedhjeje.
{0} units of {1} are required in {2} with the inventory dimension: {3} ({4}) on {5} {6} for {7} to complete the transaction.,{0} njësi të {1} kërkohen në {2} me dimensionin e inventarit: {3} ({4}) në {5} {6} që {7} të përfundojë transaksionin.
{0} units of {1} needed in {2} on {3} {4} to complete this transaction.,Nevojiten {0} njësi të {1} në {2} më {3} {4} për të përfunduar këtë transaksion.
{0} viewed this,{0} e pa këtë
{0} will be given as discount.,{0} do të jepet si zbritje.
{0} will be set as the {1} in subsequently scanned items,{0} do të vendoset si {1} në artikujt e skanuar më pas
{0} {1},{0} {1}
{0} {1} Manually,{0} {1} Manualisht
{0} {1} Partially Reconciled,{0} {1} Pajtuar pjesërisht
{0} {1} cannot be updated. If you need to make changes,{0} {1} nuk mund të përditësohet. Nëse keni nevojë të bëni ndryshime
{0} {1} has already been fully paid.,{0} {1} është paguar tashmë plotësisht.
{0} {1} has already been partly paid. Please use the 'Get Outstanding Invoice' or the 'Get Outstanding Orders' button to get the latest outstanding amounts.,{0} {1} është paguar tashmë pjesërisht. Ju lutemi përdorni butonin 'Merr Faturën e Papaguar' ose 'Merr Porositë e Papaguara' për të marrë shumat më të fundit të papaguara.
{0} {1} is allocated twice in this Bank Transaction,{0} {1} është ndarë dy herë në këtë transaksion bankar
{0} {1} is already linked to Common Code {2}.,{0} {1} është tashmë i lidhur me Common Code {2}.
{0} {1} is not in any active Fiscal Year,{0} {1} nuk është në asnjë vit fiskal aktiv
{0} {1} is on hold,{0} {1} është në pritje
{0} {1} not allowed to be reposted. Modify {2} to enable reposting.,{0} {1} nuk lejohet të ripostohet. Modifiko {2} për të aktivizuar ripostimin.
{0} {1} via CSV File,{0} {1} nëpërmjet skedarit CSV
{0} {1}: Account {2} is a Group Account and group accounts cannot be used in transactions,{0} {1}: Llogaria {2} është një Llogari Grupi dhe llogaritë e grupit nuk mund të përdoren në transaksione
{0} {1}: Cost Center is required for 'Profit and Loss' account {2}.,{0} {1}: Qendra e Kostos është e nevojshme për llogarinë 'Fitimi dhe Humbja' {2}.
{0} {1}: Cost Center {2} is a group cost center and group cost centers cannot be used in transactions,{0} {1}: Qendra e Kostos {2} është një qendër kostoje grupore dhe qendrat e kostos grupore nuk mund të përdoren në transaksione
{0}%,{0}%
{0}% of total invoice value will be given as discount.,{0}% e vlerës totale të faturës do të jepet si zbritje.
{0}'s {1} cannot be after {2}'s Expected End Date.,{1} i {0} nuk mund të jetë pas Datës së Përfundimit të Pritur të {2}.
{0}/{1} complete | Please leave this tab open until completion.,{0}/{1} përfunduar | Ju lutemi lëreni këtë skedë të hapur deri në përfundim.
{0}: You can increase the limit for the field if required via {1},{0}: Mund ta rrisni limitin për fushën nëse është e nevojshme nëpërmjet {1}
{0}: fieldname cannot be set to reserved keyword {1},{0}: emri i fushës nuk mund të caktohet si fjalë kyçe e rezervuar {1}
{0}: {1},{0}: {1}
{0}: {1} does not belong to the Company: {2},{0}: {1} nuk i përket Kompanisë: {2}
{count} cell copied,{count} qelizë u kopjua
{count} cells copied,{count} qeliza u kopjuan
{count} row selected,{count} rresht i zgjedhur
{count} rows selected,{count} rreshta të zgjedhur
{item_name}'s Sample Size ({sample_size}) cannot be greater than the Accepted Quantity ({accepted_quantity}),Madhësia e mostrës së {item_name} ({sample_size}) nuk mund të jetë më e madhe se Sasia e Pranuar ({accepted_quantity})
{},{}
{} Invalid python code on line {},{} Kod i pavlefshëm python në rreshtin {}
{} Possibly invalid python code. <br>{},{} Kod Python ndoshta i pavlefshëm. <br>{}
{} does not support automated log clearing.,{} nuk mbështet pastrimin automatik të regjistrave.
{} field cannot be empty.,Fusha {} nuk mund të jetë bosh.
{} has been disabled. It can only be enabled if {} is checked.,{} është çaktivizuar. Mund të aktivizohet vetëm nëse {} është zgjedhur.
{} is a child company.,{} është një kompani degë.
{} not found in PATH! This is required to access the console.,{} nuk u gjet në PATH! Kjo kërkohet për të hyrë në konsolë.
{} not found in PATH! This is required to restore the database.,{} nuk u gjet në PATH! Kjo kërkohet për të rivendosur bazën e të dhënave.
{} not found in PATH! This is required to take a backup.,{} nuk u gjet në PATH! Kjo është e nevojshme për të bërë një kopje rezervë.
{} {} is already linked with another {},{} {} është tashmë i lidhur me një tjetër {}
{} {} is already linked with {} {},{} {} është tashmë i lidhur me {} {}
{} {} is not affecting bank account {},{} {} nuk po ndikon në llogarinë bankare {}
